outcome,exposure_group,exposure_type,mean,mean_exp,mean_exp_p10,q2.5,q97.5,rhat,estimate_type,restaurant_id,color_group,n_rest_in_group,rest_rank,step_size
vegetarian,mpbamod,Count,1.033979887476997,1.033979887476997,1.0033471216147567,0.9729406067754313,1.0979317635205073,1.00986550584983,Pooled,POOLED,Plant-based,18,NA,0.12
vegetarian,mpbamod,Proportion,0.9832685146039457,0.844736631918684,0.9832685146039457,0.8861940803958529,1.1016682562234936,1.02611729398468,Pooled,POOLED,Plant-based,18,NA,0.12
vegetarian,vegan,Count,1.098750783552142,1.098750783552142,1.0094618714447339,1.0434192674915328,1.1630999658480625,1.00211710872981,Pooled,POOLED,Plant-based,18,NA,0.12
vegetarian,vegan,Proportion,1.0896747825217317,2.360309774075181,1.0896747825217317,1.0294867118292232,1.1553880366285831,1.00214940861979,Pooled,POOLED,Plant-based,18,NA,0.12
vegetarian,vegetarian,Count,1.0535716203392038,1.0535716203392038,1.0052322340957858,1.0120188073191012,1.0922295545280922,1.04278265808056,Pooled,POOLED,Plant-based,18,NA,0.12
vegetarian,vegetarian,Proportion,1.0843157595263342,2.246765253704077,1.0843157595263342,1.013427347920931,1.156344313557347,1.01601935396981,Pooled,POOLED,Plant-based,18,NA,0.12
vegan,mpbamod,Count,1.0517906154744763,1.0517906154744763,1.0050621757130522,0.97750859678141,1.1394208989933616,1.0216551946903,Pooled,POOLED,Plant-based,18,NA,0.12
vegan,mpbamod,Proportion,1.0018681494943624,1.0188393290982527,1.0018681494943624,0.876871122577293,1.157124444111222,1.010702546537,Pooled,POOLED,Plant-based,18,NA,0.12
vegan,vegan,Count,1.1398723195170524,1.1398723195170524,1.0131776960919556,1.0542664399503077,1.2448952004148168,1.0050888444834,Pooled,POOLED,Plant-based,17,NA,0.12
vegan,vegan,Proportion,1.1383633662464858,3.654341352295015,1.1383633662464858,1.0275130134847288,1.250995863594386,1.00467684333929,Pooled,POOLED,Plant-based,17,NA,0.12
vegan,vegetarian,Count,1.0549328819259574,1.0549328819259574,1.0053620391364777,1.0067733415182225,1.1064149903075384,1.01591069401392,Pooled,POOLED,Plant-based,18,NA,0.12
vegan,vegetarian,Proportion,1.0313289894254458,1.3613577065436948,1.0313289894254458,0.9566219377067455,1.11454851095684,1.00386486160666,Pooled,POOLED,Plant-based,18,NA,0.12
vegetarian,mpbamod,Count,1.05,NA,1.0046327693794193,0.98,1.11,1.008786766822,Restaurant,1SQPTEGYPH0GA,Plant-based,18,1,0.12
vegetarian,mpbamod,Count,0.83,NA,0.9820484901140184,0.69,0.98,1.00225912838172,Restaurant,2HRX9P6HKXA8V,Plant-based,18,2,0.12
vegetarian,mpbamod,Count,0.91,NA,0.9910893971917152,0.84,1,1.00204164032356,Restaurant,78AY09MVJVTYE,Plant-based,18,3,0.12
vegetarian,mpbamod,Count,1.05,NA,1.0052133103561698,1.03,1.07,1.00394807978971,Restaurant,9XKJD8DQTH559,Plant-based,18,4,0.12
vegetarian,mpbamod,Count,1.04,NA,1.0043037348101311,0.93,1.17,1.00339202127266,Restaurant,C0BE4NDSW26QN,Plant-based,18,5,0.12
vegetarian,mpbamod,Count,0.91,NA,0.9908721734353116,0.85,0.98,1.00092231566852,Restaurant,CB2KHY1C2G9PT,Plant-based,18,6,0.12
vegetarian,mpbamod,Count,1.02,NA,1.0018310339262446,1,1.03,1.00924146294868,Restaurant,ED5J990H5VAZT,Plant-based,18,7,0.12
vegetarian,mpbamod,Count,1.08,NA,1.0075914817740035,0.95,1.23,1.00562554018403,Restaurant,EMBVNVD207CC6,Plant-based,18,8,0.12
vegetarian,mpbamod,Count,1.01,NA,1.000947385047831,0.98,1.05,1.00004995812083,Restaurant,JHDN7CF1C03X5,Plant-based,18,9,0.12
vegetarian,mpbamod,Count,1.12,NA,1.011078022505204,0.98,1.27,1.00076675558124,Restaurant,L69HYJ4Y3TR91,Plant-based,18,10,0.12
vegetarian,mpbamod,Count,0.97,NA,0.9967407686009737,0.89,1.05,1.00896957144368,Restaurant,LBZEEFSBJNB3Z,Plant-based,18,11,0.12
vegetarian,mpbamod,Count,1.05,NA,1.0049414656665576,0.81,1.38,1.00778562272793,Restaurant,LFZFT3VASXPED,Plant-based,18,12,0.12
vegetarian,mpbamod,Count,1.16,NA,1.0153704221387938,1,1.4,1.01216838798767,Restaurant,LQ5EH4BKGV61T,Plant-based,18,13,0.12
vegetarian,mpbamod,Count,1.05,NA,1.0044604481404549,0.9,1.21,1.02518247567533,Restaurant,S8MT0YGD2KTN9,Plant-based,18,14,0.12
vegetarian,mpbamod,Count,1.07,NA,1.0070249099152389,0.88,1.33,1.00091151859584,Restaurant,SAFK7ND1HR6XS,Plant-based,18,15,0.12
vegetarian,mpbamod,Count,1.35,NA,1.0302266014473724,1.25,1.46,1.00732882147425,Restaurant,SRQS8F7JWA9MZ,Plant-based,18,16,0.12
vegetarian,mpbamod,Count,0.97,NA,0.9970982227488951,0.93,1.01,1.01053926575522,Restaurant,V3Q26BHF3SE2H,Plant-based,18,17,0.12
vegetarian,mpbamod,Count,1.02,NA,1.001506871125712,1,1.04,1.00262183880574,Restaurant,W8T41JZK0ZMEP,Plant-based,18,18,0.12
vegetarian,mpbamod,Proportion,0.7742351283767582,NA,0.7742351283767582,0.6309573444801932,0.9366995991172014,1.00021465513208,Restaurant,1SQPTEGYPH0GA,Plant-based,18,1,0.12
vegetarian,mpbamod,Proportion,0.5829109279797514,NA,0.5829109279797514,0,0.8271973337231157,1.00518633352557,Restaurant,2HRX9P6HKXA8V,Plant-based,18,2,0.12
vegetarian,mpbamod,Proportion,0.7387723453995609,NA,0.7387723453995609,0.6309573444801932,0.9003405372962772,1.01589643222801,Restaurant,78AY09MVJVTYE,Plant-based,18,3,0.12
vegetarian,mpbamod,Proportion,1.0324410205717045,NA,1.0324410205717045,0.9292319283974861,1.145204834038768,1.00169645198406,Restaurant,9XKJD8DQTH559,Plant-based,18,4,0.12
vegetarian,mpbamod,Proportion,0.7410194071208668,NA,0.7410194071208668,0,0.9517721299086175,1.00366650407777,Restaurant,C0BE4NDSW26QN,Plant-based,18,5,0.12
vegetarian,mpbamod,Proportion,0.6963933600931096,NA,0.6963933600931096,0.6309573444801932,0.7767996097157338,1.00076976996582,Restaurant,CB2KHY1C2G9PT,Plant-based,18,6,0.12
vegetarian,mpbamod,Proportion,1.0291265542259997,NA,1.0291265542259997,1.0009955282949736,1.0593561696111744,1.00092454040866,Restaurant,ED5J990H5VAZT,Plant-based,18,7,0.12
vegetarian,mpbamod,Proportion,0.9731183883559106,NA,0.9731183883559106,0.8772762586965452,1.091947364059481,1.009014112133,Restaurant,EMBVNVD207CC6,Plant-based,18,8,0.12
vegetarian,mpbamod,Proportion,0.7164212739539793,NA,0.7164212739539793,0.6309573444801932,0.8271973337231157,1.00704639918241,Restaurant,JHDN7CF1C03X5,Plant-based,18,9,0.12
vegetarian,mpbamod,Proportion,1.174005446965135,NA,1.174005446965135,0.7943282347242815,1.7435006086450682,1.00534292984367,Restaurant,L69HYJ4Y3TR91,Plant-based,18,10,0.12
vegetarian,mpbamod,Proportion,0.6814514437904043,NA,0.6814514437904043,0,0.8950584438464527,1.00331317953106,Restaurant,LBZEEFSBJNB3Z,Plant-based,18,11,0.12
vegetarian,mpbamod,Proportion,1.4519993893062009,NA,1.4519993893062009,0.7411344491069477,3.111911751441573,1.01290466923501,Restaurant,LFZFT3VASXPED,Plant-based,18,12,0.12
vegetarian,mpbamod,Proportion,1.1971599519005722,NA,1.1971599519005722,0.9402414133840812,1.6234355500234237,1.0041183282739,Restaurant,LQ5EH4BKGV61T,Plant-based,18,13,0.12
vegetarian,mpbamod,Proportion,2.3148657598475726,NA,2.3148657598475726,1.7653358727993402,3.11424421669216,1.00122623937372,Restaurant,S8MT0YGD2KTN9,Plant-based,18,14,0.12
vegetarian,mpbamod,Proportion,1.0246528363651732,NA,1.0246528363651732,0.7411344491069477,1.4296919918698376,1.00596363803791,Restaurant,SAFK7ND1HR6XS,Plant-based,18,15,0.12
vegetarian,mpbamod,Proportion,1.3440241779697857,NA,1.3440241779697857,1.2488784453766626,1.4551245298740287,1.00415512600867,Restaurant,SRQS8F7JWA9MZ,Plant-based,18,16,0.12
vegetarian,mpbamod,Proportion,0.8874866361034884,NA,0.8874866361034884,0.8325532074018731,0.9402414133840812,1.00099416752669,Restaurant,V3Q26BHF3SE2H,Plant-based,18,17,0.12
vegetarian,mpbamod,Proportion,1.0475733417707114,NA,1.0475733417707114,0.9436670752867394,1.163593106455343,1.00658968644613,Restaurant,W8T41JZK0ZMEP,Plant-based,18,18,0.12
vegetarian,vegan,Count,1.19,NA,1.0175474138476386,1.15,1.23,1.0044797949829,Restaurant,1SQPTEGYPH0GA,Plant-based,18,1,0.12
vegetarian,vegan,Count,1.03,NA,1.0033751460922746,0.94,1.14,1.00514165605771,Restaurant,2HRX9P6HKXA8V,Plant-based,18,2,0.12
vegetarian,vegan,Count,1.01,NA,1.0009312181812065,0.98,1.04,1.00021681506207,Restaurant,78AY09MVJVTYE,Plant-based,18,3,0.12
vegetarian,vegan,Count,1.02,NA,1.0021639272487026,1.01,1.04,1.00323827022646,Restaurant,9XKJD8DQTH559,Plant-based,18,4,0.12
vegetarian,vegan,Count,1.05,NA,1.0051169707154666,1.02,1.09,1.00092937411632,Restaurant,C0BE4NDSW26QN,Plant-based,18,5,0.12
vegetarian,vegan,Count,1.05,NA,1.0053170911457923,1.03,1.08,1.00653559109703,Restaurant,CB2KHY1C2G9PT,Plant-based,18,6,0.12
vegetarian,vegan,Count,1.29,NA,1.0261265205785228,1.22,1.37,1.00089029208315,Restaurant,ED5J990H5VAZT,Plant-based,18,7,0.12
vegetarian,vegan,Count,1.21,NA,1.0191119507270747,1.08,1.36,1.00013060251271,Restaurant,EMBVNVD207CC6,Plant-based,18,8,0.12
vegetarian,vegan,Count,1.03,NA,1.002965252023136,1.01,1.05,1.000646092723,Restaurant,JHDN7CF1C03X5,Plant-based,18,9,0.12
vegetarian,vegan,Count,1.13,NA,1.0119204263241115,1.07,1.18,1.00146728854129,Restaurant,L69HYJ4Y3TR91,Plant-based,18,10,0.12
vegetarian,vegan,Count,1.06,NA,1.005389754722829,1,1.12,1.0084060735781,Restaurant,LBZEEFSBJNB3Z,Plant-based,18,11,0.12
vegetarian,vegan,Count,1.02,NA,1.0024191667181461,0.88,1.2,1.00311625352584,Restaurant,LFZFT3VASXPED,Plant-based,18,12,0.12
vegetarian,vegan,Count,1.17,NA,1.015923667759697,1.04,1.38,1.0076939459287,Restaurant,LQ5EH4BKGV61T,Plant-based,18,13,0.12
vegetarian,vegan,Count,0.96,NA,0.9961734791788669,0.86,1.07,1.00473205410534,Restaurant,S8MT0YGD2KTN9,Plant-based,18,14,0.12
vegetarian,vegan,Count,1.13,NA,1.0123700739919979,0.95,1.37,1.00183193395681,Restaurant,SAFK7ND1HR6XS,Plant-based,18,15,0.12
vegetarian,vegan,Count,1.38,NA,1.032509559093881,1.2,1.6,1.00614165967215,Restaurant,SRQS8F7JWA9MZ,Plant-based,18,16,0.12
vegetarian,vegan,Count,1.19,NA,1.0173837717101923,1.12,1.28,1.00355720821628,Restaurant,V3Q26BHF3SE2H,Plant-based,18,17,0.12
vegetarian,vegan,Count,1.02,NA,1.0023533734749952,1.01,1.04,1.0001531270945,Restaurant,W8T41JZK0ZMEP,Plant-based,18,18,0.12
vegetarian,vegan,Proportion,0.9181871572373108,NA,0.9181871572373108,0.7943282347242815,1.0434439926896288,1.00392725479628,Restaurant,1SQPTEGYPH0GA,Plant-based,18,1,0.12
vegetarian,vegan,Proportion,1.0564607046353902,NA,1.0564607046353902,0.9028804514474342,1.2323700524435999,1.00413059114591,Restaurant,2HRX9P6HKXA8V,Plant-based,18,2,0.12
vegetarian,vegan,Proportion,1.002031645831233,NA,1.002031645831233,0.9419682592138262,1.0690633991544003,1.00039960128464,Restaurant,78AY09MVJVTYE,Plant-based,18,3,0.12
vegetarian,vegan,Proportion,1.1126205249934051,NA,1.1126205249934051,1.0019822247447452,1.2397917120444277,1.0004139419177,Restaurant,9XKJD8DQTH559,Plant-based,18,4,0.12
vegetarian,vegan,Proportion,1.063320651067793,NA,1.063320651067793,0.9533210199136081,1.1767163239645777,1.00065465345892,Restaurant,C0BE4NDSW26QN,Plant-based,18,5,0.12
vegetarian,vegan,Proportion,1.1415202189861555,NA,1.1415202189861555,1.0544958918547662,1.2425101905916196,1.00353689153353,Restaurant,CB2KHY1C2G9PT,Plant-based,18,6,0.12
vegetarian,vegan,Proportion,1.175692568812873,NA,1.175692568812873,1.0765014734877172,1.2894798351899042,1.00121513777285,Restaurant,ED5J990H5VAZT,Plant-based,18,7,0.12
vegetarian,vegan,Proportion,0.9447630908002312,NA,0.9447630908002312,0.8633219511791956,1.0241896249073048,1.00017440067571,Restaurant,EMBVNVD207CC6,Plant-based,18,8,0.12
vegetarian,vegan,Proportion,1.0879771521879504,NA,1.0879771521879504,0.9895192582062144,1.2011244339814313,1.0014075343211,Restaurant,JHDN7CF1C03X5,Plant-based,18,9,0.12
vegetarian,vegan,Proportion,1.3187015666606856,NA,1.3187015666606856,1.1247461131420948,1.57739760925861,1.00751891899953,Restaurant,L69HYJ4Y3TR91,Plant-based,18,10,0.12
vegetarian,vegan,Proportion,1.1264595345355868,NA,1.1264595345355868,0.9703382962383449,1.3107569828722994,1.02176641200518,Restaurant,LBZEEFSBJNB3Z,Plant-based,18,11,0.12
vegetarian,vegan,Proportion,1.1452356710067912,NA,1.1452356710067912,0.9252855568989151,1.463194112912384,1.00049174953018,Restaurant,LFZFT3VASXPED,Plant-based,18,12,0.12
vegetarian,vegan,Proportion,1.0358135943518862,NA,1.0358135943518862,0.8804725142695762,1.215506444893397,1.0083074486316,Restaurant,LQ5EH4BKGV61T,Plant-based,18,13,0.12
vegetarian,vegan,Proportion,1.1193668295297237,NA,1.1193668295297237,0.9101363514059139,1.3816492205886604,1.00350156669732,Restaurant,S8MT0YGD2KTN9,Plant-based,18,14,0.12
vegetarian,vegan,Proportion,1.099512315618134,NA,1.099512315618134,0.8894799631049141,1.3782322615758686,1.00414531121605,Restaurant,SAFK7ND1HR6XS,Plant-based,18,15,0.12
vegetarian,vegan,Proportion,0.9996584389968455,NA,0.9996584389968455,0.9453388051113798,1.0569511724151297,1.00264464064422,Restaurant,SRQS8F7JWA9MZ,Plant-based,18,16,0.12
vegetarian,vegan,Proportion,1.256014800419417,NA,1.256014800419417,1.1321594864044893,1.4054433430976525,1.00308047170488,Restaurant,V3Q26BHF3SE2H,Plant-based,18,17,0.12
vegetarian,vegan,Proportion,1.1179209709210645,NA,1.1179209709210645,1.0225651825635729,1.2316053152616542,1.00094987301202,Restaurant,W8T41JZK0ZMEP,Plant-based,18,18,0.12
vegetarian,vegetarian,Count,1.07,NA,1.0064037099227692,1.06,1.08,1.00054641206023,Restaurant,1SQPTEGYPH0GA,Plant-based,18,1,0.12
vegetarian,vegetarian,Count,0.99,NA,0.9990169547611532,0.92,1.07,1.00118155119164,Restaurant,2HRX9P6HKXA8V,Plant-based,18,2,0.12
vegetarian,vegetarian,Count,1.01,NA,1.0013534620176354,0.99,1.04,1.00085056797833,Restaurant,78AY09MVJVTYE,Plant-based,18,3,0.12
vegetarian,vegetarian,Count,1.02,NA,1.0018907496419427,1.01,1.03,1.00064301714524,Restaurant,9XKJD8DQTH559,Plant-based,18,4,0.12
vegetarian,vegetarian,Count,1.04,NA,1.0037148854603521,1.02,1.06,1.00111413301144,Restaurant,C0BE4NDSW26QN,Plant-based,18,5,0.12
vegetarian,vegetarian,Count,1.04,NA,1.0039427488817325,1.03,1.06,1.00944152213805,Restaurant,CB2KHY1C2G9PT,Plant-based,18,6,0.12
vegetarian,vegetarian,Count,1.14,NA,1.0132548916091402,1.11,1.17,1.00181872363816,Restaurant,ED5J990H5VAZT,Plant-based,18,7,0.12
vegetarian,vegetarian,Count,1.18,NA,1.0163587825720444,1.09,1.29,1.00174788113223,Restaurant,EMBVNVD207CC6,Plant-based,18,8,0.12
vegetarian,vegetarian,Count,1.04,NA,1.003647159780857,1.02,1.05,1.00072719234709,Restaurant,JHDN7CF1C03X5,Plant-based,18,9,0.12
vegetarian,vegetarian,Count,1.08,NA,1.007770462213623,1.04,1.12,1.00160807417417,Restaurant,L69HYJ4Y3TR91,Plant-based,18,10,0.12
vegetarian,vegetarian,Count,1.02,NA,1.0016082265433859,0.98,1.05,1.01441757646775,Restaurant,LBZEEFSBJNB3Z,Plant-based,18,11,0.12
vegetarian,vegetarian,Count,1.02,NA,1.0020580640314938,0.91,1.14,1.00544981368675,Restaurant,LFZFT3VASXPED,Plant-based,18,12,0.12
vegetarian,vegetarian,Count,1.12,NA,1.011263110235593,1.01,1.27,1.00854173853929,Restaurant,LQ5EH4BKGV61T,Plant-based,18,13,0.12
vegetarian,vegetarian,Count,0.94,NA,0.9937277441261853,0.91,0.97,1.0004542596704,Restaurant,S8MT0YGD2KTN9,Plant-based,18,14,0.12
vegetarian,vegetarian,Count,1.08,NA,1.0074573086654446,0.95,1.23,1.00183291253363,Restaurant,SAFK7ND1HR6XS,Plant-based,18,15,0.12
vegetarian,vegetarian,Count,1.13,NA,1.0123687707244227,1.1,1.17,1.00055074483301,Restaurant,SRQS8F7JWA9MZ,Plant-based,18,16,0.12
vegetarian,vegetarian,Count,1.09,NA,1.0090454203082257,1.04,1.16,1.00219692753213,Restaurant,V3Q26BHF3SE2H,Plant-based,18,17,0.12
vegetarian,vegetarian,Count,1.02,NA,1.0018787207484627,1.01,1.03,1.00228430787755,Restaurant,W8T41JZK0ZMEP,Plant-based,18,18,0.12
vegetarian,vegetarian,Proportion,0.9140401315179391,NA,0.9140401315179391,0.8325532074018731,1,1.00434051309498,Restaurant,1SQPTEGYPH0GA,Plant-based,18,1,0.12
vegetarian,vegetarian,Proportion,0.9591428209350185,NA,0.9591428209350185,0.7943282347242815,1.1472543407415878,1.00168070508029,Restaurant,2HRX9P6HKXA8V,Plant-based,18,2,0.12
vegetarian,vegetarian,Proportion,0.9998334007078036,NA,0.9998334007078036,0.9419682592138262,1.065727519566613,1.00068144622179,Restaurant,78AY09MVJVTYE,Plant-based,18,3,0.12
vegetarian,vegetarian,Proportion,1.1555275848183588,NA,1.1555275848183588,1.0500712315941094,1.268180955824004,1.00264706926557,Restaurant,9XKJD8DQTH559,Plant-based,18,4,0.12
vegetarian,vegetarian,Proportion,1.0449922134195233,NA,1.0449922134195233,0.9533210199136081,1.1437204261088147,1.00161961356275,Restaurant,C0BE4NDSW26QN,Plant-based,18,5,0.12
vegetarian,vegetarian,Proportion,1.0796741991619085,NA,1.0796741991619085,0.9906132650954108,1.1836938085304842,1.00589182140454,Restaurant,CB2KHY1C2G9PT,Plant-based,18,6,0.12
vegetarian,vegetarian,Proportion,1.27345937442221,NA,1.27345937442221,1.1623080652394242,1.3990510527019624,1.00106247008596,Restaurant,ED5J990H5VAZT,Plant-based,18,7,0.12
vegetarian,vegetarian,Proportion,1.1317815455142113,NA,1.1317815455142113,1.0378552826828715,1.236575471747225,1.00857546725103,Restaurant,EMBVNVD207CC6,Plant-based,18,8,0.12
vegetarian,vegetarian,Proportion,1.2211370568635005,NA,1.2211370568635005,1.0932990799580533,1.374851311202077,1.00787401122528,Restaurant,JHDN7CF1C03X5,Plant-based,18,9,0.12
vegetarian,vegetarian,Proportion,1.3265679614191364,NA,1.3265679614191364,1.1080527102078603,1.6267498560754896,1.01105821284607,Restaurant,L69HYJ4Y3TR91,Plant-based,18,10,0.12
vegetarian,vegetarian,Proportion,1.0053049107740295,NA,1.0053049107740295,0.9053576433419918,1.1134911305486308,1.00154253225495,Restaurant,LBZEEFSBJNB3Z,Plant-based,18,11,0.12
vegetarian,vegetarian,Proportion,1.2861792216777377,NA,1.2861792216777377,1.0342196941293802,1.6825444790340616,1.00506553067515,Restaurant,LFZFT3VASXPED,Plant-based,18,12,0.12
vegetarian,vegetarian,Proportion,1.0237499012106204,NA,1.0237499012106204,0.8555037734677596,1.2187477578520234,1.00127945121995,Restaurant,LQ5EH4BKGV61T,Plant-based,18,13,0.12
vegetarian,vegetarian,Proportion,0.8672250653965741,NA,0.8672250653965741,0.7767996097157338,0.9621679608471888,1.00031073446308,Restaurant,S8MT0YGD2KTN9,Plant-based,18,14,0.12
vegetarian,vegetarian,Proportion,1.102314635596654,NA,1.102314635596654,0.8865681505652133,1.3706342682611146,1.00286897500096,Restaurant,SAFK7ND1HR6XS,Plant-based,18,15,0.12
vegetarian,vegetarian,Proportion,1.1958426110417824,NA,1.1958426110417824,1.1382280564892693,1.2581680093041079,1.00371473357392,Restaurant,SRQS8F7JWA9MZ,Plant-based,18,16,0.12
vegetarian,vegetarian,Proportion,1.1296690109908656,NA,1.1296690109908656,1.052620071910597,1.2127152637614846,1.00353945404814,Restaurant,V3Q26BHF3SE2H,Plant-based,18,17,0.12
vegetarian,vegetarian,Proportion,1.206662387581373,NA,1.206662387581373,1.0805527510712007,1.3574876694913043,1.00270133922851,Restaurant,W8T41JZK0ZMEP,Plant-based,18,18,0.12
vegan,mpbamod,Count,1.07,NA,1.0072354096325589,0.99,1.17,1.00059779533744,Restaurant,1SQPTEGYPH0GA,Plant-based,18,1,0.12
vegan,mpbamod,Count,0.87,NA,0.9865613222104986,0.73,1.03,1.00475125619859,Restaurant,2HRX9P6HKXA8V,Plant-based,18,2,0.12
vegan,mpbamod,Count,0.91,NA,0.9901517622534408,0.79,1.02,1.0017500268395,Restaurant,78AY09MVJVTYE,Plant-based,18,3,0.12
vegan,mpbamod,Count,1.03,NA,1.0026716878105153,1.01,1.05,0.999911625105337,Restaurant,9XKJD8DQTH559,Plant-based,18,4,0.12
vegan,mpbamod,Count,1.12,NA,1.0115980478062667,0.97,1.31,1.0033205728697,Restaurant,C0BE4NDSW26QN,Plant-based,18,5,0.12
vegan,mpbamod,Count,0.93,NA,0.992540726689573,0.81,1.05,1.00358701521142,Restaurant,CB2KHY1C2G9PT,Plant-based,18,6,0.12
vegan,mpbamod,Count,1.04,NA,1.0036351496842142,1.01,1.06,1.00002966815483,Restaurant,ED5J990H5VAZT,Plant-based,18,7,0.12
vegan,mpbamod,Count,1.2,NA,1.0187039788860528,1.04,1.39,1.01029107254963,Restaurant,EMBVNVD207CC6,Plant-based,18,8,0.12
vegan,mpbamod,Count,1.01,NA,1.0005066460672203,0.96,1.05,1.00044750013044,Restaurant,JHDN7CF1C03X5,Plant-based,18,9,0.12
vegan,mpbamod,Count,1.17,NA,1.0162167841409822,0.99,1.44,1.00419515306413,Restaurant,L69HYJ4Y3TR91,Plant-based,18,10,0.12
vegan,mpbamod,Count,1,NA,1.000492924217194,0.89,1.13,1.00243303662331,Restaurant,LBZEEFSBJNB3Z,Plant-based,18,11,0.12
vegan,mpbamod,Count,1.09,NA,1.0088545032453071,0.82,1.49,1.00133665349366,Restaurant,LFZFT3VASXPED,Plant-based,18,12,0.12
vegan,mpbamod,Count,1.29,NA,1.0256963728348596,1.05,1.71,1.00710956259017,Restaurant,LQ5EH4BKGV61T,Plant-based,18,13,0.12
vegan,mpbamod,Count,1.05,NA,1.0046999315277818,0.89,1.24,1.00534478126478,Restaurant,S8MT0YGD2KTN9,Plant-based,18,14,0.12
vegan,mpbamod,Count,1.11,NA,1.0102036233834961,0.91,1.38,1.00793615439036,Restaurant,SAFK7ND1HR6XS,Plant-based,18,15,0.12
vegan,mpbamod,Count,1.13,NA,1.0124458061663955,1.03,1.25,1.00540678251287,Restaurant,SRQS8F7JWA9MZ,Plant-based,18,16,0.12
vegan,mpbamod,Count,1,NA,0.9999120193384379,0.94,1.06,1.00105737080013,Restaurant,V3Q26BHF3SE2H,Plant-based,18,17,0.12
vegan,mpbamod,Count,1.01,NA,1.0006183955300751,0.98,1.03,1.00138030371023,Restaurant,W8T41JZK0ZMEP,Plant-based,18,18,0.12
vegan,mpbamod,Proportion,0.7982396395130693,NA,0.7982396395130693,0,1.0738979584144939,1.00184886300923,Restaurant,1SQPTEGYPH0GA,Plant-based,18,1,0.12
vegan,mpbamod,Proportion,0.6917206612634802,NA,0.6917206612634802,0,0.9767034215585771,1.00126172857505,Restaurant,2HRX9P6HKXA8V,Plant-based,18,2,0.12
vegan,mpbamod,Proportion,0.6358228759188128,NA,0.6358228759188128,0,0.8894799631049141,0.999966647972267,Restaurant,78AY09MVJVTYE,Plant-based,18,3,0.12
vegan,mpbamod,Proportion,0.9732463767479498,NA,0.9732463767479498,0.867004045984223,1.0849527973813544,1.00105972352494,Restaurant,9XKJD8DQTH559,Plant-based,18,4,0.12
vegan,mpbamod,Proportion,0.6860339702636684,NA,0.6860339702636684,0,0.9827157772761715,1.00090303025214,Restaurant,C0BE4NDSW26QN,Plant-based,18,5,0.12
vegan,mpbamod,Proportion,0.5058474725673773,NA,0.5058474725673773,0,0.6309573444801932,1.00169004324964,Restaurant,CB2KHY1C2G9PT,Plant-based,18,6,0.12
vegan,mpbamod,Proportion,1.079438769469979,NA,1.079438769469979,1.0281521620726264,1.134429393023742,1.00388746454651,Restaurant,ED5J990H5VAZT,Plant-based,18,7,0.12
vegan,mpbamod,Proportion,1.1866470133621942,NA,1.1866470133621942,1.0183993761470242,1.3767200751019837,1.00565058547464,Restaurant,EMBVNVD207CC6,Plant-based,18,8,0.12
vegan,mpbamod,Proportion,0.8129163439361117,NA,0.8129163439361117,0.6762433378062414,0.9663308284400851,1.00077430532588,Restaurant,JHDN7CF1C03X5,Plant-based,18,9,0.12
vegan,mpbamod,Proportion,1.3054603038526595,NA,1.3054603038526595,0.7767996097157338,2.251244167351496,1.00099584273829,Restaurant,L69HYJ4Y3TR91,Plant-based,18,10,0.12
vegan,mpbamod,Proportion,1.1183769757416153,NA,1.1183769757416153,0.7860030855966228,1.6239200400236804,1.00186538512982,Restaurant,LBZEEFSBJNB3Z,Plant-based,18,11,0.12
vegan,mpbamod,Proportion,1.4181243026503287,NA,1.4181243026503287,0.7247796636776955,3.1495197957850696,1.00247887188399,Restaurant,LFZFT3VASXPED,Plant-based,18,12,0.12
vegan,mpbamod,Proportion,1.5090566369384233,NA,1.5090566369384233,1.0048909381985118,2.403809512829648,1.0048551440281,Restaurant,LQ5EH4BKGV61T,Plant-based,18,13,0.12
vegan,mpbamod,Proportion,2.2841144132362197,NA,2.2841144132362197,1.5915645848153857,3.2748448633598497,1.00203243861632,Restaurant,S8MT0YGD2KTN9,Plant-based,18,14,0.12
vegan,mpbamod,Proportion,1.0789375666238472,NA,1.0789375666238472,0.7664958432641342,1.551883886833226,1.00197014524792,Restaurant,SAFK7ND1HR6XS,Plant-based,18,15,0.12
vegan,mpbamod,Proportion,1.1243470187627127,NA,1.1243470187627127,1.0158242733348055,1.2514257594289824,1.00000132448564,Restaurant,SRQS8F7JWA9MZ,Plant-based,18,16,0.12
vegan,mpbamod,Proportion,0.9223296119216023,NA,0.9223296119216023,0.8325532074018731,1.0166891778440417,1.00006936305831,Restaurant,V3Q26BHF3SE2H,Plant-based,18,17,0.12
vegan,mpbamod,Proportion,1.0631477075107856,NA,1.0631477075107856,0.9502002165056764,1.1923880453730393,0.999944415851621,Restaurant,W8T41JZK0ZMEP,Plant-based,18,18,0.12
vegan,vegan,Count,1.22,NA,1.020393478200038,1.17,1.28,1.0005007584785,Restaurant,1SQPTEGYPH0GA,Plant-based,17,1,0.12
vegan,vegan,Count,0.98,NA,0.9982480806196289,0.89,1.08,1.00424149719133,Restaurant,2HRX9P6HKXA8V,Plant-based,17,2,0.12
vegan,vegan,Count,1.08,NA,1.0081729556687913,1.03,1.15,0.999931469400802,Restaurant,78AY09MVJVTYE,Plant-based,17,3,0.12
vegan,vegan,Count,1.03,NA,1.0030909022209666,1.01,1.05,1.00116797384415,Restaurant,9XKJD8DQTH559,Plant-based,17,4,0.12
vegan,vegan,Count,1.09,NA,1.0083992002086526,1.04,1.13,1.00010404545235,Restaurant,C0BE4NDSW26QN,Plant-based,17,5,0.12
vegan,vegan,Count,1.22,NA,1.0197963806965336,1.15,1.29,1.00563339414548,Restaurant,CB2KHY1C2G9PT,Plant-based,17,6,0.12
vegan,vegan,Count,1.4,NA,1.0345070010764477,1.26,1.57,1.00145090755028,Restaurant,ED5J990H5VAZT,Plant-based,17,7,0.12
vegan,vegan,Count,1.37,NA,1.0317786010191392,1.17,1.61,1.00037686390064,Restaurant,EMBVNVD207CC6,Plant-based,17,8,0.12
vegan,vegan,Count,1.01,NA,1.0014722662864153,0.99,1.04,1.00044411358104,Restaurant,JHDN7CF1C03X5,Plant-based,17,9,0.12
vegan,vegan,Count,1.21,NA,1.0190700971632027,1.11,1.33,1.00420650909123,Restaurant,L69HYJ4Y3TR91,Plant-based,17,10,0.12
vegan,vegan,Count,0.97,NA,0.9965997697360579,0.89,1.05,1.00127523022667,Restaurant,LBZEEFSBJNB3Z,Plant-based,17,11,0.12
vegan,vegan,Count,1.07,NA,1.0067818547823644,0.88,1.29,0.999937486034792,Restaurant,LFZFT3VASXPED,Plant-based,17,12,0.12
vegan,vegan,Count,1.4,NA,1.0340405741852112,1.12,1.82,1.00461289320113,Restaurant,LQ5EH4BKGV61T,Plant-based,17,13,0.12
vegan,vegan,Count,0.93,NA,0.9930308928804505,0.79,1.09,1.00106618951425,Restaurant,S8MT0YGD2KTN9,Plant-based,17,14,0.12
vegan,vegan,Count,1.11,NA,1.0105180228265924,0.88,1.41,1.0025251188773,Restaurant,SAFK7ND1HR6XS,Plant-based,17,15,0.12
vegan,vegan,Count,1.35,NA,1.0305851055806607,1.2,1.53,1.00049681622139,Restaurant,V3Q26BHF3SE2H,Plant-based,17,16,0.12
vegan,vegan,Count,1.02,NA,1.0018440565671576,1,1.04,0.999878904583424,Restaurant,W8T41JZK0ZMEP,Plant-based,17,17,0.12
vegan,vegan,Proportion,0.9629463444272274,NA,0.9629463444272274,0.7943282347242815,1.1564966441541398,1.00480308173803,Restaurant,1SQPTEGYPH0GA,Plant-based,17,1,0.12
vegan,vegan,Proportion,0.9895677590210803,NA,0.9895677590210803,0.821509903954877,1.1890629435297493,1.00140049141852,Restaurant,2HRX9P6HKXA8V,Plant-based,17,2,0.12
vegan,vegan,Proportion,1.1681929043978307,NA,1.1681929043978307,1.026583631304232,1.3355857434963974,1.00123069854208,Restaurant,78AY09MVJVTYE,Plant-based,17,3,0.12
vegan,vegan,Proportion,1.275113364447508,NA,1.275113364447508,1.121937613664313,1.4546451604676909,1.00154143986165,Restaurant,9XKJD8DQTH559,Plant-based,17,4,0.12
vegan,vegan,Proportion,1.0743163469831487,NA,1.0743163469831487,0.9252855568989151,1.2417999799367758,1.0007727595562,Restaurant,C0BE4NDSW26QN,Plant-based,17,5,0.12
vegan,vegan,Proportion,1.50504833279632,NA,1.50504833279632,1.244199940096498,1.8729413221201177,1.00041248276353,Restaurant,CB2KHY1C2G9PT,Plant-based,17,6,0.12
vegan,vegan,Proportion,1.3250220166635704,NA,1.3250220166635704,1.100265093106018,1.6085500026080535,1.00137891304567,Restaurant,ED5J990H5VAZT,Plant-based,17,7,0.12
vegan,vegan,Proportion,0.9550370392631145,NA,0.9550370392631145,0.8469842998552983,1.07284044334405,1.00246887122481,Restaurant,EMBVNVD207CC6,Plant-based,17,8,0.12
vegan,vegan,Proportion,1.0246105645772565,NA,1.0246105645772565,0.9101363514059139,1.1623080652394242,1.00045028630637,Restaurant,JHDN7CF1C03X5,Plant-based,17,9,0.12
vegan,vegan,Proportion,1.5710518556406894,NA,1.5710518556406894,1.2085988162028105,2.1035846547275705,1.00093619061036,Restaurant,L69HYJ4Y3TR91,Plant-based,17,10,0.12
vegan,vegan,Proportion,0.9546361418251642,NA,0.9546361418251642,0.7411344491069477,1.2016997321565943,1.00104512044057,Restaurant,LBZEEFSBJNB3Z,Plant-based,17,11,0.12
vegan,vegan,Proportion,1.2639649194438776,NA,1.2639649194438776,0.9003405372962772,1.8366788882136988,1.00058925698889,Restaurant,LFZFT3VASXPED,Plant-based,17,12,0.12
vegan,vegan,Proportion,1.1308927904513484,NA,1.1308927904513484,0.8325532074018731,1.5319405053120074,1.00401784703644,Restaurant,LQ5EH4BKGV61T,Plant-based,17,13,0.12
vegan,vegan,Proportion,1.1323967968056763,NA,1.1323967968056763,0.8089433786991753,1.5669002647502523,1.00427238788917,Restaurant,S8MT0YGD2KTN9,Plant-based,17,14,0.12
vegan,vegan,Proportion,1.0967077936954244,NA,1.0967077936954244,0.7767996097157338,1.5054379345572517,1.00462905312792,Restaurant,SAFK7ND1HR6XS,Plant-based,17,15,0.12
vegan,vegan,Proportion,1.5656164551691387,NA,1.5656164551691387,1.312324579970646,1.9001528399295793,1.00055307479897,Restaurant,V3Q26BHF3SE2H,Plant-based,17,16,0.12
vegan,vegan,Proportion,1.1480650619825152,NA,1.1480650619825152,1.0296994477882186,1.282941026486236,1.00111243545094,Restaurant,W8T41JZK0ZMEP,Plant-based,17,17,0.12
vegan,vegetarian,Count,1.06,NA,1.0062478509736548,1.05,1.08,1.00284884836289,Restaurant,1SQPTEGYPH0GA,Plant-based,18,1,0.12
vegan,vegetarian,Count,0.95,NA,0.9952244862430301,0.88,1.03,1.00234895658963,Restaurant,2HRX9P6HKXA8V,Plant-based,18,2,0.12
vegan,vegetarian,Count,1.04,NA,1.0038822806909158,1,1.08,1.00213008645057,Restaurant,78AY09MVJVTYE,Plant-based,18,3,0.12
vegan,vegetarian,Count,1.01,NA,1.00131196403872,1,1.02,1.0010704019637,Restaurant,9XKJD8DQTH559,Plant-based,18,4,0.12
vegan,vegetarian,Count,1.04,NA,1.0043876960078364,1.02,1.07,1.00682175522581,Restaurant,C0BE4NDSW26QN,Plant-based,18,5,0.12
vegan,vegetarian,Count,1.09,NA,1.0087362926967607,1.06,1.12,1.00214104514679,Restaurant,CB2KHY1C2G9PT,Plant-based,18,6,0.12
vegan,vegetarian,Count,1.14,NA,1.013071926701597,1.1,1.19,1.00059591633774,Restaurant,ED5J990H5VAZT,Plant-based,18,7,0.12
vegan,vegetarian,Count,1.23,NA,1.021092886708425,1.13,1.34,1.00334985688947,Restaurant,EMBVNVD207CC6,Plant-based,18,8,0.12
vegan,vegetarian,Count,1.02,NA,1.0018335843036223,1,1.04,1.0021273757559,Restaurant,JHDN7CF1C03X5,Plant-based,18,9,0.12
vegan,vegetarian,Count,1.11,NA,1.0102530966230314,1.05,1.18,1.00044942211948,Restaurant,L69HYJ4Y3TR91,Plant-based,18,10,0.12
vegan,vegetarian,Count,0.97,NA,0.9972531335359327,0.93,1.02,1.00161837320218,Restaurant,LBZEEFSBJNB3Z,Plant-based,18,11,0.12
vegan,vegetarian,Count,1.02,NA,1.002332945121918,0.89,1.17,1.00142427419269,Restaurant,LFZFT3VASXPED,Plant-based,18,12,0.12
vegan,vegetarian,Count,1.2,NA,1.0184577130853758,1.03,1.44,1.00548230283914,Restaurant,LQ5EH4BKGV61T,Plant-based,18,13,0.12
vegan,vegetarian,Count,0.93,NA,0.9930403751106972,0.89,0.98,1.0013526473084,Restaurant,S8MT0YGD2KTN9,Plant-based,18,14,0.12
vegan,vegetarian,Count,1.06,NA,1.0057409106664794,0.91,1.24,1.00261696644658,Restaurant,SAFK7ND1HR6XS,Plant-based,18,15,0.12
vegan,vegetarian,Count,1.03,NA,1.0032976441528167,0.99,1.08,1.00186164744258,Restaurant,SRQS8F7JWA9MZ,Plant-based,18,16,0.12
vegan,vegetarian,Count,1.09,NA,1.0089052865384183,1.03,1.17,1.00128360465456,Restaurant,V3Q26BHF3SE2H,Plant-based,18,17,0.12
vegan,vegetarian,Count,1.01,NA,1.0007673828248174,1,1.02,1.00032578683904,Restaurant,W8T41JZK0ZMEP,Plant-based,18,18,0.12
vegan,vegetarian,Proportion,0.7892883385873298,NA,0.7892883385873298,0.6762433378062414,0.9028804514474342,1.00087415256094,Restaurant,1SQPTEGYPH0GA,Plant-based,18,1,0.12
vegan,vegetarian,Proportion,0.9022024055641856,NA,0.9022024055641856,0.754770860611584,1.0738979584144939,1.00093538093981,Restaurant,2HRX9P6HKXA8V,Plant-based,18,2,0.12
vegan,vegetarian,Proportion,1.0449259795191363,NA,1.0449259795191363,0.9486045450669235,1.158905819491852,1.00986427536218,Restaurant,78AY09MVJVTYE,Plant-based,18,3,0.12
vegan,vegetarian,Proportion,1.1150329516791841,NA,1.1150329516791841,1.0077257952426748,1.2491487947495696,1.0010038372904,Restaurant,9XKJD8DQTH559,Plant-based,18,4,0.12
vegan,vegetarian,Proportion,0.998723104441404,NA,0.998723104441404,0.8977344508701224,1.1138705792441983,1.00274856410327,Restaurant,C0BE4NDSW26QN,Plant-based,18,5,0.12
vegan,vegetarian,Proportion,1.0797086908868803,NA,1.0797086908868803,0.9453388051113798,1.252616279580003,1.00286896462165,Restaurant,CB2KHY1C2G9PT,Plant-based,18,6,0.12
vegan,vegetarian,Proportion,1.2129927924783204,NA,1.2129927924783204,1.046804807994881,1.4218898842380856,1.00230189787889,Restaurant,ED5J990H5VAZT,Plant-based,18,7,0.12
vegan,vegetarian,Proportion,1.1193237764188362,NA,1.1193237764188362,0.99899547129175,1.252484501515308,1.00908660182252,Restaurant,EMBVNVD207CC6,Plant-based,18,8,0.12
vegan,vegetarian,Proportion,1.0777479249793338,NA,1.0777479249793338,0.956352499790037,1.224845636123975,1.00076369800855,Restaurant,JHDN7CF1C03X5,Plant-based,18,9,0.12
vegan,vegetarian,Proportion,1.2519290250129784,NA,1.2519290250129784,1.0140743178387932,1.597300349675674,1.00137656600801,Restaurant,L69HYJ4Y3TR91,Plant-based,18,10,0.12
vegan,vegetarian,Proportion,0.9127777705747407,NA,0.9127777705747407,0.7664958432641342,1.0662900584785258,1.00724347185434,Restaurant,LBZEEFSBJNB3Z,Plant-based,18,11,0.12
vegan,vegetarian,Proportion,1.150803998695872,NA,1.150803998695872,0.8865681505652133,1.5424148439650072,1.00357037110689,Restaurant,LFZFT3VASXPED,Plant-based,18,12,0.12
vegan,vegetarian,Proportion,1.0418615122673147,NA,1.0418615122673147,0.821509903954877,1.328310516451139,1.00077353999256,Restaurant,LQ5EH4BKGV61T,Plant-based,18,13,0.12
vegan,vegetarian,Proportion,0.861943815172928,NA,0.861943815172928,0.7411344491069477,0.9938315630347766,1.0021316788501,Restaurant,S8MT0YGD2KTN9,Plant-based,18,14,0.12
vegan,vegetarian,Proportion,1.009233752274291,NA,1.009233752274291,0.8019351848161371,1.2931853451963402,1.01213629663467,Restaurant,SAFK7ND1HR6XS,Plant-based,18,15,0.12
vegan,vegetarian,Proportion,1.0341770095787504,NA,1.0341770095787504,0.959299887533659,1.1150019962636444,1.00180299276282,Restaurant,SRQS8F7JWA9MZ,Plant-based,18,16,0.12
vegan,vegetarian,Proportion,0.9461701167598955,NA,0.9461701167598955,0.8513399225207846,1.0500712315941094,1.00113667967501,Restaurant,V3Q26BHF3SE2H,Plant-based,18,17,0.12
vegan,vegetarian,Proportion,1.1327620504875144,NA,1.1327620504875144,0.9927691996602169,1.2908931990449974,1.00128011008373,Restaurant,W8T41JZK0ZMEP,Plant-based,18,18,0.12
