"outcome","restaurant","effect_type","series","estimate","ci_lower","ci_upper"
"vegetarian","1SQPTEGYPH0GA","Level Change","Base",-0.0609673718689218,-0.353174565825,0.19293690725
"vegetarian","2HRX9P6HKXA8V","Level Change","Base",-0.0565347909080873,-0.228448132925,0.12000470835
"vegetarian","78AY09MVJVTYE","Level Change","Base",-0.107059491222483,-0.3199137275,0.0565237131125001
"vegetarian","9XKJD8DQTH559","Level Change","Base",-0.196128768604503,-0.47171947975,0.0605914548500002
"vegetarian","9XKJD8DQTH559","Level Change","Base",-0.214537214013537,-0.49940043325,0.0243800169
"vegetarian","C0BE4NDSW26QN","Level Change","Base",-0.042034936915591,-0.32871801225,0.24628154425
"vegetarian","C0BE4NDSW26QN","Level Change","Base",-0.0480548155495735,-0.331233696,0.24454997675
"vegetarian","ED5J990H5VAZT","Level Change","Base",-0.00170806483091767,-0.085752150275,0.084002672975
"vegetarian","EMBVNVD207CC6","Level Change","Base",0.048303573483539,-0.279787743825,0.39050032025
"vegetarian","L69HYJ4Y3TR91","Level Change","Base",-0.0381668786849413,-0.24420147375,0.180427714
"vegetarian","LBZEEFSBJNB3Z","Level Change","Base",0.0737577486470767,-0.10222214625,0.27790528915
"vegetarian","LQ5EH4BKGV61T","Level Change","Base",0.0320812298727667,-0.228932543725,0.37756181626
"vegetarian","S8MT0YGD2KTN9","Level Change","Base",-0.0262432077249187,-0.2058095655,0.210034712075
"vegetarian","SAFK7ND1HR6XS","Level Change","Base",-0.105783849073635,-0.28441968,0.058168133275
"vegetarian","SRQS8F7JWA9MZ","Level Change","Base",-0.000444109960677,-0.12044449915,0.11565106075
"vegetarian","SRQS8F7JWA9MZ","Level Change","Base",0.071227403926682,-0.051969398675,0.199662913075
"vegetarian","V3Q26BHF3SE2H","Level Change","Base",-0.109046523903226,-0.35828055275,0.10122434597
"vegetarian","V3Q26BHF3SE2H","Level Change","Base",0.134200530793378,-0.06113658777,0.370619295
"vegetarian","V3Q26BHF3SE2H","Level Change","Base",-0.0226410837843685,-0.19897776375,0.1280168118
"vegetarian","V3Q26BHF3SE2H","Level Change","Base",0.121319506982046,-0.04320299395,0.31710290525
"vegetarian","W8T41JZK0ZMEP","Level Change","Base",-0.0791541191528303,-0.3198386995,0.12867479575
"vegetarian","W8T41JZK0ZMEP","Level Change","Base",0.155343921165,-0.060435739375,0.39123469225
"vegetarian","W8T41JZK0ZMEP","Level Change","Base",-0.0204918651091233,-0.216030879125,0.16749290625
"vegetarian","W8T41JZK0ZMEP","Level Change","Base",-0.0126768148077733,-0.2181784681,0.18065492225
"vegetarian","W8T41JZK0ZMEP","Level Change","Base",0.0332075684194657,-0.183773460055,0.2909376825
"vegetarian","pooled","Level Change","Base",-0.0227069127095416,-0.123256344375,0.0834579969000001
"vegetarian","1SQPTEGYPH0GA","Slope Change","Base",-0.056632421339954,-0.31507009695,0.2080675225
"vegetarian","2HRX9P6HKXA8V","Slope Change","Base",0.0240769680663523,-0.078435341695,0.13259614075
"vegetarian","78AY09MVJVTYE","Slope Change","Base",-0.0761192771485333,-0.17258124525,0.0183876423
"vegetarian","9XKJD8DQTH559","Slope Change","Base",-0.0172069108465533,-0.33706167475,0.306135922775
"vegetarian","9XKJD8DQTH559","Slope Change","Base",-0.00553486142255467,-0.31167514575,0.309625013675
"vegetarian","C0BE4NDSW26QN","Slope Change","Base",-0.006038156046641,-0.233470998475,0.20266950275
"vegetarian","C0BE4NDSW26QN","Slope Change","Base",-0.032765389360306,-0.2655542918,0.20157411175
"vegetarian","ED5J990H5VAZT","Slope Change","Base",-0.1547435103753,-0.286020583,-0.028342040375
"vegetarian","EMBVNVD207CC6","Slope Change","Base",0.0902649595795,-0.20943770275,0.400301637
"vegetarian","L69HYJ4Y3TR91","Slope Change","Base",-0.0722702868320479,-0.4583478865,0.301071573025
"vegetarian","LBZEEFSBJNB3Z","Slope Change","Base",0.183860773903071,-0.067527029975,0.46790134275
"vegetarian","LQ5EH4BKGV61T","Slope Change","Base",0.00470209537331333,-0.389518816175,0.4092078585
"vegetarian","S8MT0YGD2KTN9","Slope Change","Base",-0.0317328989667633,-0.17163624385,0.1185563500475
"vegetarian","SAFK7ND1HR6XS","Slope Change","Base",-0.108578993558342,-0.53298495575,0.265876352125
"vegetarian","SRQS8F7JWA9MZ","Slope Change","Base",0.0775158234557733,-0.167644316325,0.3868178995
"vegetarian","SRQS8F7JWA9MZ","Slope Change","Base",0.0119529220034255,-0.30898820975,0.26086493435
"vegetarian","V3Q26BHF3SE2H","Slope Change","Base",-0.060065775284803,-0.44644527525,0.25716429375
"vegetarian","V3Q26BHF3SE2H","Slope Change","Base",-0.0505238522074,-0.43519970605,0.27047039335
"vegetarian","V3Q26BHF3SE2H","Slope Change","Base",0.00983146843608433,-0.28222230425,0.375962223
"vegetarian","V3Q26BHF3SE2H","Slope Change","Base",-0.0235598623448989,-0.351543535275,0.32014219325
"vegetarian","W8T41JZK0ZMEP","Slope Change","Base",0.0347393638206501,-0.28946103525,0.4191220281575
"vegetarian","W8T41JZK0ZMEP","Slope Change","Base",-0.0274361957288603,-0.4266560681,0.306162049075
"vegetarian","W8T41JZK0ZMEP","Slope Change","Base",0.011062480180769,-0.38644795075,0.371127531675
"vegetarian","W8T41JZK0ZMEP","Slope Change","Base",-0.00247040899731062,-0.36896127175,0.35189314005
"vegetarian","W8T41JZK0ZMEP","Slope Change","Base",0.024783401863141,-0.2931667765,0.39645977175
"vegetarian","pooled","Slope Change","Base",-0.015698365762685,-0.151447419995,0.118428580075
"vegetarian","1SQPTEGYPH0GA","Gender x Level","Female",0.1693062122981,-0.2054602435,0.553693448
"vegetarian","2HRX9P6HKXA8V","Gender x Level","Female",0.156738090363773,-0.064382175,0.376467943475
"vegetarian","78AY09MVJVTYE","Gender x Level","Female",-0.182962075035678,-0.4510237672025,0.0749015296000001
"vegetarian","9XKJD8DQTH559","Gender x Level","Female",0.66462907622694,0.02867138075,1.530111363125
"vegetarian","9XKJD8DQTH559","Gender x Level","Female",-0.365957581906965,-1.17757002275,0.2245948345
"vegetarian","C0BE4NDSW26QN","Gender x Level","Female",-0.0366201918660333,-0.6160290395,0.510552469975
"vegetarian","C0BE4NDSW26QN","Gender x Level","Female",-0.0419511476259283,-0.6053897181,0.535196846025
"vegetarian","ED5J990H5VAZT","Gender x Level","Female",0.0659122977679667,0.00297827365,0.13159919175
"vegetarian","EMBVNVD207CC6","Gender x Level","Female",-0.12271675670723,-0.4775546625,0.2263790217
"vegetarian","L69HYJ4Y3TR91","Gender x Level","Female",0.0160693957891827,-0.22383814975,0.25882691455
"vegetarian","LBZEEFSBJNB3Z","Gender x Level","Female",0.0847074091870333,-0.09397277475,0.2613695065
"vegetarian","LQ5EH4BKGV61T","Gender x Level","Female",0.126629200708896,-0.46390510905,0.76265216725
"vegetarian","S8MT0YGD2KTN9","Gender x Level","Female",0.223688785375088,-0.00375566375,0.46182921725
"vegetarian","SAFK7ND1HR6XS","Gender x Level","Female",0.0655341590989533,-0.157989231575,0.28747607395
"vegetarian","SRQS8F7JWA9MZ","Gender x Level","Female",-0.022749188225598,-0.22279329825,0.1757479937075
"vegetarian","SRQS8F7JWA9MZ","Gender x Level","Female",0.02352580786442,-0.18732873643925,0.22811073125
"vegetarian","V3Q26BHF3SE2H","Gender x Level","Female",0.19421932860849,-0.1315662847,0.571478074075
"vegetarian","V3Q26BHF3SE2H","Gender x Level","Female",-0.0319160051141764,-0.360110047,0.254630039025
"vegetarian","V3Q26BHF3SE2H","Gender x Level","Female",-0.0638435247496773,-0.273773257875,0.153115462825
"vegetarian","V3Q26BHF3SE2H","Gender x Level","Female",-0.0536951590241447,-0.31638907365,0.20681207525
"vegetarian","W8T41JZK0ZMEP","Gender x Level","Female",0.0265473986658857,-0.2810046452,0.344046303
"vegetarian","W8T41JZK0ZMEP","Gender x Level","Female",-0.0296920985496583,-0.276324497875,0.216244848525
"vegetarian","W8T41JZK0ZMEP","Gender x Level","Female",-0.06503714842921,-0.3600330495,0.21817881725
"vegetarian","W8T41JZK0ZMEP","Gender x Level","Female",0.038591801167706,-0.255131072275,0.3495559489075
"vegetarian","W8T41JZK0ZMEP","Gender x Level","Female",0.097110373434649,-0.22373649975,0.45615673715
"vegetarian","pooled","Gender x Level","Female",0.0633706010970533,-0.119392531775,0.25282852425
"vegetarian","1SQPTEGYPH0GA","Gender x Level","Male",0.013689529612748,-0.267243580325,0.249630935
"vegetarian","2HRX9P6HKXA8V","Gender x Level","Male",0.0170751055017973,-0.1700179789,0.197778748425
"vegetarian","78AY09MVJVTYE","Gender x Level","Male",0.2627449342496,0.079700472,0.4882775425
"vegetarian","9XKJD8DQTH559","Gender x Level","Male",0.0478385830874,-0.33495629825,0.4436799215
"vegetarian","9XKJD8DQTH559","Gender x Level","Male",-0.0583903825605633,-0.431276812975,0.27975153025
"vegetarian","C0BE4NDSW26QN","Gender x Level","Male",0.0341458000957367,-0.4272339265,0.47796474325
"vegetarian","C0BE4NDSW26QN","Gender x Level","Male",0.0308548508111433,-0.40350660375,0.47751378075
"vegetarian","ED5J990H5VAZT","Gender x Level","Male",0.1627120367276,0.098847828675,0.22558999925
"vegetarian","EMBVNVD207CC6","Gender x Level","Male",-0.0966376233430143,-0.3414490045,0.1301505608725
"vegetarian","L69HYJ4Y3TR91","Gender x Level","Male",0.00777687506383333,-0.243222895,0.2541732875
"vegetarian","LBZEEFSBJNB3Z","Gender x Level","Male",0.110849247705935,-0.08570607,0.314778753125
"vegetarian","LQ5EH4BKGV61T","Gender x Level","Male",0.0534711232531437,-0.3013634545,0.402687708525
"vegetarian","S8MT0YGD2KTN9","Gender x Level","Male",0.072378771986529,-0.09866608565,0.252446835275
"vegetarian","SAFK7ND1HR6XS","Gender x Level","Male",0.0829596313785967,-0.101350943425,0.25868213125
"vegetarian","SRQS8F7JWA9MZ","Gender x Level","Male",-0.0408748207195003,-0.231616426,0.150111411525
"vegetarian","SRQS8F7JWA9MZ","Gender x Level","Male",0.0920279658762607,-0.101920233125,0.30101769105
"vegetarian","V3Q26BHF3SE2H","Gender x Level","Male",-0.0390284519763067,-0.416901964,0.285049458831
"vegetarian","V3Q26BHF3SE2H","Gender x Level","Male",0.0848143968126887,-0.2248673368875,0.4373574875
"vegetarian","V3Q26BHF3SE2H","Gender x Level","Male",0.0636450420907667,-0.1551095215025,0.2990132965
"vegetarian","V3Q26BHF3SE2H","Gender x Level","Male",-0.076931602954512,-0.345014279,0.17677000845
"vegetarian","W8T41JZK0ZMEP","Gender x Level","Male",0.0866730240148433,-0.363776484325,0.600947271100001
"vegetarian","W8T41JZK0ZMEP","Gender x Level","Male",0.198992258232599,-0.07864675225,0.489683178525
"vegetarian","W8T41JZK0ZMEP","Gender x Level","Male",-0.177689408502802,-0.520025724,0.1290578713
"vegetarian","W8T41JZK0ZMEP","Gender x Level","Male",-0.0189140602698233,-0.39452479775,0.3071465655575
"vegetarian","W8T41JZK0ZMEP","Gender x Level","Male",-0.0885298417654167,-0.6516742166575,0.4969052319
"vegetarian","pooled","Gender x Level","Male",0.056366038286605,-0.06185474215,0.1620427748
"vegan","1SQPTEGYPH0GA","Level Change","Base",-0.0920460622515,-0.34619361185,0.04627278425
"vegan","2HRX9P6HKXA8V","Level Change","Base",0.00962538829136667,-0.125568476,0.14490858275
"vegan","78AY09MVJVTYE","Level Change","Base",-0.063451711636366,-0.249393565,0.08115591725
"vegan","9XKJD8DQTH559","Level Change","Base",-0.114090796334466,-0.3254080525,0.11220929
"vegan","9XKJD8DQTH559","Level Change","Base",0.00495484926926667,-0.226571669,0.1868497104
"vegan","C0BE4NDSW26QN","Level Change","Base",0.0509253681826667,-0.17623925,0.2797103575
"vegan","C0BE4NDSW26QN","Level Change","Base",0.0578853122793645,-0.157512905,0.2883857775
"vegan","ED5J990H5VAZT","Level Change","Base",0.0178845278364207,-0.04382734025,0.0811155465
"vegan","EMBVNVD207CC6","Level Change","Base",-0.0916580550919967,-0.3362712575,0.05906107025
"vegan","L69HYJ4Y3TR91","Level Change","Base",-0.0367661029444633,-0.2074700575,0.110044265
"vegan","LBZEEFSBJNB3Z","Level Change","Base",0.0370001620976,-0.087862785,0.18504934175
"vegan","LQ5EH4BKGV61T","Level Change","Base",-0.00220412516993333,-0.20504389,0.2206660175
"vegan","S8MT0YGD2KTN9","Level Change","Base",0.0450259256138867,-0.1041953175,0.274245553
"vegan","SAFK7ND1HR6XS","Level Change","Base",-0.0332291850348533,-0.17186231825,0.10020861675
"vegan","SRQS8F7JWA9MZ","Level Change","Base",-0.0237484811111667,-0.12149181,0.071353515
"vegan","SRQS8F7JWA9MZ","Level Change","Base",0.0338528007919333,-0.064258785,0.1328817125
"vegan","V3Q26BHF3SE2H","Level Change","Base",0.0457572063554333,-0.0966929275,0.19372350425
"vegan","V3Q26BHF3SE2H","Level Change","Base",0.0750615426490067,-0.06953717675,0.209210825
"vegan","V3Q26BHF3SE2H","Level Change","Base",-0.1043905131888,-0.24388751,0.02087328
"vegan","V3Q26BHF3SE2H","Level Change","Base",0.0042356732044,-0.120150345,0.1474190275
"vegan","W8T41JZK0ZMEP","Level Change","Base",-0.0736305953554,-0.25863225,0.1278696
"vegan","W8T41JZK0ZMEP","Level Change","Base",0.149540694912033,-0.041133975,0.339137315
"vegan","W8T41JZK0ZMEP","Level Change","Base",-0.108123991986667,-0.285514835,0.0566502625
"vegan","W8T41JZK0ZMEP","Level Change","Base",-0.0661063293625667,-0.2467608325,0.10110973775
"vegan","W8T41JZK0ZMEP","Level Change","Base",0.000274904560033333,-0.193053025,0.2074007975
"vegan","pooled","Level Change","Base",-0.0187739962109667,-0.095078325,0.04884664
"vegan","1SQPTEGYPH0GA","Slope Change","Base",-0.184712051778433,-0.399053983,0.03457479725
"vegan","2HRX9P6HKXA8V","Slope Change","Base",-0.025156211016566,-0.113678455,0.059595668
"vegan","78AY09MVJVTYE","Slope Change","Base",-0.0263958277840333,-0.11392379,0.0548698325
"vegan","9XKJD8DQTH559","Slope Change","Base",-0.06298849470907,-0.31092695,0.17121598925
"vegan","9XKJD8DQTH559","Slope Change","Base",-0.0597974656475633,-0.28750494,0.1619123425
"vegan","C0BE4NDSW26QN","Slope Change","Base",-0.00496690725603,-0.15518057525,0.1608692495
"vegan","C0BE4NDSW26QN","Slope Change","Base",-0.0593118303399667,-0.24942183425,0.0942654075
"vegan","ED5J990H5VAZT","Slope Change","Base",-0.00701416081916333,-0.1051023525,0.0879521715
"vegan","EMBVNVD207CC6","Slope Change","Base",-0.184791416967433,-0.4023150375,0.0430481675000001
"vegan","L69HYJ4Y3TR91","Slope Change","Base",-0.0179962862716667,-0.269333313,0.240542355
"vegan","LBZEEFSBJNB3Z","Slope Change","Base",0.0965801259592,-0.07869526125,0.322775965
"vegan","LQ5EH4BKGV61T","Slope Change","Base",-0.0193372005316,-0.303488005,0.2564910725
"vegan","S8MT0YGD2KTN9","Slope Change","Base",-0.0213424509640333,-0.1396795,0.1084506325
"vegan","SAFK7ND1HR6XS","Slope Change","Base",-0.0285835928827133,-0.29828317875,0.241235265
"vegan","SRQS8F7JWA9MZ","Slope Change","Base",0.0775988567047224,-0.108212945,0.30378393
"vegan","SRQS8F7JWA9MZ","Slope Change","Base",0.0562614158425233,-0.16346395775,0.25053915
"vegan","V3Q26BHF3SE2H","Slope Change","Base",0.01325180938912,-0.26420627425,0.274087275
"vegan","V3Q26BHF3SE2H","Slope Change","Base",0.0141571720702267,-0.2545473875,0.248147465
"vegan","V3Q26BHF3SE2H","Slope Change","Base",0.0560631774721,-0.1532774975,0.34337078375
"vegan","V3Q26BHF3SE2H","Slope Change","Base",0.0147515439055633,-0.258447715,0.25334963
"vegan","W8T41JZK0ZMEP","Slope Change","Base",0.0279522141996733,-0.22412701825,0.30357993
"vegan","W8T41JZK0ZMEP","Slope Change","Base",-0.0267093381540353,-0.3557492805,0.1811314425
"vegan","W8T41JZK0ZMEP","Slope Change","Base",0.03495724779257,-0.209888565,0.34159840725
"vegan","W8T41JZK0ZMEP","Slope Change","Base",0.0142275697501467,-0.23995383675,0.293210785
"vegan","W8T41JZK0ZMEP","Slope Change","Base",0.0224166595902567,-0.21992703075,0.287067117
"vegan","pooled","Slope Change","Base",-0.0304824561470767,-0.1369705,0.066749755
"vegan","1SQPTEGYPH0GA","Gender x Level","Female",0.479322567008567,0.1714359,0.773540985
"vegan","2HRX9P6HKXA8V","Gender x Level","Female",0.1986176606659,0.011416845,0.3892877575
"vegan","78AY09MVJVTYE","Gender x Level","Female",-0.214081999813833,-0.4744553325,0.03376437
"vegan","9XKJD8DQTH559","Gender x Level","Female",0.517218082766033,-0.089561515,1.3900144075
"vegan","9XKJD8DQTH559","Gender x Level","Female",-0.515196292956997,-1.3242352625,0.0489999485
"vegan","C0BE4NDSW26QN","Gender x Level","Female",-0.1075478401236,-0.68704070425,0.418705145
"vegan","C0BE4NDSW26QN","Gender x Level","Female",-0.09757060659093,-0.63073397,0.463748235
"vegan","ED5J990H5VAZT","Gender x Level","Female",-0.0266238453704167,-0.07365265,0.01912994525
"vegan","EMBVNVD207CC6","Gender x Level","Female",0.0228481918200367,-0.228804675,0.282369203
"vegan","L69HYJ4Y3TR91","Gender x Level","Female",0.051631317813,-0.13612491175,0.23739695975
"vegan","LBZEEFSBJNB3Z","Gender x Level","Female",-0.0902379317363333,-0.2237446333,0.042454402
"vegan","LQ5EH4BKGV61T","Gender x Level","Female",0.0435485547801333,-0.43962645,0.548988557000001
"vegan","S8MT0YGD2KTN9","Gender x Level","Female",0.0869851059580467,-0.123454635,0.30398233075
"vegan","SAFK7ND1HR6XS","Gender x Level","Female",0.0276394174315667,-0.164382525,0.231120225
"vegan","SRQS8F7JWA9MZ","Gender x Level","Female",0.02907143572443,-0.137867855,0.2036665325
"vegan","SRQS8F7JWA9MZ","Gender x Level","Female",0.01237412419274,-0.1687510835,0.186322055
"vegan","V3Q26BHF3SE2H","Gender x Level","Female",0.21734343774601,-0.0625123225,0.5878612125
"vegan","V3Q26BHF3SE2H","Gender x Level","Female",-0.0103472221934433,-0.31053385,0.2445878985
"vegan","V3Q26BHF3SE2H","Gender x Level","Female",-0.0932058075433233,-0.283455785,0.0863181625
"vegan","V3Q26BHF3SE2H","Gender x Level","Female",-0.140677265357533,-0.3739040025,0.080643735
"vegan","W8T41JZK0ZMEP","Gender x Level","Female",0.0641588818898,-0.23142103125,0.346781515
"vegan","W8T41JZK0ZMEP","Gender x Level","Female",0.00234525534003333,-0.2234348275,0.222441855
"vegan","W8T41JZK0ZMEP","Gender x Level","Female",-0.0473533265859333,-0.3187341525,0.1967910675
"vegan","W8T41JZK0ZMEP","Gender x Level","Female",0.0995941748099333,-0.16872145025,0.387918182
"vegan","W8T41JZK0ZMEP","Gender x Level","Female",0.151294177462967,-0.1396969475,0.4846415725
"vegan","pooled","Gender x Level","Female",0.0481139529115567,-0.1049896365,0.202778886
"vegan","1SQPTEGYPH0GA","Gender x Level","Male",-0.0694872766962667,-0.29221699,0.109018805
"vegan","2HRX9P6HKXA8V","Gender x Level","Male",0.00326205693526,-0.161696785,0.15993501
"vegan","78AY09MVJVTYE","Gender x Level","Male",0.130322654227467,-0.0450910225,0.3502970925
"vegan","9XKJD8DQTH559","Gender x Level","Male",-0.1550527002922,-0.4839612125,0.1636544175
"vegan","9XKJD8DQTH559","Gender x Level","Male",-0.134787746988667,-0.45286078475,0.1754039125
"vegan","C0BE4NDSW26QN","Gender x Level","Male",-0.0309169946907733,-0.38775541,0.3115337235
"vegan","C0BE4NDSW26QN","Gender x Level","Male",-0.03282606484819,-0.37540119,0.31456046
"vegan","ED5J990H5VAZT","Gender x Level","Male",0.0150180482764433,-0.0309559754225,0.0612998507
"vegan","EMBVNVD207CC6","Gender x Level","Male",-0.0520281358296,-0.2263132384,0.10827817
"vegan","L69HYJ4Y3TR91","Gender x Level","Male",-0.176697345051233,-0.38015033,0.0155057625
"vegan","LBZEEFSBJNB3Z","Gender x Level","Male",0.118981474498667,-0.02301749475,0.27993901375
"vegan","LQ5EH4BKGV61T","Gender x Level","Male",-0.00554809756918667,-0.2934913805,0.28431469
"vegan","S8MT0YGD2KTN9","Gender x Level","Male",0.0273925998929233,-0.128228189,0.18871857575
"vegan","SAFK7ND1HR6XS","Gender x Level","Male",-0.0398575507653167,-0.205056113,0.1058657285
"vegan","SRQS8F7JWA9MZ","Gender x Level","Male",-0.101255512262467,-0.2743165275,0.0552655575
"vegan","SRQS8F7JWA9MZ","Gender x Level","Male",0.0698116507336667,-0.09039949,0.250891193
"vegan","V3Q26BHF3SE2H","Gender x Level","Male",0.0392813803413933,-0.24024603025,0.318955828
"vegan","V3Q26BHF3SE2H","Gender x Level","Male",-0.0389035259914333,-0.29013165225,0.2003845525
"vegan","V3Q26BHF3SE2H","Gender x Level","Male",0.0382703573025743,-0.1415376825,0.2241894375
"vegan","V3Q26BHF3SE2H","Gender x Level","Male",0.00106084804486667,-0.2122991675,0.2037483325
"vegan","W8T41JZK0ZMEP","Gender x Level","Male",0.2150697140506,-0.08580006475,0.6594146075
"vegan","W8T41JZK0ZMEP","Gender x Level","Male",0.245101613699023,0.0183893175,0.4982205625
"vegan","W8T41JZK0ZMEP","Gender x Level","Male",-0.1186429687964,-0.4096520675,0.140895035
"vegan","W8T41JZK0ZMEP","Gender x Level","Male",0.0715293784395333,-0.18500652,0.3388142325
"vegan","W8T41JZK0ZMEP","Gender x Level","Male",-0.258818280507733,-0.7440657225,0.0925198875
"vegan","pooled","Gender x Level","Male",-0.00949477593306,-0.111399455,0.0793912425
"chicken_fish","1SQPTEGYPH0GA","Level Change","Base",-0.0722728854640667,-0.420979344,0.17786049625
"chicken_fish","2HRX9P6HKXA8V","Level Change","Base",0.0461176104243333,-0.102225991675,0.199105584
"chicken_fish","78AY09MVJVTYE","Level Change","Base",-0.0120299491154333,-0.204999362025,0.13683869815
"chicken_fish","9XKJD8DQTH559","Level Change","Base",-0.00375945747657,-0.216448558425,0.200967956475
"chicken_fish","9XKJD8DQTH559","Level Change","Base",-0.0775443943272,-0.29974091725,0.089072623225
"chicken_fish","C0BE4NDSW26QN","Level Change","Base",-0.0615919376076833,-0.2481616245,0.1288413042105
"chicken_fish","C0BE4NDSW26QN","Level Change","Base",0.0607578213045645,-0.10326031935,0.221899545675
"chicken_fish","ED5J990H5VAZT","Level Change","Base",0.04901573371562,-0.06562969345,0.184084254
"chicken_fish","EMBVNVD207CC6","Level Change","Base",-0.0736020729195,-0.325797647,0.094604521075
"chicken_fish","L69HYJ4Y3TR91","Level Change","Base",0.0390794427826667,-0.23459840125,0.2696021245
"chicken_fish","LBZEEFSBJNB3Z","Level Change","Base",0.126948499197167,-0.093159970375,0.364489066
"chicken_fish","LQ5EH4BKGV61T","Level Change","Base",-0.0637079040813333,-0.251342786,0.169726587925
"chicken_fish","S8MT0YGD2KTN9","Level Change","Base",0.153148711416133,-0.081760475825,0.4517253435
"chicken_fish","SAFK7ND1HR6XS","Level Change","Base",0.0752343772726133,-0.084399125925,0.25361531925
"chicken_fish","SRQS8F7JWA9MZ","Level Change","Base",0.0047722633928448,-0.08175321684095,0.090477811414
"chicken_fish","SRQS8F7JWA9MZ","Level Change","Base",0.0101595602066688,-0.07577583850685,0.10237964897765
"chicken_fish","V3Q26BHF3SE2H","Level Change","Base",0.0111555172322,-0.19080862425,0.24275021425
"chicken_fish","V3Q26BHF3SE2H","Level Change","Base",0.0960253446940733,-0.160566043875,0.314991608
"chicken_fish","V3Q26BHF3SE2H","Level Change","Base",0.190775819462133,-0.057990384875,0.5176971955
"chicken_fish","V3Q26BHF3SE2H","Level Change","Base",0.02424875182925,-0.17407736075,0.21021307305
"chicken_fish","W8T41JZK0ZMEP","Level Change","Base",-0.0260080854275667,-0.2138579445,0.198735379
"chicken_fish","W8T41JZK0ZMEP","Level Change","Base",0.00266680730186667,-0.1639221298475,0.12523890315
"chicken_fish","W8T41JZK0ZMEP","Level Change","Base",-0.0100743196422,-0.16323426405,0.1372474805
"chicken_fish","W8T41JZK0ZMEP","Level Change","Base",-0.054588935864,-0.201596080425,0.097638956
"chicken_fish","W8T41JZK0ZMEP","Level Change","Base",0.0581622222706,-0.17736358015,0.30408791125
"chicken_fish","pooled","Level Change","Base",0.0450255218445,-0.0860232377,0.14557795025
"chicken_fish","1SQPTEGYPH0GA","Slope Change","Base",-0.184384825800767,-0.43636673715,0.0619703456000001
"chicken_fish","2HRX9P6HKXA8V","Slope Change","Base",0.0185630344317007,-0.18137017375,0.241582407
"chicken_fish","78AY09MVJVTYE","Slope Change","Base",0.0222442919277041,-0.0714925327173,0.1186750616
"chicken_fish","9XKJD8DQTH559","Slope Change","Base",-0.0176177125537667,-0.315694976425,0.30536771125
"chicken_fish","9XKJD8DQTH559","Slope Change","Base",0.0302618952086667,-0.2852361606,0.370581952
"chicken_fish","C0BE4NDSW26QN","Slope Change","Base",0.0161274535272033,-0.2291704565,0.234635168675
"chicken_fish","C0BE4NDSW26QN","Slope Change","Base",0.0795624875656667,-0.13095508855,0.2324884935
"chicken_fish","ED5J990H5VAZT","Slope Change","Base",0.00648615227756667,-0.112763483375,0.11599822715
"chicken_fish","EMBVNVD207CC6","Slope Change","Base",-0.319378626280333,-0.6470593005,-0.0189095673
"chicken_fish","L69HYJ4Y3TR91","Slope Change","Base",-0.141668040179433,-0.5177365235,0.271297125
"chicken_fish","LBZEEFSBJNB3Z","Slope Change","Base",0.0692693829442333,-0.125408876225,0.31555864045
"chicken_fish","LQ5EH4BKGV61T","Slope Change","Base",0.1140349245356,-0.259894807125,0.465079044
"chicken_fish","S8MT0YGD2KTN9","Slope Change","Base",0.0850367412033,-0.11281688655,0.374833462
"chicken_fish","SAFK7ND1HR6XS","Slope Change","Base",-0.0226175584084333,-0.34957323425,0.29634294125
"chicken_fish","SRQS8F7JWA9MZ","Slope Change","Base",0.0797252904988083,-0.0963351017335,0.28677574688175
"chicken_fish","SRQS8F7JWA9MZ","Slope Change","Base",0.0566886388914752,-0.14906258173585,0.237544610208825
"chicken_fish","V3Q26BHF3SE2H","Slope Change","Base",0.00393638936312,-0.2626149376,0.261698757225
"chicken_fish","V3Q26BHF3SE2H","Slope Change","Base",-0.0228931477751,-0.29755578035,0.22565928835
"chicken_fish","V3Q26BHF3SE2H","Slope Change","Base",0.0629650249176,-0.1756511269225,0.351514424
"chicken_fish","V3Q26BHF3SE2H","Slope Change","Base",-0.0912484659958,-0.492285114125,0.230174605225
"chicken_fish","W8T41JZK0ZMEP","Slope Change","Base",-0.1254627988962,-0.42866202675,0.1734400614
"chicken_fish","W8T41JZK0ZMEP","Slope Change","Base",-0.122152126078397,-0.47530115655,0.11572423125
"chicken_fish","W8T41JZK0ZMEP","Slope Change","Base",0.085595477174,-0.12807937815,0.3839424735
"chicken_fish","W8T41JZK0ZMEP","Slope Change","Base",-0.0394056979745533,-0.3751656305,0.291487009225
"chicken_fish","W8T41JZK0ZMEP","Slope Change","Base",0.0325252089395,-0.222200117275,0.292928124750001
"chicken_fish","pooled","Slope Change","Base",0.00313537470013667,-0.12711970835,0.1576893895
"chicken_fish","1SQPTEGYPH0GA","Gender x Level","Female",0.393415181613,0.07786483275,0.699476377625
"chicken_fish","2HRX9P6HKXA8V","Gender x Level","Female",0.204947420396333,0.0137899383,0.4021599452
"chicken_fish","78AY09MVJVTYE","Gender x Level","Female",-0.323872872777333,-0.581051827125,-0.0759509945249999
"chicken_fish","9XKJD8DQTH559","Gender x Level","Female",0.516707614168,-0.1775645475,1.40195572775
"chicken_fish","9XKJD8DQTH559","Gender x Level","Female",-0.6229364058022,-1.492672034,0.0996645307500002
"chicken_fish","C0BE4NDSW26QN","Gender x Level","Female",-0.0871348055621667,-0.6541313315,0.43145654025
"chicken_fish","C0BE4NDSW26QN","Gender x Level","Female",-0.113264180261133,-0.6298943421275,0.4416907457
"chicken_fish","ED5J990H5VAZT","Gender x Level","Female",-0.0486772384469333,-0.10566964855,0.00222820607
"chicken_fish","EMBVNVD207CC6","Gender x Level","Female",0.0655042319553333,-0.28871402825,0.48665036
"chicken_fish","L69HYJ4Y3TR91","Gender x Level","Female",-0.0797199359042333,-0.27033985475,0.106113834775
"chicken_fish","LBZEEFSBJNB3Z","Gender x Level","Female",-0.128423684691667,-0.477287227,0.15771248075
"chicken_fish","LQ5EH4BKGV61T","Gender x Level","Female",-0.0059096382495,-0.5335230125,0.57419701275
"chicken_fish","S8MT0YGD2KTN9","Gender x Level","Female",-0.0849524255055333,-0.32600410375,0.16352796945
"chicken_fish","SAFK7ND1HR6XS","Gender x Level","Female",-0.0911399462197667,-0.2899487415,0.112992338975
"chicken_fish","SRQS8F7JWA9MZ","Gender x Level","Female",0.0853348558498881,-0.0673373685295475,0.253118102970375
"chicken_fish","SRQS8F7JWA9MZ","Gender x Level","Female",-0.0403200013821653,-0.213061681548905,0.118962848564035
"chicken_fish","V3Q26BHF3SE2H","Gender x Level","Female",0.157864546713,-0.24607200725,0.57364945445
"chicken_fish","V3Q26BHF3SE2H","Gender x Level","Female",-0.126691778648977,-0.449282718525,0.150873890805
"chicken_fish","V3Q26BHF3SE2H","Gender x Level","Female",-0.0353183467399967,-0.2845089284155,0.25790781975
"chicken_fish","V3Q26BHF3SE2H","Gender x Level","Female",-0.149694492602233,-0.4052420089225,0.0974189498250001
"chicken_fish","W8T41JZK0ZMEP","Gender x Level","Female",0.0393196949109333,-0.30192297825,0.3692739926625
"chicken_fish","W8T41JZK0ZMEP","Gender x Level","Female",-0.147981813772733,-0.4371817535,0.146227017925
"chicken_fish","W8T41JZK0ZMEP","Gender x Level","Female",0.105860522297,-0.16402350125,0.34475355475
"chicken_fish","W8T41JZK0ZMEP","Gender x Level","Female",0.183760101134233,-0.071416735425,0.47407574825
"chicken_fish","W8T41JZK0ZMEP","Gender x Level","Female",0.0597771770070333,-0.27029298525,0.47141411505
"chicken_fish","pooled","Gender x Level","Female",-0.0412862321174467,-0.188916991025,0.112508534375
"chicken_fish","1SQPTEGYPH0GA","Gender x Level","Male",-0.146791988479967,-0.383554249775,0.04377291125
"chicken_fish","2HRX9P6HKXA8V","Gender x Level","Male",-0.0645546801175167,-0.2360769755,0.0924456109000001
"chicken_fish","78AY09MVJVTYE","Gender x Level","Male",0.0905784235019,-0.0911767027,0.3079062545025
"chicken_fish","9XKJD8DQTH559","Gender x Level","Male",-0.135861532679,-0.62271526475,0.31812495575
"chicken_fish","9XKJD8DQTH559","Gender x Level","Male",-0.2619203653656,-0.58373854,0.0597149847500002
"chicken_fish","C0BE4NDSW26QN","Gender x Level","Male",-0.0302664360953333,-0.4831504875,0.394868296
"chicken_fish","C0BE4NDSW26QN","Gender x Level","Male",-0.0823848685493333,-0.458869789775,0.3037167948
"chicken_fish","ED5J990H5VAZT","Gender x Level","Male",-0.00529490673226667,-0.066057154825,0.0590332927225
"chicken_fish","EMBVNVD207CC6","Gender x Level","Male",0.0259452341696,-0.1678584848875,0.22477041275
"chicken_fish","L69HYJ4Y3TR91","Gender x Level","Male",-0.156999979961167,-0.431028833375,0.10457035725
"chicken_fish","LBZEEFSBJNB3Z","Gender x Level","Male",0.103411314612333,-0.137689879,0.3172730009
"chicken_fish","LQ5EH4BKGV61T","Gender x Level","Male",0.0014261651866,-0.369685224,0.33924386005
"chicken_fish","S8MT0YGD2KTN9","Gender x Level","Male",0.0444476111502667,-0.11842595215,0.22117342395
"chicken_fish","SAFK7ND1HR6XS","Gender x Level","Male",0.0689393190571333,-0.113594593075,0.239136453
"chicken_fish","SRQS8F7JWA9MZ","Gender x Level","Male",-0.0995465641948443,-0.267392756752989,0.0503091054494075
"chicken_fish","SRQS8F7JWA9MZ","Gender x Level","Male",0.13145925797877,-0.0216454814949127,0.311732278262663
"chicken_fish","V3Q26BHF3SE2H","Gender x Level","Male",-0.0474923040092667,-0.348947188,0.2615235849
"chicken_fish","V3Q26BHF3SE2H","Gender x Level","Male",0.0615426363030667,-0.303225016025,0.51089982575
"chicken_fish","V3Q26BHF3SE2H","Gender x Level","Male",-0.0688971119622667,-0.25692595255,0.137084349775
"chicken_fish","V3Q26BHF3SE2H","Gender x Level","Male",-0.2308760548864,-0.620628129,0.105550079675
"chicken_fish","W8T41JZK0ZMEP","Gender x Level","Male",0.405338280794,-0.18338623125,1.13424469375
"chicken_fish","W8T41JZK0ZMEP","Gender x Level","Male",0.288206018005333,0.0234688797,0.58988588375
"chicken_fish","W8T41JZK0ZMEP","Gender x Level","Male",-0.222240614389233,-0.61274999225,0.1422789687
"chicken_fish","W8T41JZK0ZMEP","Gender x Level","Male",0.238391032908167,-0.016654919975,0.50749430025
"chicken_fish","W8T41JZK0ZMEP","Gender x Level","Male",-0.280108238395667,-0.908161601,0.18471208175
"chicken_fish","pooled","Gender x Level","Male",0.00643724567362,-0.099661269525,0.10311897835
"meat","1SQPTEGYPH0GA","Level Change","Base",-0.0343455940663109,-0.32791223065,0.18526918625
"meat","2HRX9P6HKXA8V","Level Change","Base",-0.0271848014538309,-0.19926339625,0.1404856525
"meat","78AY09MVJVTYE","Level Change","Base",0.0099795525931,-0.216606321075,0.24802993
"meat","9XKJD8DQTH559","Level Change","Base",-0.04077131134532,-0.38934335875,0.259576047
"meat","9XKJD8DQTH559","Level Change","Base",0.163233664792268,-0.169566706525,0.59013497925
"meat","C0BE4NDSW26QN","Level Change","Base",0.0333482423697387,-0.24676546215,0.3197035495
"meat","C0BE4NDSW26QN","Level Change","Base",0.0311739120951165,-0.246031129,0.31269840025
"meat","ED5J990H5VAZT","Level Change","Base",0.00670324926882737,-0.07551113795,0.08911173215
"meat","EMBVNVD207CC6","Level Change","Base",-0.135367581678755,-0.42882674625,0.0680027591750001
"meat","L69HYJ4Y3TR91","Level Change","Base",-0.0257261138962953,-0.216960313925,0.148716648575
"meat","LBZEEFSBJNB3Z","Level Change","Base",-0.072216174447996,-0.2892163105,0.129818420625
"meat","LQ5EH4BKGV61T","Level Change","Base",-0.0322670977734543,-0.314827575,0.2386785056
"meat","S8MT0YGD2KTN9","Level Change","Base",0.0083855313153043,-0.23448438325,0.258038414625
"meat","SAFK7ND1HR6XS","Level Change","Base",0.0228929969491973,-0.151406101925,0.2178817425
"meat","SRQS8F7JWA9MZ","Level Change","Base",-0.00582788000778833,-0.158042976025,0.1465064661
"meat","SRQS8F7JWA9MZ","Level Change","Base",-0.0625731590880437,-0.20817152375,0.0905184866250001
"meat","V3Q26BHF3SE2H","Level Change","Base",0.0438424778192963,-0.14396135675,0.27642941
"meat","V3Q26BHF3SE2H","Level Change","Base",-0.111332694657841,-0.33944649125,0.068738689775
"meat","V3Q26BHF3SE2H","Level Change","Base",0.029131557928727,-0.1430245467225,0.2052309735
"meat","V3Q26BHF3SE2H","Level Change","Base",-0.09878674810178,-0.3054046945,0.0841079543500001
"meat","W8T41JZK0ZMEP","Level Change","Base",0.0561946330713593,-0.113026677,0.26317050575
"meat","W8T41JZK0ZMEP","Level Change","Base",-0.209098290439707,-0.38560705575,-0.0573763746574998
"meat","W8T41JZK0ZMEP","Level Change","Base",-0.0422473549449347,-0.206104003975,0.1141228065
"meat","W8T41JZK0ZMEP","Level Change","Base",-0.0807587458208083,-0.25291272925,0.081390408505
"meat","W8T41JZK0ZMEP","Level Change","Base",-0.124586552124662,-0.323181186,0.0644236077500001
"meat","pooled","Level Change","Base",-0.024177305644762,-0.12200243438,0.069288052175
"meat","1SQPTEGYPH0GA","Slope Change","Base",-0.0674578775865367,-0.306418986575,0.1807125875
"meat","2HRX9P6HKXA8V","Slope Change","Base",0.00939644022175567,-0.102320475775,0.11979325845
"meat","78AY09MVJVTYE","Slope Change","Base",0.0863933294109703,-0.027370644025,0.20054830375
"meat","9XKJD8DQTH559","Slope Change","Base",0.0155763379429333,-0.3143101545925,0.359869219
"meat","9XKJD8DQTH559","Slope Change","Base",0.014806390841156,-0.30033608495,0.32691935775
"meat","C0BE4NDSW26QN","Slope Change","Base",0.04729714152143,-0.151184349,0.281790790375
"meat","C0BE4NDSW26QN","Slope Change","Base",-0.023735122561498,-0.266160380325,0.180024289725
"meat","ED5J990H5VAZT","Slope Change","Base",0.1322271619857,0.0068585631,0.255579184
"meat","EMBVNVD207CC6","Slope Change","Base",-0.19821916845808,-0.452745709175,0.0553614222750001
"meat","L69HYJ4Y3TR91","Slope Change","Base",0.0832986148440677,-0.229326290075,0.4341379885
"meat","LBZEEFSBJNB3Z","Slope Change","Base",-0.0738363836729247,-0.353439021,0.186921321
"meat","LQ5EH4BKGV61T","Slope Change","Base",0.0161591086598807,-0.35309175925,0.356510116125
"meat","S8MT0YGD2KTN9","Slope Change","Base",0.0451025040836817,-0.12737309585,0.2191106365
"meat","SAFK7ND1HR6XS","Slope Change","Base",0.0370358769721823,-0.271654852575,0.3698626145
"meat","SRQS8F7JWA9MZ","Slope Change","Base",0.0304393466266327,-0.2589103615,0.307862336275
"meat","SRQS8F7JWA9MZ","Slope Change","Base",0.0421534519848597,-0.22379275185,0.3413906165
"meat","V3Q26BHF3SE2H","Slope Change","Base",0.0823763541237386,-0.25560854305,0.461102862825
"meat","V3Q26BHF3SE2H","Slope Change","Base",0.0819319973478161,-0.256886643725,0.4716385795
"meat","V3Q26BHF3SE2H","Slope Change","Base",0.0353427872128,-0.39601802425,0.363908529
"meat","V3Q26BHF3SE2H","Slope Change","Base",0.043995253583065,-0.302795113425,0.3703309880475
"meat","W8T41JZK0ZMEP","Slope Change","Base",-0.023054028596722,-0.41319201925,0.314701691125
"meat","W8T41JZK0ZMEP","Slope Change","Base",-0.00764515980853533,-0.3789455152225,0.41957058325
"meat","W8T41JZK0ZMEP","Slope Change","Base",0.0348078290049837,-0.28231553905,0.41662058546
"meat","W8T41JZK0ZMEP","Slope Change","Base",0.002249504655924,-0.362540174525,0.3885484806
"meat","W8T41JZK0ZMEP","Slope Change","Base",-0.0341885578155069,-0.462623056725,0.2971900732525
"meat","pooled","Slope Change","Base",0.0117153165828243,-0.1068039974,0.13304056
"meat","1SQPTEGYPH0GA","Gender x Level","Female",0.363234569605439,0.0137199705,0.684020068315
"meat","2HRX9P6HKXA8V","Gender x Level","Female",0.111061680280073,-0.11827742775,0.333639019675
"meat","78AY09MVJVTYE","Gender x Level","Female",-0.158922652921602,-0.467092041575,0.182962353
"meat","9XKJD8DQTH559","Gender x Level","Female",0.310461229726663,-0.5077301955,1.243739053725
"meat","9XKJD8DQTH559","Gender x Level","Female",-0.538406970949918,-1.3892798956,0.20265391375
"meat","C0BE4NDSW26QN","Gender x Level","Female",-0.0546197714420233,-0.61939453805,0.481940187025
"meat","C0BE4NDSW26QN","Gender x Level","Female",-0.0435104764670693,-0.5758970072475,0.5180579
"meat","ED5J990H5VAZT","Gender x Level","Female",-0.0855009777041233,-0.146599063,-0.02260017875
"meat","EMBVNVD207CC6","Gender x Level","Female",0.10752693046283,-0.2003076585,0.4435173325
"meat","L69HYJ4Y3TR91","Gender x Level","Female",0.0407992476436477,-0.151603901125,0.238071243375
"meat","LBZEEFSBJNB3Z","Gender x Level","Female",-0.15478906136824,-0.324928253025,0.00162974560000001
"meat","LQ5EH4BKGV61T","Gender x Level","Female",0.00709142829927067,-0.5062693675,0.556992537750001
"meat","S8MT0YGD2KTN9","Gender x Level","Female",-0.0231147772421573,-0.29247825725,0.231291426725
"meat","SAFK7ND1HR6XS","Gender x Level","Female",-0.0240094095125317,-0.250842037675,0.21527408025
"meat","SRQS8F7JWA9MZ","Gender x Level","Female",0.100625851010205,-0.084181399825,0.3066283239
"meat","SRQS8F7JWA9MZ","Gender x Level","Female",-0.0593933654907203,-0.272940254025,0.12943403755
"meat","V3Q26BHF3SE2H","Gender x Level","Female",0.157269792029335,-0.1863070895,0.527079197235
"meat","V3Q26BHF3SE2H","Gender x Level","Female",-0.0557450105899903,-0.36341865035,0.2419892289975
"meat","V3Q26BHF3SE2H","Gender x Level","Female",-0.0815194043371651,-0.286457694275,0.1325782842
"meat","V3Q26BHF3SE2H","Gender x Level","Female",-0.161271000775251,-0.411668804775,0.07643287635
"meat","W8T41JZK0ZMEP","Gender x Level","Female",0.00659051417230967,-0.299627885025,0.2989551312075
"meat","W8T41JZK0ZMEP","Gender x Level","Female",-0.0448956427479334,-0.2815511953975,0.17776216826
"meat","W8T41JZK0ZMEP","Gender x Level","Female",-0.064286687893821,-0.351445712175,0.192070344205
"meat","W8T41JZK0ZMEP","Gender x Level","Female",0.123711221486329,-0.1516251484525,0.4396147007
"meat","W8T41JZK0ZMEP","Gender x Level","Female",0.0939003187573177,-0.21996565925,0.4314935882325
"meat","pooled","Gender x Level","Female",0.0102959762912801,-0.152073748125,0.1802655566
"meat","1SQPTEGYPH0GA","Gender x Level","Male",-0.0478144781114424,-0.299149956375,0.16813920525
"meat","2HRX9P6HKXA8V","Gender x Level","Male",-0.00327847605678213,-0.211146713925,0.1955816144
"meat","78AY09MVJVTYE","Gender x Level","Male",-0.126573669093,-0.41314123,0.154232953875
"meat","9XKJD8DQTH559","Gender x Level","Male",-0.0957832375818493,-0.52607086545,0.3136275045
"meat","9XKJD8DQTH559","Gender x Level","Male",-0.143139742439486,-0.526087370975,0.241750091825
"meat","C0BE4NDSW26QN","Gender x Level","Male",-0.0718213369101787,-0.50377851525,0.35631068645
"meat","C0BE4NDSW26QN","Gender x Level","Male",-0.059512011792601,-0.48292971505,0.377909918325
"meat","ED5J990H5VAZT","Gender x Level","Male",-0.133908128848067,-0.1943748535,-0.06956146025
"meat","EMBVNVD207CC6","Gender x Level","Male",0.116241984319013,-0.105297803175,0.35168273525
"meat","L69HYJ4Y3TR91","Gender x Level","Male",-0.131563452651702,-0.353161919575,0.0789555561500001
"meat","LBZEEFSBJNB3Z","Gender x Level","Male",0.0246123930915567,-0.174492718825,0.2340441435
"meat","LQ5EH4BKGV61T","Gender x Level","Male",-0.0336240047547883,-0.4169393695,0.35675607775
"meat","S8MT0YGD2KTN9","Gender x Level","Male",0.0335090144776973,-0.17228960205,0.252703027
"meat","SAFK7ND1HR6XS","Gender x Level","Male",-0.0493369626478406,-0.261242804375,0.157203784775
"meat","SRQS8F7JWA9MZ","Gender x Level","Male",-0.0637474566626715,-0.283638817205,0.155137841725
"meat","SRQS8F7JWA9MZ","Gender x Level","Male",0.046137141492533,-0.17433196025,0.275935965375
"meat","V3Q26BHF3SE2H","Gender x Level","Male",0.133477623237145,-0.208871192825,0.4993292
"meat","V3Q26BHF3SE2H","Gender x Level","Male",-0.112845799060403,-0.4392480895,0.1953824358
"meat","V3Q26BHF3SE2H","Gender x Level","Male",-0.107657221038902,-0.34792060225,0.125176598525
"meat","V3Q26BHF3SE2H","Gender x Level","Male",0.05865437084704,-0.20358101975,0.327184304
"meat","W8T41JZK0ZMEP","Gender x Level","Male",0.224017393917192,-0.13153038456,0.699958181375
"meat","W8T41JZK0ZMEP","Gender x Level","Male",0.0606179026045333,-0.21725925075,0.340283392925
"meat","W8T41JZK0ZMEP","Gender x Level","Male",0.10275617958374,-0.2224872282,0.4117089785
"meat","W8T41JZK0ZMEP","Gender x Level","Male",0.185366837361327,-0.110352793425,0.4908401415
"meat","W8T41JZK0ZMEP","Gender x Level","Male",-0.253619166626072,-0.76567586745,0.1424177705
"meat","pooled","Gender x Level","Male",-0.0296503451686017,-0.152155463975,0.09351628
"nonvegan","1SQPTEGYPH0GA","Level Change","Base",0.019644577699049,-0.29478883875,0.33832401625
"nonvegan","2HRX9P6HKXA8V","Level Change","Base",-0.0286723674890697,-0.205468967075,0.14315307545
"nonvegan","78AY09MVJVTYE","Level Change","Base",0.0724475077088857,-0.1900452186575,0.43050790925
"nonvegan","9XKJD8DQTH559","Level Change","Base",-0.0370183407526937,-0.309855984325,0.246178780875
"nonvegan","9XKJD8DQTH559","Level Change","Base",0.0544942423406067,-0.2377178076,0.39472335375
"nonvegan","C0BE4NDSW26QN","Level Change","Base",-0.0673627445528163,-0.354209727,0.21045995425
"nonvegan","C0BE4NDSW26QN","Level Change","Base",-0.00742457640369787,-0.27066505275,0.2422352095
"nonvegan","ED5J990H5VAZT","Level Change","Base",-0.0118865348897035,-0.090981496125,0.0724003870575
"nonvegan","EMBVNVD207CC6","Level Change","Base",-0.00924929186032113,-0.3038678209,0.278213591
"nonvegan","L69HYJ4Y3TR91","Level Change","Base",0.0177361035382165,-0.19784434345,0.219161299075
"nonvegan","LBZEEFSBJNB3Z","Level Change","Base",-0.0211967278128353,-0.212462056325,0.154014551125
"nonvegan","LQ5EH4BKGV61T","Level Change","Base",-0.0408995235386353,-0.33846949875,0.27879366645
"nonvegan","S8MT0YGD2KTN9","Level Change","Base",-0.00395791607729667,-0.248688388,0.24755029225
"nonvegan","SAFK7ND1HR6XS","Level Change","Base",-0.00801002724989027,-0.17949681765,0.1817324195
"nonvegan","SRQS8F7JWA9MZ","Level Change","Base",0.0221082982175816,-0.11947480175,0.1614941108
"nonvegan","SRQS8F7JWA9MZ","Level Change","Base",-0.0119129791033427,-0.172845213,0.134867170625
"nonvegan","V3Q26BHF3SE2H","Level Change","Base",-0.0663714338351767,-0.2602195125,0.110956817875
"nonvegan","V3Q26BHF3SE2H","Level Change","Base",-0.0658068439871167,-0.257814961125,0.108832253875
"nonvegan","V3Q26BHF3SE2H","Level Change","Base",0.0689871183218813,-0.101202855875,0.25571725525
"nonvegan","V3Q26BHF3SE2H","Level Change","Base",0.00216985008229,-0.1708310555,0.176828869625
"nonvegan","W8T41JZK0ZMEP","Level Change","Base",0.037739817219433,-0.144019083425,0.2301083275
"nonvegan","W8T41JZK0ZMEP","Level Change","Base",-0.187134962811143,-0.3908034475,-0.0142150441
"nonvegan","W8T41JZK0ZMEP","Level Change","Base",0.0786628252609067,-0.11800335905,0.2853060525
"nonvegan","W8T41JZK0ZMEP","Level Change","Base",-0.0414127944569519,-0.19923564025,0.129370442
"nonvegan","W8T41JZK0ZMEP","Level Change","Base",-0.0668672708695657,-0.264853990575,0.13476885915
"nonvegan","pooled","Level Change","Base",-0.0094143650190537,-0.113587337275,0.0891215549000001
"nonvegan","1SQPTEGYPH0GA","Slope Change","Base",-0.0737313097671887,-0.35032572185,0.24457007675
"nonvegan","2HRX9P6HKXA8V","Slope Change","Base",0.0291013779456905,-0.07679619215,0.137457005
"nonvegan","78AY09MVJVTYE","Slope Change","Base",0.026114369435255,-0.0813498675,0.142928612925
"nonvegan","9XKJD8DQTH559","Slope Change","Base",0.0254535802679267,-0.290183397175,0.35051318025
"nonvegan","9XKJD8DQTH559","Slope Change","Base",0.043897325239672,-0.2516697572,0.355567345
"nonvegan","C0BE4NDSW26QN","Slope Change","Base",0.0179733079671533,-0.19633062875,0.21462650305
"nonvegan","C0BE4NDSW26QN","Slope Change","Base",-0.004077495696646,-0.2218192755,0.22686332405
"nonvegan","ED5J990H5VAZT","Slope Change","Base",-0.0173437205151183,-0.137716389575,0.099721970825
"nonvegan","EMBVNVD207CC6","Slope Change","Base",-0.134703909486135,-0.3931471812,0.1731874635
"nonvegan","L69HYJ4Y3TR91","Slope Change","Base",-0.00600072430794667,-0.330057339,0.306795840875
"nonvegan","LBZEEFSBJNB3Z","Slope Change","Base",-0.0392455656159335,-0.351134103,0.209842864775
"nonvegan","LQ5EH4BKGV61T","Slope Change","Base",-0.010812414550509,-0.348954843,0.3072096525
"nonvegan","S8MT0YGD2KTN9","Slope Change","Base",0.0430543882809785,-0.10335497874,0.205505332875
"nonvegan","SAFK7ND1HR6XS","Slope Change","Base",-0.014127950574502,-0.336749965025,0.29935001575
"nonvegan","SRQS8F7JWA9MZ","Slope Change","Base",0.0044605409506919,-0.26169314975,0.283677877
"nonvegan","SRQS8F7JWA9MZ","Slope Change","Base",0.00598469553267,-0.272105096775,0.273408008275
"nonvegan","V3Q26BHF3SE2H","Slope Change","Base",0.0254486689611517,-0.31173611575,0.3370674614
"nonvegan","V3Q26BHF3SE2H","Slope Change","Base",0.018312645950378,-0.290185308,0.361999524
"nonvegan","V3Q26BHF3SE2H","Slope Change","Base",-0.0322268230137247,-0.4355021215,0.295464500175
"nonvegan","V3Q26BHF3SE2H","Slope Change","Base",0.0371541503131897,-0.29124264425,0.3988206208275
"nonvegan","W8T41JZK0ZMEP","Slope Change","Base",-0.00604908976780567,-0.38694242175,0.3243627105
"nonvegan","W8T41JZK0ZMEP","Slope Change","Base",-0.0548468473176927,-0.41584490025,0.285616535425
"nonvegan","W8T41JZK0ZMEP","Slope Change","Base",0.0253926325269317,-0.3155110905,0.39281694696725
"nonvegan","W8T41JZK0ZMEP","Slope Change","Base",0.0127232595225317,-0.299480968,0.39874228675
"nonvegan","W8T41JZK0ZMEP","Slope Change","Base",-0.0516730665221835,-0.4142526045,0.3022168286
"nonvegan","pooled","Slope Change","Base",-0.012146677333898,-0.135054773425,0.107872486125
"nonvegan","1SQPTEGYPH0GA","Gender x Level","Female",0.105137096168833,-0.32713713125,0.49839130075
"nonvegan","2HRX9P6HKXA8V","Gender x Level","Female",0.06232604588329,-0.19007559075,0.31316764743
"nonvegan","78AY09MVJVTYE","Gender x Level","Female",-0.0783219832951744,-0.4020866217695,0.2525387665
"nonvegan","9XKJD8DQTH559","Gender x Level","Female",0.13527083141343,-0.8345838875,1.1206676318
"nonvegan","9XKJD8DQTH559","Gender x Level","Female",-0.201393216033437,-1.14134855109,0.67623624425
"nonvegan","C0BE4NDSW26QN","Gender x Level","Female",-0.01244343093805,-0.660657781625,0.601839459
"nonvegan","C0BE4NDSW26QN","Gender x Level","Female",0.0452351090665467,-0.57529865025,0.6868932775
"nonvegan","ED5J990H5VAZT","Gender x Level","Female",0.00310586127314667,-0.058201277025,0.064545677575
"nonvegan","EMBVNVD207CC6","Gender x Level","Female",0.157378781596383,-0.1862594067,0.49802835025
"nonvegan","L69HYJ4Y3TR91","Gender x Level","Female",0.0278643558794411,-0.2180828911,0.263431536725
"nonvegan","LBZEEFSBJNB3Z","Gender x Level","Female",-0.000598840952807667,-0.1849129644,0.19265742
"nonvegan","LQ5EH4BKGV61T","Gender x Level","Female",0.094005625588023,-0.556824639075,0.743477631
"nonvegan","S8MT0YGD2KTN9","Gender x Level","Female",0.01246426859932,-0.28785900175,0.284472857875
"nonvegan","SAFK7ND1HR6XS","Gender x Level","Female",-0.0117707217271373,-0.2973591935,0.249532811175
"nonvegan","SRQS8F7JWA9MZ","Gender x Level","Female",0.0720865216753723,-0.13936296625,0.302181051375
"nonvegan","SRQS8F7JWA9MZ","Gender x Level","Female",-0.0682045564458659,-0.311531944,0.146969413475
"nonvegan","V3Q26BHF3SE2H","Gender x Level","Female",0.0378618664532633,-0.37797293625,0.483166740825
"nonvegan","V3Q26BHF3SE2H","Gender x Level","Female",-0.0650996997362716,-0.435151677575,0.268964059075
"nonvegan","V3Q26BHF3SE2H","Gender x Level","Female",0.025183032471869,-0.2404703624,0.273717096
"nonvegan","V3Q26BHF3SE2H","Gender x Level","Female",-0.0503495516273303,-0.3521485856,0.26248654025
"nonvegan","W8T41JZK0ZMEP","Gender x Level","Female",0.0554717101439783,-0.30357851775,0.403332227
"nonvegan","W8T41JZK0ZMEP","Gender x Level","Female",-0.060515344953736,-0.319807642425,0.188903656425
"nonvegan","W8T41JZK0ZMEP","Gender x Level","Female",-0.0575444360284033,-0.3719827539,0.2569570535
"nonvegan","W8T41JZK0ZMEP","Gender x Level","Female",0.0923745369642873,-0.2151607716,0.42244579395
"nonvegan","W8T41JZK0ZMEP","Gender x Level","Female",-0.1237181802525,-0.500389078,0.2970369975
"nonvegan","pooled","Gender x Level","Female",0.0501410759160188,-0.1742710775,0.29570281025
"nonvegan","1SQPTEGYPH0GA","Gender x Level","Male",0.0770950627041557,-0.228658477695,0.3613286795
"nonvegan","2HRX9P6HKXA8V","Gender x Level","Male",-0.00217228289586033,-0.21509774535,0.1999145623
"nonvegan","78AY09MVJVTYE","Gender x Level","Male",-0.0702459434628233,-0.36832653625,0.2353497927
"nonvegan","9XKJD8DQTH559","Gender x Level","Male",0.000168234683287067,-0.41939399495,0.424749996
"nonvegan","9XKJD8DQTH559","Gender x Level","Male",-0.0526619927122447,-0.423820350775,0.307311250475
"nonvegan","C0BE4NDSW26QN","Gender x Level","Male",0.00619773289620433,-0.378028160125,0.378930340205
"nonvegan","C0BE4NDSW26QN","Gender x Level","Male",-0.006894990158211,-0.3982386249075,0.376802326275
"nonvegan","ED5J990H5VAZT","Gender x Level","Male",0.0151206511007938,-0.04392942135,0.075637933805
"nonvegan","EMBVNVD207CC6","Gender x Level","Male",0.212249655949867,-0.0270672965,0.46382996725
"nonvegan","L69HYJ4Y3TR91","Gender x Level","Male",0.116068516549433,-0.151636859375,0.377844217
"nonvegan","LBZEEFSBJNB3Z","Gender x Level","Male",-0.03441507020088,-0.2331353675,0.190066235675
"nonvegan","LQ5EH4BKGV61T","Gender x Level","Male",0.0208525115160607,-0.396662169075,0.4609888848
"nonvegan","S8MT0YGD2KTN9","Gender x Level","Male",0.032581857482884,-0.1832652871,0.27006810475
"nonvegan","SAFK7ND1HR6XS","Gender x Level","Male",0.0727377917464233,-0.167665525775,0.2937553795
"nonvegan","SRQS8F7JWA9MZ","Gender x Level","Male",-0.0372579938103783,-0.24605786685,0.17740679125
"nonvegan","SRQS8F7JWA9MZ","Gender x Level","Male",0.0985927454109793,-0.11331101325,0.310816816825
"nonvegan","V3Q26BHF3SE2H","Gender x Level","Male",0.0395610266063158,-0.270818907225,0.34736560825
"nonvegan","V3Q26BHF3SE2H","Gender x Level","Male",0.001404725102336,-0.282142381975,0.285707435125
"nonvegan","V3Q26BHF3SE2H","Gender x Level","Male",-0.0601892595574458,-0.28235644725,0.165643839425
"nonvegan","V3Q26BHF3SE2H","Gender x Level","Male",-0.0123697781544607,-0.250262102565,0.221171193953
"nonvegan","W8T41JZK0ZMEP","Gender x Level","Male",0.16004761111968,-0.1988898885,0.640667199675
"nonvegan","W8T41JZK0ZMEP","Gender x Level","Male",0.157827725937791,-0.1340842655,0.44056126245
"nonvegan","W8T41JZK0ZMEP","Gender x Level","Male",-0.0894404596635023,-0.4078651246,0.1854200286
"nonvegan","W8T41JZK0ZMEP","Gender x Level","Male",0.11649044611993,-0.15345966095,0.431983368425
"nonvegan","W8T41JZK0ZMEP","Gender x Level","Male",-0.180152094136659,-0.68323109524,0.2479537555
"nonvegan","pooled","Gender x Level","Male",0.0343097868926947,-0.102231856475,0.179862958025
"total","pooled","Level Change","Base",0,0,0
"total","pooled","Slope Change","Base",0,0,0
"total","pooled","Gender x Level","Female",0,0,0
"total","pooled","Gender x Level","Male",0,0,0
