outcome,exposure_group,exposure_type,mean,q2.5,q97.5,mean_exp,mean_exp_p10,rhat,estimate_type,restaurant_id,pred_path,color_group
nonvegan,MPBA-Modifiable,Count,0.996801064189841,0.7524811161434249,1.2193989885183885,0.996801064189841,0.999155504368317,1.02172248153063,Pooled,POOLED,../../model_fits/finalized_redone_trunc/a1_proportion/nonvegan/mpbamod_dishes_count/plots/all_restaurants_weekly.png,Animal
nonvegan,MPBA-Modifiable,Proportion,0.9970259569719,0.8547350616329299,1.1554721952696163,1.23294580678783,0.9970259569719,1.01120456600385,Pooled,POOLED,../../model_fits/finalized_redone_trunc/a1_proportion/nonvegan/mpbamod_dishes_prop/plots/all_restaurants_weekly.png,Animal
nonvegan,Vegan,Count,0.999786318190509,0.6004210889537516,1.599487955158658,0.999786318190509,0.997378595512182,1.0608545877844,Pooled,POOLED,../../model_fits/finalized_redone_trunc/a1_proportion/nonvegan/vegan_dishes_count/plots/all_restaurants_weekly.png,Animal
nonvegan,Vegan,Proportion,0.984484832275968,0.8453060137368614,1.1307082725604254,1.09445474544963,0.984484832275968,1.01629986066628,Pooled,POOLED,../../model_fits/finalized_redone_trunc/a1_proportion/nonvegan/vegan_dishes_prop/plots/all_restaurants_weekly.png,Animal
nonvegan,Vegetarian,Count,0.998723226108423,0.9211893381257013,1.069535041896306,0.998723226108423,0.999813130020425,1.018935244326,Pooled,POOLED,../../model_fits/finalized_redone_trunc/a1_proportion/nonvegan/vegetarian_dishes_count/plots/all_restaurants_weekly.png,Animal
nonvegan,Vegetarian,Proportion,0.980977563621941,0.8703383063896641,1.1119878310854139,0.995953539527817,0.980977563621941,1.03647430644444,Pooled,POOLED,../../model_fits/finalized_redone_trunc/a1_proportion/nonvegan/vegetarian_dishes_prop/plots/all_restaurants_weekly.png,Animal
meat,MPBA-Modifiable,Count,0.992128360446511,0.85009028924315,1.1624233830457622,0.992128360446511,0.998942880985912,1.02193288153117,Pooled,POOLED,../../model_fits/finalized_redone_trunc/a1_proportion/meat/mpbamod_dishes_count/plots/all_restaurants_weekly.png,Animal
meat,MPBA-Modifiable,Proportion,1.03275224459722,0.9014155301070277,1.1749372859357559,1.69239676224525,1.03275224459722,1.00550860518848,Pooled,POOLED,../../model_fits/finalized_redone_trunc/a1_proportion/meat/mpbamod_dishes_prop/plots/all_restaurants_weekly.png,Animal
meat,Vegan,Count,1.0443159013314,0.6138371279185556,1.5815856967080713,1.0443159013314,1.00176717013539,1.02580915992028,Pooled,POOLED,../../model_fits/finalized_redone_trunc/a1_proportion/meat/vegan_dishes_count/plots/all_restaurants_weekly.png,Animal
meat,Vegan,Proportion,0.931419099027321,0.7873862583934562,1.0988892011949123,0.685962447830849,0.931419099027321,1.03274237024917,Pooled,POOLED,../../model_fits/finalized_redone_trunc/a1_proportion/meat/vegan_dishes_prop/plots/all_restaurants_weekly.png,Animal
meat,Vegetarian,Count,0.978241771834605,0.9058427777411985,1.0398493722096847,0.978241771834605,0.997755687072754,1.00522769877255,Pooled,POOLED,../../model_fits/finalized_redone_trunc/a1_proportion/meat/vegetarian_dishes_count/plots/all_restaurants_weekly.png,Animal
meat,Vegetarian,Proportion,0.861974686018215,0.7599815479573401,0.9862017146996509,0.284469326348551,0.861974686018215,1.0492220139393,Pooled,POOLED,../../model_fits/finalized_redone_trunc/a1_proportion/meat/vegetarian_dishes_prop/plots/all_restaurants_weekly.png,Animal
chicken_fish,MPBA-Modifiable,Count,0.979338502466512,0.8348524490253568,1.1428462913377782,0.979338502466512,0.997654370666325,1.00768572338554,Pooled,POOLED,../../model_fits/finalized_redone_trunc/a1_proportion/chicken_fish/mpbamod_dishes_count/plots/all_restaurants_weekly.png,Animal
chicken_fish,MPBA-Modifiable,Proportion,1.013511427052,0.8381350470385605,1.1955431966865206,1.62360085644244,1.013511427052,1.00078508186701,Pooled,POOLED,../../model_fits/finalized_redone_trunc/a1_proportion/chicken_fish/mpbamod_dishes_prop/plots/all_restaurants_weekly.png,Animal
chicken_fish,Vegan,Count,0.947088420504693,0.5936577821318823,1.4269360525759285,0.947088420504693,0.992520276131472,1.00287070629228,Pooled,POOLED,../../model_fits/finalized_redone_trunc/a1_proportion/chicken_fish/vegan_dishes_count/plots/all_restaurants_weekly.png,Animal
chicken_fish,Vegan,Proportion,0.900886311640433,0.7456395481281985,1.084819626157843,0.531056576313248,0.900886311640433,1.00320238999202,Pooled,POOLED,../../model_fits/finalized_redone_trunc/a1_proportion/chicken_fish/vegan_dishes_prop/plots/all_restaurants_weekly.png,Animal
chicken_fish,Vegetarian,Count,1.03576393449653,0.8915086178859298,1.2553803005416766,1.03576393449653,1.00320253467462,1.03072467010167,Pooled,POOLED,../../model_fits/finalized_redone_trunc/a1_proportion/chicken_fish/vegetarian_dishes_count/plots/all_restaurants_weekly.png,Animal
chicken_fish,Vegetarian,Proportion,0.851138205516973,0.7057011897938092,1.0410174554960674,0.314615683403641,0.851138205516973,1.00229954706793,Pooled,POOLED,../../model_fits/finalized_redone_trunc/a1_proportion/chicken_fish/vegetarian_dishes_prop/plots/all_restaurants_weekly.png,Animal
vegetarian,MPBA-Modifiable,Count,1.03397608407202,0.7559853358609907,1.3157144814769262,1.03397608407202,1.00249734635354,1.06608340023127,Pooled,POOLED,../../model_fits/finalized_redone_trunc/a1_proportion/vegetarian/mpbamod_dishes_count/plots/all_restaurants_weekly.png,Plant-based
vegetarian,MPBA-Modifiable,Proportion,0.97420507100153,0.8103806993768635,1.1656741946675708,1.11379896737911,0.97420507100153,1.00511630939998,Pooled,POOLED,../../model_fits/finalized_redone_trunc/a1_proportion/vegetarian/mpbamod_dishes_prop/plots/all_restaurants_weekly.png,Plant-based
vegetarian,Vegan,Count,1.00214573505122,0.6601101212505639,1.486903742203344,1.00214573505122,0.998365833695809,1.02376963831623,Pooled,POOLED,../../model_fits/finalized_redone_trunc/a1_proportion/vegetarian/vegan_dishes_count/plots/all_restaurants_weekly.png,Plant-based
vegetarian,Vegan,Proportion,1.01314906648497,0.8737476871292459,1.178338095953689,1.47878213876001,1.01314906648497,1.04992891750951,Pooled,POOLED,../../model_fits/finalized_redone_trunc/a1_proportion/vegetarian/vegan_dishes_prop/plots/all_restaurants_weekly.png,Plant-based
vegetarian,Vegetarian,Count,1.02059222964152,0.8954945799859697,1.1230229647354733,1.02059222964152,1.0018946405962,1.01351505101277,Pooled,POOLED,../../model_fits/finalized_redone_trunc/a1_proportion/vegetarian/vegetarian_dishes_count/plots/all_restaurants_weekly.png,Plant-based
vegetarian,Vegetarian,Proportion,1.10248700338019,0.9378331094508917,1.2572001085073332,3.30611935703641,1.10248700338019,1.03788168003397,Pooled,POOLED,../../model_fits/finalized_redone_trunc/a1_proportion/vegetarian/vegetarian_dishes_prop/plots/all_restaurants_weekly.png,Plant-based
vegan,MPBA-Modifiable,Count,1.01291481576595,0.8431705384279655,1.2229174478952374,1.01291481576595,1.00091387314448,1.00976359991991,Pooled,POOLED,../../model_fits/finalized_redone_trunc/a1_proportion/vegan/mpbamod_dishes_count/plots/all_restaurants_weekly.png,Plant-based
vegan,MPBA-Modifiable,Proportion,0.981681133100202,0.8452385673476541,1.1365461549858478,1.0813342122849,0.981681133100202,1.01584512445743,Pooled,POOLED,../../model_fits/finalized_redone_trunc/a1_proportion/vegan/mpbamod_dishes_prop/plots/all_restaurants_weekly.png,Plant-based
vegan,Vegan,Count,0.948146459480508,0.6332233914575962,1.3930046703221766,0.948146459480508,0.992920386562304,1.01367583470913,Pooled,POOLED,../../model_fits/finalized_redone_trunc/a1_proportion/vegan/vegan_dishes_count/plots/all_restaurants_weekly.png,Plant-based
vegan,Vegan,Proportion,1.07090053832342,0.9024777390065771,1.26251202263343,2.70881490548059,1.07090053832342,1.00076641190236,Pooled,POOLED,../../model_fits/finalized_redone_trunc/a1_proportion/vegan/vegan_dishes_prop/plots/all_restaurants_weekly.png,Plant-based
vegan,Vegetarian,Count,1.00498138944538,0.9264273948992237,1.0929530220176231,1.00498138944538,1.00042223702219,1.02697827685503,Pooled,POOLED,../../model_fits/finalized_redone_trunc/a1_proportion/vegan/vegetarian_dishes_count/plots/all_restaurants_weekly.png,Plant-based
vegan,Vegetarian,Proportion,1.03547678029447,0.9104395718603676,1.1896432550423128,1.76891626587332,1.03547678029447,1.01170145582976,Pooled,POOLED,../../model_fits/finalized_redone_trunc/a1_proportion/vegan/vegetarian_dishes_prop/plots/all_restaurants_weekly.png,Plant-based
nonvegan,MPBA-Modifiable,Count,1.01469478350142,0.8021728224427509,1.2668505929708564,1.01469478350142,1.00084639539191,1.00145994979798,Restaurant,2HRX9P6HKXA8V,../../model_fits/finalized_redone_trunc/a1_proportion/nonvegan/mpbamod_dishes_count/plots/2HRX9P6HKXA8V.png,Animal
nonvegan,MPBA-Modifiable,Count,0.997791452454399,0.9749292909175434,1.0203666540917276,0.997791452454399,0.999772990706177,1.00051753582691,Restaurant,ED5J990H5VAZT,../../model_fits/finalized_redone_trunc/a1_proportion/nonvegan/mpbamod_dishes_count/plots/ED5J990H5VAZT.png,Animal
nonvegan,MPBA-Modifiable,Count,1.00166283452309,0.9619000832510703,1.0414482187207994,1.00166283452309,1.00014731144029,1.00216613461077,Restaurant,JHDN7CF1C03X5,../../model_fits/finalized_redone_trunc/a1_proportion/nonvegan/mpbamod_dishes_count/plots/JHDN7CF1C03X5.png,Animal
nonvegan,MPBA-Modifiable,Count,0.983523223721423,0.8191990146642879,1.170148185426054,0.983523223721423,0.997976624934632,1.00715646816109,Restaurant,L69HYJ4Y3TR91,../../model_fits/finalized_redone_trunc/a1_proportion/nonvegan/mpbamod_dishes_count/plots/L69HYJ4Y3TR91.png,Animal
nonvegan,MPBA-Modifiable,Count,1.00816448552861,0.9197361210746905,1.103014322248669,1.00816448552861,1.00071353664854,1.00257042287047,Restaurant,SRQS8F7JWA9MZ,../../model_fits/finalized_redone_trunc/a1_proportion/nonvegan/mpbamod_dishes_count/plots/SRQS8F7JWA9MZ.png,Animal
nonvegan,MPBA-Modifiable,Count,1.00401345972107,0.9759234953531873,1.0323639702689544,1.00401345972107,1.0003911009707,1.00047282565876,Restaurant,W8T41JZK0ZMEP,../../model_fits/finalized_redone_trunc/a1_proportion/nonvegan/mpbamod_dishes_count/plots/W8T41JZK0ZMEP.png,Animal
nonvegan,MPBA-Modifiable,Proportion,0.999023496483323,0.6828647345991028,1.395861740948109,4.13943413520776,0.999023496483323,1.0024786225662,Restaurant,2HRX9P6HKXA8V,../../model_fits/finalized_redone_trunc/a1_proportion/nonvegan/mpbamod_dishes_prop/plots/2HRX9P6HKXA8V.png,Animal
nonvegan,MPBA-Modifiable,Proportion,0.995453495712546,0.9478874371125366,1.0429998033750818,0.981344702237017,0.995453495712546,1.00770509194278,Restaurant,ED5J990H5VAZT,../../model_fits/finalized_redone_trunc/a1_proportion/nonvegan/mpbamod_dishes_prop/plots/ED5J990H5VAZT.png,Animal
nonvegan,MPBA-Modifiable,Proportion,1.04139126714658,0.8918449160037887,1.2137738587684699,2.00448172752937,1.04139126714658,1.01235692069139,Restaurant,JHDN7CF1C03X5,../../model_fits/finalized_redone_trunc/a1_proportion/nonvegan/mpbamod_dishes_prop/plots/JHDN7CF1C03X5.png,Animal
nonvegan,MPBA-Modifiable,Proportion,0.989261478179064,0.7108867781270556,1.3831385417961723,4.13516719063904,0.989261478179064,1.00260355559401,Restaurant,L69HYJ4Y3TR91,../../model_fits/finalized_redone_trunc/a1_proportion/nonvegan/mpbamod_dishes_prop/plots/L69HYJ4Y3TR91.png,Animal
nonvegan,MPBA-Modifiable,Proportion,1.00625786750356,0.9151321252050175,1.1046492071765202,1.17608276115284,1.00625786750356,1.00089020089094,Restaurant,SRQS8F7JWA9MZ,../../model_fits/finalized_redone_trunc/a1_proportion/nonvegan/mpbamod_dishes_prop/plots/SRQS8F7JWA9MZ.png,Animal
nonvegan,MPBA-Modifiable,Proportion,0.936325180529012,0.8056743301615567,1.0787980457194974,0.657290942871774,0.936325180529012,1.00344933914527,Restaurant,W8T41JZK0ZMEP,../../model_fits/finalized_redone_trunc/a1_proportion/nonvegan/mpbamod_dishes_prop/plots/W8T41JZK0ZMEP.png,Animal
nonvegan,Vegan,Count,1.0083494978654,0.8839932076746273,1.1414918531575975,1.0083494978654,1.00064131806574,1.0011037818454,Restaurant,2HRX9P6HKXA8V,../../model_fits/finalized_redone_trunc/a1_proportion/nonvegan/vegan_dishes_count/plots/2HRX9P6HKXA8V.png,Animal
nonvegan,Vegan,Count,0.994122067084406,0.9173042025888724,1.0748821740095664,0.994122067084406,0.999335807531063,1.00100634099216,Restaurant,ED5J990H5VAZT,../../model_fits/finalized_redone_trunc/a1_proportion/nonvegan/vegan_dishes_count/plots/ED5J990H5VAZT.png,Animal
nonvegan,Vegan,Count,0.993607511462963,0.9701724580341615,1.0165904125610952,0.993607511462963,0.999352435011366,0.999923313073786,Restaurant,JHDN7CF1C03X5,../../model_fits/finalized_redone_trunc/a1_proportion/nonvegan/vegan_dishes_count/plots/JHDN7CF1C03X5.png,Animal
nonvegan,Vegan,Count,0.981026295031293,0.9126521410550837,1.0519033026944389,0.981026295031293,0.998027176981625,1.0050097936646,Restaurant,L69HYJ4Y3TR91,../../model_fits/finalized_redone_trunc/a1_proportion/nonvegan/vegan_dishes_count/plots/L69HYJ4Y3TR91.png,Animal
nonvegan,Vegan,Count,0.957022959738906,0.7674073104171294,1.1765130837112685,0.957022959738906,0.995102716161396,1.00062344886799,Restaurant,SRQS8F7JWA9MZ,../../model_fits/finalized_redone_trunc/a1_proportion/nonvegan/vegan_dishes_count/plots/SRQS8F7JWA9MZ.png,Animal
nonvegan,Vegan,Count,1.00733397334867,0.9863214705271252,1.028257050602399,1.00733397334867,1.00072593454788,1.00373239301576,Restaurant,W8T41JZK0ZMEP,../../model_fits/finalized_redone_trunc/a1_proportion/nonvegan/vegan_dishes_count/plots/W8T41JZK0ZMEP.png,Animal
nonvegan,Vegan,Proportion,1.00917339556428,0.7875550054745276,1.2493409971322287,1.94401451064398,1.00917339556428,1.00012645538623,Restaurant,2HRX9P6HKXA8V,../../model_fits/finalized_redone_trunc/a1_proportion/nonvegan/vegan_dishes_prop/plots/2HRX9P6HKXA8V.png,Animal
nonvegan,Vegan,Proportion,0.987441377405742,0.8469835529697661,1.146888617775494,1.15352101047994,0.987441377405742,1.00157654697256,Restaurant,ED5J990H5VAZT,../../model_fits/finalized_redone_trunc/a1_proportion/nonvegan/vegan_dishes_prop/plots/ED5J990H5VAZT.png,Animal
nonvegan,Vegan,Proportion,0.971856601657673,0.8455629376789552,1.1071903675333608,0.928168575630631,0.971856601657673,1.00063410102128,Restaurant,JHDN7CF1C03X5,../../model_fits/finalized_redone_trunc/a1_proportion/nonvegan/vegan_dishes_prop/plots/JHDN7CF1C03X5.png,Animal
nonvegan,Vegan,Proportion,0.943915885843835,0.7213802054254383,1.2182136019851917,1.26517329661795,0.943915885843835,1.00433544445577,Restaurant,L69HYJ4Y3TR91,../../model_fits/finalized_redone_trunc/a1_proportion/nonvegan/vegan_dishes_prop/plots/L69HYJ4Y3TR91.png,Animal
nonvegan,Vegan,Proportion,0.984690852633081,0.9070678042916543,1.065769874650277,0.92439082014352,0.984690852633081,1.00057558427499,Restaurant,SRQS8F7JWA9MZ,../../model_fits/finalized_redone_trunc/a1_proportion/nonvegan/vegan_dishes_prop/plots/SRQS8F7JWA9MZ.png,Animal
nonvegan,Vegan,Proportion,0.974275407809943,0.8481464967579296,1.1162874807226695,0.963540110352326,0.974275407809943,1.00791667718654,Restaurant,W8T41JZK0ZMEP,../../model_fits/finalized_redone_trunc/a1_proportion/nonvegan/vegan_dishes_prop/plots/W8T41JZK0ZMEP.png,Animal
nonvegan,Vegetarian,Count,1.00820382069058,0.9197123921888707,1.106885466045208,1.00820382069058,1.0007163569041,1.00410253363992,Restaurant,2HRX9P6HKXA8V,../../model_fits/finalized_redone_trunc/a1_proportion/nonvegan/vegetarian_dishes_count/plots/2HRX9P6HKXA8V.png,Animal
nonvegan,Vegetarian,Count,0.998247199477726,0.96748473207863,1.0299851683729953,0.998247199477726,0.999812810218899,1.00126934636385,Restaurant,ED5J990H5VAZT,../../model_fits/finalized_redone_trunc/a1_proportion/nonvegan/vegetarian_dishes_count/plots/ED5J990H5VAZT.png,Animal
nonvegan,Vegetarian,Count,0.995959541072074,0.978759023311204,1.0138308827890863,0.995959541072074,0.999591566677581,1.00061011145939,Restaurant,JHDN7CF1C03X5,../../model_fits/finalized_redone_trunc/a1_proportion/nonvegan/vegetarian_dishes_count/plots/JHDN7CF1C03X5.png,Animal
nonvegan,Vegetarian,Count,0.993095747404451,0.9440568355486693,1.0432300423077039,0.993095747404451,0.999277757173085,1.00400247476887,Restaurant,L69HYJ4Y3TR91,../../model_fits/finalized_redone_trunc/a1_proportion/nonvegan/vegetarian_dishes_count/plots/L69HYJ4Y3TR91.png,Animal
nonvegan,Vegetarian,Count,1.00384153377976,0.9680766122025524,1.0404633210949636,1.00384153377976,1.00036858945266,1.00092349310069,Restaurant,SRQS8F7JWA9MZ,../../model_fits/finalized_redone_trunc/a1_proportion/nonvegan/vegetarian_dishes_count/plots/SRQS8F7JWA9MZ.png,Animal
nonvegan,Vegetarian,Count,1.00636030707845,0.9911353547230815,1.0231145722165655,1.00636030707845,1.00063134453241,1.01009382351672,Restaurant,W8T41JZK0ZMEP,../../model_fits/finalized_redone_trunc/a1_proportion/nonvegan/vegetarian_dishes_count/plots/W8T41JZK0ZMEP.png,Animal
nonvegan,Vegetarian,Proportion,0.997295498645063,0.803807515136735,1.2353852101519365,1.66375221004547,0.997295498645063,1.02095316519052,Restaurant,2HRX9P6HKXA8V,../../model_fits/finalized_redone_trunc/a1_proportion/nonvegan/vegetarian_dishes_prop/plots/2HRX9P6HKXA8V.png,Animal
nonvegan,Vegetarian,Proportion,0.983774627618708,0.8516121723999239,1.1264748079226736,1.06921860384458,0.983774627618708,1.00176184450764,Restaurant,ED5J990H5VAZT,../../model_fits/finalized_redone_trunc/a1_proportion/nonvegan/vegetarian_dishes_prop/plots/ED5J990H5VAZT.png,Animal
nonvegan,Vegetarian,Proportion,0.977006852150104,0.8424531492505747,1.1234398897031515,1.01436699255016,0.977006852150104,1.02165835255882,Restaurant,JHDN7CF1C03X5,../../model_fits/finalized_redone_trunc/a1_proportion/nonvegan/vegetarian_dishes_prop/plots/JHDN7CF1C03X5.png,Animal
nonvegan,Vegetarian,Proportion,0.962792354113339,0.7443134921349276,1.2069928882376706,1.30789865721209,0.962792354113339,1.00478580899006,Restaurant,L69HYJ4Y3TR91,../../model_fits/finalized_redone_trunc/a1_proportion/nonvegan/vegetarian_dishes_prop/plots/L69HYJ4Y3TR91.png,Animal
nonvegan,Vegetarian,Proportion,1.00069960859029,0.9431474225541508,1.0625233255135718,1.05005459599401,1.00069960859029,1.00208450867949,Restaurant,SRQS8F7JWA9MZ,../../model_fits/finalized_redone_trunc/a1_proportion/nonvegan/vegetarian_dishes_prop/plots/SRQS8F7JWA9MZ.png,Animal
nonvegan,Vegetarian,Proportion,0.919141791192069,0.7867861606773329,1.0520575572145578,0.542651178296021,0.919141791192069,1.00367636320652,Restaurant,W8T41JZK0ZMEP,../../model_fits/finalized_redone_trunc/a1_proportion/nonvegan/vegetarian_dishes_prop/plots/W8T41JZK0ZMEP.png,Animal
meat,MPBA-Modifiable,Count,1.08350453250655,0.863369365696161,1.327827711736854,1.08350453250655,1.00751834997467,1.0077159350856,Restaurant,2HRX9P6HKXA8V,../../model_fits/finalized_redone_trunc/a1_proportion/meat/mpbamod_dishes_count/plots/2HRX9P6HKXA8V.png,Animal
meat,MPBA-Modifiable,Count,0.996985849922077,0.9712222950521092,1.0250159103371004,0.996985849922077,0.999689422230574,1.00100015973338,Restaurant,ED5J990H5VAZT,../../model_fits/finalized_redone_trunc/a1_proportion/meat/mpbamod_dishes_count/plots/ED5J990H5VAZT.png,Animal
meat,MPBA-Modifiable,Count,0.999487246010994,0.9579469160670795,1.0413777202698564,0.999487246010994,0.99992888613591,1.00022160790297,Restaurant,JHDN7CF1C03X5,../../model_fits/finalized_redone_trunc/a1_proportion/meat/mpbamod_dishes_count/plots/JHDN7CF1C03X5.png,Animal
meat,MPBA-Modifiable,Count,0.946790568748489,0.786228290732276,1.121932183488317,0.946790568748489,0.994176010074593,1.00529691349106,Restaurant,L69HYJ4Y3TR91,../../model_fits/finalized_redone_trunc/a1_proportion/meat/mpbamod_dishes_count/plots/L69HYJ4Y3TR91.png,Animal
meat,MPBA-Modifiable,Count,0.945366260244667,0.8525995177704521,1.0447850808430967,0.945366260244667,0.994282027206632,1.00562808285876,Restaurant,SRQS8F7JWA9MZ,../../model_fits/finalized_redone_trunc/a1_proportion/meat/mpbamod_dishes_count/plots/SRQS8F7JWA9MZ.png,Animal
meat,MPBA-Modifiable,Count,0.983966999576419,0.954114551304102,1.0133463641237621,0.983966999576419,0.998374404193097,1.00189130576359,Restaurant,W8T41JZK0ZMEP,../../model_fits/finalized_redone_trunc/a1_proportion/meat/mpbamod_dishes_count/plots/W8T41JZK0ZMEP.png,Animal
meat,MPBA-Modifiable,Proportion,1.12898340259619,0.8288429350049302,1.5317291375177096,10.3194247617209,1.12898340259619,1.01016862785676,Restaurant,2HRX9P6HKXA8V,../../model_fits/finalized_redone_trunc/a1_proportion/meat/mpbamod_dishes_prop/plots/2HRX9P6HKXA8V.png,Animal
meat,MPBA-Modifiable,Proportion,1.0028805022838,0.9415044018852018,1.0609714126612435,1.07231434657588,1.0028805022838,1.00926888613884,Restaurant,ED5J990H5VAZT,../../model_fits/finalized_redone_trunc/a1_proportion/meat/mpbamod_dishes_prop/plots/ED5J990H5VAZT.png,Animal
meat,MPBA-Modifiable,Proportion,1.14171358961639,0.9912704194974802,1.3314464397963028,4.8874597756689,1.14171358961639,1.00376110596664,Restaurant,JHDN7CF1C03X5,../../model_fits/finalized_redone_trunc/a1_proportion/meat/mpbamod_dishes_prop/plots/JHDN7CF1C03X5.png,Animal
meat,MPBA-Modifiable,Proportion,0.987014922748461,0.7097157295756267,1.285329438033499,2.24356659581587,0.987014922748461,1.00672771888271,Restaurant,L69HYJ4Y3TR91,../../model_fits/finalized_redone_trunc/a1_proportion/meat/mpbamod_dishes_prop/plots/L69HYJ4Y3TR91.png,Animal
meat,MPBA-Modifiable,Proportion,0.947711773626643,0.8589544157957224,1.0397739148984155,0.651063905585832,0.947711773626643,1.01148531988288,Restaurant,SRQS8F7JWA9MZ,../../model_fits/finalized_redone_trunc/a1_proportion/meat/mpbamod_dishes_prop/plots/SRQS8F7JWA9MZ.png,Animal
meat,MPBA-Modifiable,Proportion,0.995788022181505,0.8697236730225485,1.133196420256063,1.17372602487466,0.995788022181505,1.00605538397518,Restaurant,W8T41JZK0ZMEP,../../model_fits/finalized_redone_trunc/a1_proportion/meat/mpbamod_dishes_prop/plots/W8T41JZK0ZMEP.png,Animal
meat,Vegan,Count,0.975294887780138,0.8500314374044534,1.1100597275719621,0.975294887780138,0.997299716456589,1.00196905039339,Restaurant,2HRX9P6HKXA8V,../../model_fits/finalized_redone_trunc/a1_proportion/meat/vegan_dishes_count/plots/2HRX9P6HKXA8V.png,Animal
meat,Vegan,Count,0.916536849360167,0.8314748103793794,1.0060843851313794,0.916536849360167,0.991218356002485,1.00146644541606,Restaurant,ED5J990H5VAZT,../../model_fits/finalized_redone_trunc/a1_proportion/meat/vegan_dishes_count/plots/ED5J990H5VAZT.png,Animal
meat,Vegan,Count,0.978682940296108,0.9566442942226646,1.0015329112090794,0.978682940296108,0.997841354962049,1.00019162310557,Restaurant,JHDN7CF1C03X5,../../model_fits/finalized_redone_trunc/a1_proportion/meat/vegan_dishes_count/plots/JHDN7CF1C03X5.png,Animal
meat,Vegan,Count,0.972421898119801,0.8934885068785705,1.0556019125937257,0.972421898119801,0.997128867503948,0.999725155092152,Restaurant,L69HYJ4Y3TR91,../../model_fits/finalized_redone_trunc/a1_proportion/meat/vegan_dishes_count/plots/L69HYJ4Y3TR91.png,Animal
meat,Vegan,Count,1.10414813414101,0.8730341769974116,1.3823130925327993,1.10414813414101,1.0093337385998,1.01362267061712,Restaurant,SRQS8F7JWA9MZ,../../model_fits/finalized_redone_trunc/a1_proportion/meat/vegan_dishes_count/plots/SRQS8F7JWA9MZ.png,Animal
meat,Vegan,Count,0.964607182355775,0.9447010766818622,0.9852942721265477,0.964607182355775,0.9963977903351,1.00705894194429,Restaurant,W8T41JZK0ZMEP,../../model_fits/finalized_redone_trunc/a1_proportion/meat/vegan_dishes_count/plots/W8T41JZK0ZMEP.png,Animal
meat,Vegan,Proportion,0.936969073240184,0.7349655291387878,1.1667495498121803,0.954178504562074,0.936969073240184,1.00271351631673,Restaurant,2HRX9P6HKXA8V,../../model_fits/finalized_redone_trunc/a1_proportion/meat/vegan_dishes_prop/plots/2HRX9P6HKXA8V.png,Animal
meat,Vegan,Proportion,0.89386970667197,0.7386963855109205,1.0632322463701525,0.476857577426568,0.89386970667197,1.00572516205068,Restaurant,ED5J990H5VAZT,../../model_fits/finalized_redone_trunc/a1_proportion/meat/vegan_dishes_prop/plots/ED5J990H5VAZT.png,Animal
meat,Vegan,Proportion,0.899687965476346,0.7884022281820448,1.0194825630978628,0.423926814919826,0.899687965476346,0.999883827339602,Restaurant,JHDN7CF1C03X5,../../model_fits/finalized_redone_trunc/a1_proportion/meat/vegan_dishes_prop/plots/JHDN7CF1C03X5.png,Animal
meat,Vegan,Proportion,0.93533748675051,0.694054228485451,1.225766453905245,1.36678654323113,0.93533748675051,1.00104877540021,Restaurant,L69HYJ4Y3TR91,../../model_fits/finalized_redone_trunc/a1_proportion/meat/vegan_dishes_prop/plots/L69HYJ4Y3TR91.png,Animal
meat,Vegan,Proportion,1.04514733418687,0.960066501042666,1.1358234562599776,1.68795564777729,1.04514733418687,1.00148772913044,Restaurant,SRQS8F7JWA9MZ,../../model_fits/finalized_redone_trunc/a1_proportion/meat/vegan_dishes_prop/plots/SRQS8F7JWA9MZ.png,Animal
meat,Vegan,Proportion,0.807383494432139,0.6992760803437275,0.9259848686687251,0.148337887566454,0.807383494432139,1.00125292740758,Restaurant,W8T41JZK0ZMEP,../../model_fits/finalized_redone_trunc/a1_proportion/meat/vegan_dishes_prop/plots/W8T41JZK0ZMEP.png,Animal
meat,Vegetarian,Count,1.00172071045905,0.9109361859765419,1.1018919726749639,1.00172071045905,1.000070691567,1.00297768791454,Restaurant,2HRX9P6HKXA8V,../../model_fits/finalized_redone_trunc/a1_proportion/meat/vegetarian_dishes_count/plots/2HRX9P6HKXA8V.png,Animal
meat,Vegetarian,Count,0.960493829476563,0.9276607724067533,0.9939422476194097,0.960493829476563,0.995962939566244,1.00028469399166,Restaurant,ED5J990H5VAZT,../../model_fits/finalized_redone_trunc/a1_proportion/meat/vegetarian_dishes_count/plots/ED5J990H5VAZT.png,Animal
meat,Vegetarian,Count,0.981816064575863,0.9649771081971656,0.9990391823286782,0.981816064575863,0.998162997348263,1.00124757931718,Restaurant,JHDN7CF1C03X5,../../model_fits/finalized_redone_trunc/a1_proportion/meat/vegetarian_dishes_count/plots/JHDN7CF1C03X5.png,Animal
meat,Vegetarian,Count,0.972216611185134,0.9203490039986028,1.029718341508671,0.972216611185134,0.997150750748236,1.00304630482722,Restaurant,L69HYJ4Y3TR91,../../model_fits/finalized_redone_trunc/a1_proportion/meat/vegetarian_dishes_count/plots/L69HYJ4Y3TR91.png,Animal
meat,Vegetarian,Count,0.979819759785657,0.9459397132750837,1.0145153314592494,0.979819759785657,0.997948728047826,1.00347612897543,Restaurant,SRQS8F7JWA9MZ,../../model_fits/finalized_redone_trunc/a1_proportion/meat/vegetarian_dishes_count/plots/SRQS8F7JWA9MZ.png,Animal
meat,Vegetarian,Count,0.975195394856736,0.9598337707328612,0.9906930409544847,0.975195394856736,0.997488484674402,1.00052589849525,Restaurant,W8T41JZK0ZMEP,../../model_fits/finalized_redone_trunc/a1_proportion/meat/vegetarian_dishes_count/plots/W8T41JZK0ZMEP.png,Animal
meat,Vegetarian,Proportion,0.93879338258904,0.7592070428929966,1.1850652380162572,1.01017693321034,0.93879338258904,1.0084157602675,Restaurant,2HRX9P6HKXA8V,../../model_fits/finalized_redone_trunc/a1_proportion/meat/vegetarian_dishes_prop/plots/2HRX9P6HKXA8V.png,Animal
meat,Vegetarian,Proportion,0.788461983858366,0.6619598661724835,0.9275828055635295,0.127975628021929,0.788461983858366,1.00389783585123,Restaurant,ED5J990H5VAZT,../../model_fits/finalized_redone_trunc/a1_proportion/meat/vegetarian_dishes_prop/plots/ED5J990H5VAZT.png,Animal
meat,Vegetarian,Proportion,0.850684210962227,0.7431350259661332,0.9708675366623918,0.243393901822725,0.850684210962227,1.00026949297714,Restaurant,JHDN7CF1C03X5,../../model_fits/finalized_redone_trunc/a1_proportion/meat/vegetarian_dishes_prop/plots/JHDN7CF1C03X5.png,Animal
meat,Vegetarian,Proportion,0.875198236438373,0.6685647239205537,1.1191195079386693,0.570204890102857,0.875198236438373,1.00101852968159,Restaurant,L69HYJ4Y3TR91,../../model_fits/finalized_redone_trunc/a1_proportion/meat/vegetarian_dishes_prop/plots/L69HYJ4Y3TR91.png,Animal
meat,Vegetarian,Proportion,0.963682187694446,0.9034144911144316,1.0237868186175259,0.721982659289402,0.963682187694446,0.999807467146916,Restaurant,SRQS8F7JWA9MZ,../../model_fits/finalized_redone_trunc/a1_proportion/meat/vegetarian_dishes_prop/plots/SRQS8F7JWA9MZ.png,Animal
meat,Vegetarian,Proportion,0.693484354403098,0.5796183843548003,0.8155397336945744,0.0359601429709872,0.693484354403098,1.0015203078657,Restaurant,W8T41JZK0ZMEP,../../model_fits/finalized_redone_trunc/a1_proportion/meat/vegetarian_dishes_prop/plots/W8T41JZK0ZMEP.png,Animal
chicken_fish,MPBA-Modifiable,Count,1.00810055950824,0.856683213138369,1.1569657264518975,1.00810055950824,1.00060421454607,1.00451461746586,Restaurant,2HRX9P6HKXA8V,../../model_fits/finalized_redone_trunc/a1_proportion/chicken_fish/mpbamod_dishes_count/plots/2HRX9P6HKXA8V.png,Animal
chicken_fish,MPBA-Modifiable,Count,0.985086467114955,0.9363461031774852,1.0268282604766512,0.985086467114955,0.998472379951766,1.00726044385407,Restaurant,ED5J990H5VAZT,../../model_fits/finalized_redone_trunc/a1_proportion/chicken_fish/mpbamod_dishes_count/plots/ED5J990H5VAZT.png,Animal
chicken_fish,MPBA-Modifiable,Count,1.0313505582728,0.9959656636388226,1.0710112895073314,1.0313505582728,1.00307536616393,1.00085203378269,Restaurant,JHDN7CF1C03X5,../../model_fits/finalized_redone_trunc/a1_proportion/chicken_fish/mpbamod_dishes_count/plots/JHDN7CF1C03X5.png,Animal
chicken_fish,MPBA-Modifiable,Count,0.983129917517493,0.7247012159511634,1.1352401335897524,0.983129917517493,0.997862358280156,1.00766484040018,Restaurant,L69HYJ4Y3TR91,../../model_fits/finalized_redone_trunc/a1_proportion/chicken_fish/mpbamod_dishes_count/plots/L69HYJ4Y3TR91.png,Animal
chicken_fish,MPBA-Modifiable,Count,1.01256764214339,0.9860942334459151,1.0390370128345912,1.01256764214339,1.00124167979113,1.00057782700639,Restaurant,W8T41JZK0ZMEP,../../model_fits/finalized_redone_trunc/a1_proportion/chicken_fish/mpbamod_dishes_count/plots/W8T41JZK0ZMEP.png,Animal
chicken_fish,MPBA-Modifiable,Proportion,1.0243834704791,0.7101540930713938,1.3956102502584216,16.5597176158392,1.0243834704791,1.0021081610892,Restaurant,2HRX9P6HKXA8V,../../model_fits/finalized_redone_trunc/a1_proportion/chicken_fish/mpbamod_dishes_prop/plots/2HRX9P6HKXA8V.png,Animal
chicken_fish,MPBA-Modifiable,Proportion,0.893943712921704,0.8089469612099413,0.9871544549310337,0.366099865018754,0.893943712921704,1.00041249677008,Restaurant,ED5J990H5VAZT,../../model_fits/finalized_redone_trunc/a1_proportion/chicken_fish/mpbamod_dishes_prop/plots/ED5J990H5VAZT.png,Animal
chicken_fish,MPBA-Modifiable,Proportion,1.35173455567245,1.1589183926327236,1.5660771312069888,26.7163887773968,1.35173455567245,1.00019841734816,Restaurant,JHDN7CF1C03X5,../../model_fits/finalized_redone_trunc/a1_proportion/chicken_fish/mpbamod_dishes_prop/plots/JHDN7CF1C03X5.png,Animal
chicken_fish,MPBA-Modifiable,Proportion,0.97162204052046,0.5730139454239148,1.378506821549335,21.2862076405283,0.97162204052046,1.0001520880962,Restaurant,L69HYJ4Y3TR91,../../model_fits/finalized_redone_trunc/a1_proportion/chicken_fish/mpbamod_dishes_prop/plots/L69HYJ4Y3TR91.png,Animal
chicken_fish,MPBA-Modifiable,Proportion,1.07365174641328,0.9339952116308514,1.2258340261434593,2.53149203818843,1.07365174641328,0.999942907560298,Restaurant,W8T41JZK0ZMEP,../../model_fits/finalized_redone_trunc/a1_proportion/chicken_fish/mpbamod_dishes_prop/plots/W8T41JZK0ZMEP.png,Animal
chicken_fish,Vegan,Count,0.950521652324444,0.8070156242459837,1.1075691124409592,0.950521652324444,0.994641565519364,1.00163656189111,Restaurant,2HRX9P6HKXA8V,../../model_fits/finalized_redone_trunc/a1_proportion/chicken_fish/vegan_dishes_count/plots/2HRX9P6HKXA8V.png,Animal
chicken_fish,Vegan,Count,1.53514039501812,1.2134021094661118,1.9315883621117396,1.53514039501812,1.04313260528495,1.00379887083133,Restaurant,ED5J990H5VAZT,../../model_fits/finalized_redone_trunc/a1_proportion/chicken_fish/vegan_dishes_count/plots/ED5J990H5VAZT.png,Animal
chicken_fish,Vegan,Count,0.948752929167561,0.9286272997521012,0.9680691532009912,0.948752929167561,0.994748128099,1.00093093893411,Restaurant,JHDN7CF1C03X5,../../model_fits/finalized_redone_trunc/a1_proportion/chicken_fish/vegan_dishes_count/plots/JHDN7CF1C03X5.png,Animal
chicken_fish,Vegan,Count,1.19516499193606,0.9958006233949488,1.436675839169639,1.19516499193606,1.01759853374323,1.00115324654931,Restaurant,L69HYJ4Y3TR91,../../model_fits/finalized_redone_trunc/a1_proportion/chicken_fish/vegan_dishes_count/plots/L69HYJ4Y3TR91.png,Animal
chicken_fish,Vegan,Count,1.01419305427132,0.9940010688741844,1.0353893711706987,1.01419305427132,1.00140568119648,1.00202450324549,Restaurant,W8T41JZK0ZMEP,../../model_fits/finalized_redone_trunc/a1_proportion/chicken_fish/vegan_dishes_count/plots/W8T41JZK0ZMEP.png,Animal
chicken_fish,Vegan,Proportion,0.898608410739397,0.687472826715493,1.1438784931097197,0.685122641485239,0.898608410739397,1.00027447723068,Restaurant,2HRX9P6HKXA8V,../../model_fits/finalized_redone_trunc/a1_proportion/chicken_fish/vegan_dishes_prop/plots/2HRX9P6HKXA8V.png,Animal
chicken_fish,Vegan,Proportion,1.09647093579992,0.7985751913596689,1.5509603581960913,16.1127975748866,1.09647093579992,1.00101655804435,Restaurant,ED5J990H5VAZT,../../model_fits/finalized_redone_trunc/a1_proportion/chicken_fish/vegan_dishes_prop/plots/ED5J990H5VAZT.png,Animal
chicken_fish,Vegan,Proportion,0.750022750265349,0.6634479008473162,0.8385495968290306,0.0658862904119077,0.750022750265349,1.00138226097201,Restaurant,JHDN7CF1C03X5,../../model_fits/finalized_redone_trunc/a1_proportion/chicken_fish/vegan_dishes_prop/plots/JHDN7CF1C03X5.png,Animal
chicken_fish,Vegan,Proportion,1.12748788457749,0.787772508973906,1.7085914625992573,67.1900700197318,1.12748788457749,1.00197967565379,Restaurant,L69HYJ4Y3TR91,../../model_fits/finalized_redone_trunc/a1_proportion/chicken_fish/vegan_dishes_prop/plots/L69HYJ4Y3TR91.png,Animal
chicken_fish,Vegan,Proportion,1.06626993766895,0.9319148067883323,1.2181878674946713,2.35380398716741,1.06626993766895,1.0006232987943,Restaurant,W8T41JZK0ZMEP,../../model_fits/finalized_redone_trunc/a1_proportion/chicken_fish/vegan_dishes_prop/plots/W8T41JZK0ZMEP.png,Animal
chicken_fish,Vegetarian,Count,1.04354696910933,0.9220960939346191,1.1668649820549049,1.04354696910933,1.00411546650218,1.00162758212583,Restaurant,2HRX9P6HKXA8V,../../model_fits/finalized_redone_trunc/a1_proportion/chicken_fish/vegetarian_dishes_count/plots/2HRX9P6HKXA8V.png,Animal
chicken_fish,Vegetarian,Count,1.12466762590016,1.040891156510275,1.2216639219872827,1.12466762590016,1.01174195528316,1.00028655243895,Restaurant,ED5J990H5VAZT,../../model_fits/finalized_redone_trunc/a1_proportion/chicken_fish/vegetarian_dishes_count/plots/ED5J990H5VAZT.png,Animal
chicken_fish,Vegetarian,Count,0.972001830148388,0.9566812285802209,0.9874507148154537,0.972001830148388,0.997161379902615,1.00034610536528,Restaurant,JHDN7CF1C03X5,../../model_fits/finalized_redone_trunc/a1_proportion/chicken_fish/vegetarian_dishes_count/plots/JHDN7CF1C03X5.png,Animal
chicken_fish,Vegetarian,Count,1.20743239770484,1.0400214105409744,1.4329722017232602,1.20743239770484,1.01871660323189,1.01090814550011,Restaurant,L69HYJ4Y3TR91,../../model_fits/finalized_redone_trunc/a1_proportion/chicken_fish/vegetarian_dishes_count/plots/L69HYJ4Y3TR91.png,Animal
chicken_fish,Vegetarian,Count,1.00992812558318,0.9963700348107603,1.024678366942781,1.00992812558318,1.00098600838513,1.00030401954159,Restaurant,W8T41JZK0ZMEP,../../model_fits/finalized_redone_trunc/a1_proportion/chicken_fish/vegetarian_dishes_count/plots/W8T41JZK0ZMEP.png,Animal
chicken_fish,Vegetarian,Proportion,0.999683532661013,0.7682109569687694,1.320636278993644,2.70251307962071,0.999683532661013,1.00039417270281,Restaurant,2HRX9P6HKXA8V,../../model_fits/finalized_redone_trunc/a1_proportion/chicken_fish/vegetarian_dishes_prop/plots/2HRX9P6HKXA8V.png,Animal
chicken_fish,Vegetarian,Proportion,0.587443766320696,0.36738387377221177,0.8416924859795092,0.0229952026436244,0.587443766320696,1.00323777357085,Restaurant,ED5J990H5VAZT,../../model_fits/finalized_redone_trunc/a1_proportion/chicken_fish/vegetarian_dishes_prop/plots/ED5J990H5VAZT.png,Animal
chicken_fish,Vegetarian,Proportion,0.78070861752339,0.6974360179721463,0.8735571937677541,0.0980035831909759,0.78070861752339,1.00222384862904,Restaurant,JHDN7CF1C03X5,../../model_fits/finalized_redone_trunc/a1_proportion/chicken_fish/vegetarian_dishes_prop/plots/JHDN7CF1C03X5.png,Animal
chicken_fish,Vegetarian,Proportion,1.13237592778946,0.6829833653355243,2.115750720268961,6256.73031206644,1.13237592778946,1.00660261072827,Restaurant,L69HYJ4Y3TR91,../../model_fits/finalized_redone_trunc/a1_proportion/chicken_fish/vegetarian_dishes_prop/plots/L69HYJ4Y3TR91.png,Animal
chicken_fish,Vegetarian,Proportion,1.00739554603054,0.8462089618945553,1.194426405797033,1.50894267343985,1.00739554603054,1.00204434874014,Restaurant,W8T41JZK0ZMEP,../../model_fits/finalized_redone_trunc/a1_proportion/chicken_fish/vegetarian_dishes_prop/plots/W8T41JZK0ZMEP.png,Animal
vegetarian,MPBA-Modifiable,Count,0.918072747174823,0.713251664469622,1.1621402840269743,0.918072747174823,0.990781206440778,1.00219328983484,Restaurant,2HRX9P6HKXA8V,../../model_fits/finalized_redone_trunc/a1_proportion/vegetarian/mpbamod_dishes_count/plots/2HRX9P6HKXA8V.png,Plant-based
vegetarian,MPBA-Modifiable,Count,1.00109606377776,0.9811142369070013,1.0222437635144408,1.00109606377776,1.00010459495222,1.00776680739006,Restaurant,ED5J990H5VAZT,../../model_fits/finalized_redone_trunc/a1_proportion/vegetarian/mpbamod_dishes_count/plots/ED5J990H5VAZT.png,Plant-based
vegetarian,MPBA-Modifiable,Count,0.997471656596208,0.9548619561343253,1.041875159383006,0.997471656596208,0.999724735264354,1.00100310569389,Restaurant,JHDN7CF1C03X5,../../model_fits/finalized_redone_trunc/a1_proportion/vegetarian/mpbamod_dishes_count/plots/JHDN7CF1C03X5.png,Plant-based
vegetarian,MPBA-Modifiable,Count,1.05628543325406,0.8704668235041515,1.2885203087106971,1.05628543325406,1.00502767236983,1.00339414990148,Restaurant,L69HYJ4Y3TR91,../../model_fits/finalized_redone_trunc/a1_proportion/vegetarian/mpbamod_dishes_count/plots/L69HYJ4Y3TR91.png,Plant-based
vegetarian,MPBA-Modifiable,Count,1.20859468876372,1.0857967236151551,1.3460333728381841,1.20859468876372,1.01898524598596,1.00312312239288,Restaurant,SRQS8F7JWA9MZ,../../model_fits/finalized_redone_trunc/a1_proportion/vegetarian/mpbamod_dishes_count/plots/SRQS8F7JWA9MZ.png,Plant-based
vegetarian,MPBA-Modifiable,Count,0.998226226589245,0.9710560673439326,1.0262135918260584,0.998226226589245,0.999813675280212,1.00294665865271,Restaurant,W8T41JZK0ZMEP,../../model_fits/finalized_redone_trunc/a1_proportion/vegetarian/mpbamod_dishes_count/plots/W8T41JZK0ZMEP.png,Plant-based
vegetarian,MPBA-Modifiable,Proportion,0.813099716781373,0.5202821725827868,1.2209089441109273,1.16153078341392,0.813099716781373,1.00315978045172,Restaurant,2HRX9P6HKXA8V,../../model_fits/finalized_redone_trunc/a1_proportion/vegetarian/mpbamod_dishes_prop/plots/2HRX9P6HKXA8V.png,Plant-based
vegetarian,MPBA-Modifiable,Proportion,1.00188535096976,0.9590712485294619,1.0472554215277872,1.04236695884153,1.00188535096976,1.00140173955214,Restaurant,ED5J990H5VAZT,../../model_fits/finalized_redone_trunc/a1_proportion/vegetarian/mpbamod_dishes_prop/plots/ED5J990H5VAZT.png,Plant-based
vegetarian,MPBA-Modifiable,Proportion,0.768847792175614,0.6473995354841882,0.9100896434838991,0.103274936372379,0.768847792175614,1.00045456127922,Restaurant,JHDN7CF1C03X5,../../model_fits/finalized_redone_trunc/a1_proportion/vegetarian/mpbamod_dishes_prop/plots/JHDN7CF1C03X5.png,Plant-based
vegetarian,MPBA-Modifiable,Proportion,1.08983601648434,0.7044981141570509,1.6736465896751318,27.1585667446654,1.08983601648434,1.00031505827753,Restaurant,L69HYJ4Y3TR91,../../model_fits/finalized_redone_trunc/a1_proportion/vegetarian/mpbamod_dishes_prop/plots/L69HYJ4Y3TR91.png,Plant-based
vegetarian,MPBA-Modifiable,Proportion,1.18614214508985,1.0636521651298754,1.3200320280788247,6.31877116961316,1.18614214508985,1.00180859772225,Restaurant,SRQS8F7JWA9MZ,../../model_fits/finalized_redone_trunc/a1_proportion/vegetarian/mpbamod_dishes_prop/plots/SRQS8F7JWA9MZ.png,Plant-based
vegetarian,MPBA-Modifiable,Proportion,0.997861129280333,0.8708113419144772,1.1434617067922115,1.22878349439374,0.997861129280333,1.00033827752203,Restaurant,W8T41JZK0ZMEP,../../model_fits/finalized_redone_trunc/a1_proportion/vegetarian/mpbamod_dishes_prop/plots/W8T41JZK0ZMEP.png,Plant-based
vegetarian,Vegan,Count,1.02521509785322,0.894775779761642,1.17468149175151,1.02521509785322,1.00227381414702,1.00074974431862,Restaurant,2HRX9P6HKXA8V,../../model_fits/finalized_redone_trunc/a1_proportion/vegetarian/vegan_dishes_count/plots/2HRX9P6HKXA8V.png,Plant-based
vegetarian,Vegan,Count,1.02445611122041,0.9448661752581212,1.1104406294238396,1.02445611122041,1.00234140307724,1.00101572078938,Restaurant,ED5J990H5VAZT,../../model_fits/finalized_redone_trunc/a1_proportion/vegetarian/vegan_dishes_count/plots/ED5J990H5VAZT.png,Plant-based
vegetarian,Vegan,Count,1.03711381323147,1.0113557253525307,1.0633622690169042,1.03711381323147,1.00364316607585,1.00258395701606,Restaurant,JHDN7CF1C03X5,../../model_fits/finalized_redone_trunc/a1_proportion/vegetarian/vegan_dishes_count/plots/JHDN7CF1C03X5.png,Plant-based
vegetarian,Vegan,Count,1.0151632050905,0.9401109676443901,1.0946469788016862,1.0151632050905,1.00143861175112,1.0015388160601,Restaurant,L69HYJ4Y3TR91,../../model_fits/finalized_redone_trunc/a1_proportion/vegetarian/vegan_dishes_count/plots/L69HYJ4Y3TR91.png,Plant-based
vegetarian,Vegan,Count,0.682669312522996,0.5409647280232662,0.8574950050273491,0.682669312522996,0.961948400902788,1.00085527062933,Restaurant,SRQS8F7JWA9MZ,../../model_fits/finalized_redone_trunc/a1_proportion/vegetarian/vegan_dishes_count/plots/SRQS8F7JWA9MZ.png,Plant-based
vegetarian,Vegan,Count,0.996521584244204,0.9768432279566264,1.0162694797887635,0.996521584244204,0.9996469623654,1.00263532367418,Restaurant,W8T41JZK0ZMEP,../../model_fits/finalized_redone_trunc/a1_proportion/vegetarian/vegan_dishes_count/plots/W8T41JZK0ZMEP.png,Plant-based
vegetarian,Vegan,Proportion,1.07173412211703,0.8521549222975425,1.3210218917403054,3.48353822330101,1.07173412211703,1.0012425203694,Restaurant,2HRX9P6HKXA8V,../../model_fits/finalized_redone_trunc/a1_proportion/vegetarian/vegan_dishes_prop/plots/2HRX9P6HKXA8V.png,Plant-based
vegetarian,Vegan,Proportion,1.00708607989089,0.8753514203468596,1.1557884219452905,1.35037592943131,1.00708607989089,1.00352593791776,Restaurant,ED5J990H5VAZT,../../model_fits/finalized_redone_trunc/a1_proportion/vegetarian/vegan_dishes_prop/plots/ED5J990H5VAZT.png,Plant-based
vegetarian,Vegan,Proportion,1.18636888683808,1.0390630436354222,1.3482360049205286,6.75374938541808,1.18636888683808,1.00171103655426,Restaurant,JHDN7CF1C03X5,../../model_fits/finalized_redone_trunc/a1_proportion/vegetarian/vegan_dishes_prop/plots/JHDN7CF1C03X5.png,Plant-based
vegetarian,Vegan,Proportion,0.961366112732449,0.7237138677519142,1.2667792744571444,1.77221403446084,0.961366112732449,1.00214494900885,Restaurant,L69HYJ4Y3TR91,../../model_fits/finalized_redone_trunc/a1_proportion/vegetarian/vegan_dishes_prop/plots/L69HYJ4Y3TR91.png,Plant-based
vegetarian,Vegan,Proportion,0.843531012880927,0.7729703621208077,0.9177797485271746,0.199333489742965,0.843531012880927,1.00243419854512,Restaurant,SRQS8F7JWA9MZ,../../model_fits/finalized_redone_trunc/a1_proportion/vegetarian/vegan_dishes_prop/plots/SRQS8F7JWA9MZ.png,Plant-based
vegetarian,Vegan,Proportion,0.995568733882916,0.8773180285667155,1.129463783811551,1.15929712398467,0.995568733882916,1.00068166929962,Restaurant,W8T41JZK0ZMEP,../../model_fits/finalized_redone_trunc/a1_proportion/vegetarian/vegan_dishes_prop/plots/W8T41JZK0ZMEP.png,Plant-based
vegetarian,Vegetarian,Count,1.00214087554113,0.8959802846393662,1.115139989330191,1.00214087554113,1.00007750242496,1.00232034037701,Restaurant,2HRX9P6HKXA8V,../../model_fits/finalized_redone_trunc/a1_proportion/vegetarian/vegetarian_dishes_count/plots/2HRX9P6HKXA8V.png,Plant-based
vegetarian,Vegetarian,Count,1.02785430854731,0.9957125425017658,1.0622465105009018,1.02785430854731,1.00273867665981,1.00170108363002,Restaurant,ED5J990H5VAZT,../../model_fits/finalized_redone_trunc/a1_proportion/vegetarian/vegetarian_dishes_count/plots/ED5J990H5VAZT.png,Plant-based
vegetarian,Vegetarian,Count,1.03276891232161,1.0126946601927034,1.0531306178485944,1.03276891232161,1.00322496246753,1.00103442991806,Restaurant,JHDN7CF1C03X5,../../model_fits/finalized_redone_trunc/a1_proportion/vegetarian/vegetarian_dishes_count/plots/JHDN7CF1C03X5.png,Plant-based
vegetarian,Vegetarian,Count,1.00641115662376,0.9532335210660984,1.0638232646816046,1.00641115662376,1.00060498625396,1.00196803542016,Restaurant,L69HYJ4Y3TR91,../../model_fits/finalized_redone_trunc/a1_proportion/vegetarian/vegetarian_dishes_count/plots/L69HYJ4Y3TR91.png,Plant-based
vegetarian,Vegetarian,Count,1.08645240328901,1.0416453835296637,1.1337439883664147,1.08645240328901,1.0083048270942,1.00082662346189,Restaurant,SRQS8F7JWA9MZ,../../model_fits/finalized_redone_trunc/a1_proportion/vegetarian/vegetarian_dishes_count/plots/SRQS8F7JWA9MZ.png,Plant-based
vegetarian,Vegetarian,Count,1.00147311920659,0.9868596591199575,1.0166773549891193,1.00147311920659,1.00014457493434,1.00024308247835,Restaurant,W8T41JZK0ZMEP,../../model_fits/finalized_redone_trunc/a1_proportion/vegetarian/vegetarian_dishes_count/plots/W8T41JZK0ZMEP.png,Plant-based
vegetarian,Vegetarian,Proportion,1.11027426909775,0.842698134436032,1.3910903547255875,5.30291958477496,1.11027426909775,1.05527021717424,Restaurant,2HRX9P6HKXA8V,../../model_fits/finalized_redone_trunc/a1_proportion/vegetarian/vegetarian_dishes_prop/plots/2HRX9P6HKXA8V.png,Plant-based
vegetarian,Vegetarian,Proportion,1.09463208419271,0.9640355089881858,1.234539693142444,2.96025041755554,1.09463208419271,1.01399916308653,Restaurant,ED5J990H5VAZT,../../model_fits/finalized_redone_trunc/a1_proportion/vegetarian/vegetarian_dishes_prop/plots/ED5J990H5VAZT.png,Plant-based
vegetarian,Vegetarian,Proportion,1.19434081361694,1.0588290259484388,1.3505319069515662,7.04005110910574,1.19434081361694,1.00533724688431,Restaurant,JHDN7CF1C03X5,../../model_fits/finalized_redone_trunc/a1_proportion/vegetarian/vegetarian_dishes_prop/plots/JHDN7CF1C03X5.png,Plant-based
vegetarian,Vegetarian,Proportion,1.06642534728006,0.854040574669154,1.2963844532946156,3.16623538263828,1.06642534728006,1.01435938674296,Restaurant,L69HYJ4Y3TR91,../../model_fits/finalized_redone_trunc/a1_proportion/vegetarian/vegetarian_dishes_prop/plots/L69HYJ4Y3TR91.png,Plant-based
vegetarian,Vegetarian,Proportion,1.13390472894434,1.0586825682592589,1.214156901261648,3.71347322247901,1.13390472894434,1.00475768309787,Restaurant,SRQS8F7JWA9MZ,../../model_fits/finalized_redone_trunc/a1_proportion/vegetarian/vegetarian_dishes_prop/plots/SRQS8F7JWA9MZ.png,Plant-based
vegetarian,Vegetarian,Proportion,1.06596112891511,0.9131727772987223,1.2207402719312899,2.40373392489043,1.06596112891511,1.01168735615472,Restaurant,W8T41JZK0ZMEP,../../model_fits/finalized_redone_trunc/a1_proportion/vegetarian/vegetarian_dishes_prop/plots/W8T41JZK0ZMEP.png,Plant-based
vegan,MPBA-Modifiable,Count,1.03545357076745,0.8042052229091105,1.3003673448333428,1.03545357076745,1.00284119784441,1.00549676097757,Restaurant,2HRX9P6HKXA8V,../../model_fits/finalized_redone_trunc/a1_proportion/vegan/mpbamod_dishes_count/plots/2HRX9P6HKXA8V.png,Plant-based
vegan,MPBA-Modifiable,Count,1.01770957541256,0.9904049243323501,1.0454851436691643,1.01770957541256,1.00174838433958,1.00076307738673,Restaurant,ED5J990H5VAZT,../../model_fits/finalized_redone_trunc/a1_proportion/vegan/mpbamod_dishes_count/plots/ED5J990H5VAZT.png,Plant-based
vegan,MPBA-Modifiable,Count,0.992746188791731,0.9450950420005677,1.0428333956028204,0.992746188791731,0.999243789783223,1.00102474458355,Restaurant,JHDN7CF1C03X5,../../model_fits/finalized_redone_trunc/a1_proportion/vegan/mpbamod_dishes_count/plots/JHDN7CF1C03X5.png,Plant-based
vegan,MPBA-Modifiable,Count,1.04568835247328,0.8494628546153291,1.340820794969447,1.04568835247328,1.00382971076297,1.0045537040151,Restaurant,L69HYJ4Y3TR91,../../model_fits/finalized_redone_trunc/a1_proportion/vegan/mpbamod_dishes_count/plots/L69HYJ4Y3TR91.png,Plant-based
vegan,MPBA-Modifiable,Count,0.96168116272268,0.842189292130351,1.0974579298261127,0.96168116272268,0.995893202803366,1.00114866435568,Restaurant,SRQS8F7JWA9MZ,../../model_fits/finalized_redone_trunc/a1_proportion/vegan/mpbamod_dishes_count/plots/SRQS8F7JWA9MZ.png,Plant-based
vegan,MPBA-Modifiable,Count,0.989200836646416,0.9630361321335319,1.0169194961276362,0.989200836646416,0.998906020530788,1.0003391045865,Restaurant,W8T41JZK0ZMEP,../../model_fits/finalized_redone_trunc/a1_proportion/vegan/mpbamod_dishes_count/plots/W8T41JZK0ZMEP.png,Plant-based
vegan,MPBA-Modifiable,Proportion,1.00409410936273,0.6983041403238562,1.4121042460596607,4.98001107967486,1.00409410936273,1.01236289164066,Restaurant,2HRX9P6HKXA8V,../../model_fits/finalized_redone_trunc/a1_proportion/vegan/mpbamod_dishes_prop/plots/2HRX9P6HKXA8V.png,Plant-based
vegan,MPBA-Modifiable,Proportion,1.04837017169511,0.994631268429412,1.1092195778195544,1.66216746621464,1.04837017169511,1.00387567057307,Restaurant,ED5J990H5VAZT,../../model_fits/finalized_redone_trunc/a1_proportion/vegan/mpbamod_dishes_prop/plots/ED5J990H5VAZT.png,Plant-based
vegan,MPBA-Modifiable,Proportion,0.855153054500841,0.7035881188424563,1.033399910227567,0.335212095000499,0.855153054500841,1.00925545786703,Restaurant,JHDN7CF1C03X5,../../model_fits/finalized_redone_trunc/a1_proportion/vegan/mpbamod_dishes_prop/plots/JHDN7CF1C03X5.png,Plant-based
vegan,MPBA-Modifiable,Proportion,1.01802703980653,0.6884750514933232,1.4830286397414982,10.0072975931214,1.01802703980653,1.00286513485703,Restaurant,L69HYJ4Y3TR91,../../model_fits/finalized_redone_trunc/a1_proportion/vegan/mpbamod_dishes_prop/plots/L69HYJ4Y3TR91.png,Plant-based
vegan,MPBA-Modifiable,Proportion,0.974893509974476,0.8630654570613631,1.1011991308382527,0.930272127736529,0.974893509974476,1.00067469471109,Restaurant,SRQS8F7JWA9MZ,../../model_fits/finalized_redone_trunc/a1_proportion/vegan/mpbamod_dishes_prop/plots/SRQS8F7JWA9MZ.png,Plant-based
vegan,MPBA-Modifiable,Proportion,0.98876533410723,0.8590470976822808,1.129183369945544,1.1131346116457,0.98876533410723,1.00555861790984,Restaurant,W8T41JZK0ZMEP,../../model_fits/finalized_redone_trunc/a1_proportion/vegan/mpbamod_dishes_prop/plots/W8T41JZK0ZMEP.png,Plant-based
vegan,Vegan,Count,1.05940927549065,0.9575709896969062,1.172956019575041,1.05940927549065,1.00566580213768,1.00177185608143,Restaurant,2HRX9P6HKXA8V,../../model_fits/finalized_redone_trunc/a1_proportion/vegan/vegan_dishes_count/plots/2HRX9P6HKXA8V.png,Plant-based
vegan,Vegan,Count,1.42376891297536,1.2676179381441472,1.6013702996598687,1.42376891297536,1.03579399482304,1.0007180767494,Restaurant,ED5J990H5VAZT,../../model_fits/finalized_redone_trunc/a1_proportion/vegan/vegan_dishes_count/plots/ED5J990H5VAZT.png,Plant-based
vegan,Vegan,Count,1.03077453336031,1.0076539969711986,1.0557111466530311,1.03077453336031,1.00302908563366,1.00033561884374,Restaurant,JHDN7CF1C03X5,../../model_fits/finalized_redone_trunc/a1_proportion/vegan/vegan_dishes_count/plots/JHDN7CF1C03X5.png,Plant-based
vegan,Vegan,Count,1.20871442884063,1.1071679405124175,1.3205708761014794,1.20871442884063,1.01904356465369,1.00105812183447,Restaurant,L69HYJ4Y3TR91,../../model_fits/finalized_redone_trunc/a1_proportion/vegan/vegan_dishes_count/plots/L69HYJ4Y3TR91.png,Plant-based
vegan,Vegan,Count,1.02706624337985,1.0121844402797204,1.0426153384771688,1.02706624337985,1.00267151841962,1.00021950344204,Restaurant,W8T41JZK0ZMEP,../../model_fits/finalized_redone_trunc/a1_proportion/vegan/vegan_dishes_count/plots/W8T41JZK0ZMEP.png,Plant-based
vegan,Vegan,Proportion,1.14041678697861,0.9568148743234407,1.3128927384254188,4.81612634000054,1.14041678697861,1.00183071461657,Restaurant,2HRX9P6HKXA8V,../../model_fits/finalized_redone_trunc/a1_proportion/vegan/vegan_dishes_prop/plots/2HRX9P6HKXA8V.png,Plant-based
vegan,Vegan,Proportion,1.27353830950228,1.0969928681046601,1.5527575658591481,18.0230974256914,1.27353830950228,1.0029052831112,Restaurant,ED5J990H5VAZT,../../model_fits/finalized_redone_trunc/a1_proportion/vegan/vegan_dishes_prop/plots/ED5J990H5VAZT.png,Plant-based
vegan,Vegan,Proportion,1.14835902937463,1.0186081101577078,1.2737555019052091,4.61051114159596,1.14835902937463,1.00101695092159,Restaurant,JHDN7CF1C03X5,../../model_fits/finalized_redone_trunc/a1_proportion/vegan/vegan_dishes_prop/plots/JHDN7CF1C03X5.png,Plant-based
vegan,Vegan,Proportion,1.37641667703214,1.1061135056452247,1.9445711221393807,113.340462270946,1.37641667703214,1.00257480712699,Restaurant,L69HYJ4Y3TR91,../../model_fits/finalized_redone_trunc/a1_proportion/vegan/vegan_dishes_prop/plots/L69HYJ4Y3TR91.png,Plant-based
vegan,Vegan,Proportion,1.17943258641624,1.0722710356981384,1.2976439512621187,5.78877026589546,1.17943258641624,1.00063017137027,Restaurant,W8T41JZK0ZMEP,../../model_fits/finalized_redone_trunc/a1_proportion/vegan/vegan_dishes_prop/plots/W8T41JZK0ZMEP.png,Plant-based
vegan,Vegetarian,Count,0.991357283176926,0.8885071159249778,1.0938877733909365,0.991357283176926,0.99900544840026,1.00367370095922,Restaurant,2HRX9P6HKXA8V,../../model_fits/finalized_redone_trunc/a1_proportion/vegan/vegetarian_dishes_count/plots/2HRX9P6HKXA8V.png,Plant-based
vegan,Vegetarian,Count,1.01928915336582,0.9733896348858673,1.0718558925276418,1.01928915336582,1.00188581901474,1.00159482561857,Restaurant,ED5J990H5VAZT,../../model_fits/finalized_redone_trunc/a1_proportion/vegan/vegetarian_dishes_count/plots/ED5J990H5VAZT.png,Plant-based
vegan,Vegetarian,Count,1.01788159705432,0.9970533760932269,1.0399010004268652,1.01788159705432,1.00176872548166,1.00273312561184,Restaurant,JHDN7CF1C03X5,../../model_fits/finalized_redone_trunc/a1_proportion/vegan/vegetarian_dishes_count/plots/JHDN7CF1C03X5.png,Plant-based
vegan,Vegetarian,Count,1.03991253490586,0.9716973172728772,1.1154294107270053,1.03991253490586,1.003864520109,1.0067548742121,Restaurant,L69HYJ4Y3TR91,../../model_fits/finalized_redone_trunc/a1_proportion/vegan/vegetarian_dishes_count/plots/L69HYJ4Y3TR91.png,Plant-based
vegan,Vegetarian,Count,0.987395840785867,0.9376748611218652,1.0384908749129502,0.987395840785867,0.998702827570331,1.00028280749176,Restaurant,SRQS8F7JWA9MZ,../../model_fits/finalized_redone_trunc/a1_proportion/vegan/vegetarian_dishes_count/plots/SRQS8F7JWA9MZ.png,Plant-based
vegan,Vegetarian,Count,0.990418919606358,0.975564368558599,1.0053479472387352,0.990418919606358,0.99903509011272,1.00030937339613,Restaurant,W8T41JZK0ZMEP,../../model_fits/finalized_redone_trunc/a1_proportion/vegan/vegetarian_dishes_count/plots/W8T41JZK0ZMEP.png,Plant-based
vegan,Vegetarian,Proportion,1.04140358047076,0.8267859847628851,1.3017757351217694,2.78210661575058,1.04140358047076,1.00470725839913,Restaurant,2HRX9P6HKXA8V,../../model_fits/finalized_redone_trunc/a1_proportion/vegan/vegetarian_dishes_prop/plots/2HRX9P6HKXA8V.png,Plant-based
vegan,Vegetarian,Proportion,1.06761877688673,0.9083588674444403,1.2900317493887814,2.89555085033535,1.06761877688673,1.00088069969364,Restaurant,ED5J990H5VAZT,../../model_fits/finalized_redone_trunc/a1_proportion/vegan/vegetarian_dishes_prop/plots/ED5J990H5VAZT.png,Plant-based
vegan,Vegetarian,Proportion,1.10060881918363,0.9519489852965227,1.271550259090562,3.33439000646116,1.10060881918363,1.00275208211783,Restaurant,JHDN7CF1C03X5,../../model_fits/finalized_redone_trunc/a1_proportion/vegan/vegetarian_dishes_prop/plots/JHDN7CF1C03X5.png,Plant-based
vegan,Vegetarian,Proportion,1.06308492958113,0.805350707456353,1.4443802329129292,7.31989506381434,1.06308492958113,1.00587329022431,Restaurant,L69HYJ4Y3TR91,../../model_fits/finalized_redone_trunc/a1_proportion/vegan/vegetarian_dishes_prop/plots/L69HYJ4Y3TR91.png,Plant-based
vegan,Vegetarian,Proportion,0.993695194701106,0.904744215534005,1.085771139831265,1.03285775890418,0.993695194701106,1.00027334621668,Restaurant,SRQS8F7JWA9MZ,../../model_fits/finalized_redone_trunc/a1_proportion/vegan/vegetarian_dishes_prop/plots/SRQS8F7JWA9MZ.png,Plant-based
vegan,Vegetarian,Proportion,1.01245634746487,0.8629840565663607,1.190281605612904,1.54211097882777,1.01245634746487,1.00292511325367,Restaurant,W8T41JZK0ZMEP,../../model_fits/finalized_redone_trunc/a1_proportion/vegan/vegetarian_dishes_prop/plots/W8T41JZK0ZMEP.png,Plant-based
