outcome,exposure_group,exposure_type,mean,q2.5,q97.5,rhat,estimate_type,restaurant_id
chicken_fish,mpbamod,Count,-0.021464239518033335,-0.17205312499999997,0.05817409000000004,1.0043142579691682,Pooled,POOLED
chicken_fish,mpbamod,Proportion,-1.11407947007,-2.338966,0.2774670500000003,0.999901510211722,Pooled,POOLED
chicken_fish,vegan,Count,0.1527746853082,-0.18927047499999997,0.479843225,1.0090804074759532,Pooled,POOLED
chicken_fish,vegan,Proportion,0.6737307774143333,-0.4990857999999999,1.8669520000000002,1.001711348359496,Pooled,POOLED
chicken_fish,vegetarian,Count,0.08912258275662,-0.0517834025,0.24276402500000002,1.0050799998880577,Pooled,POOLED
chicken_fish,vegetarian,Proportion,-0.17456695051966667,-1.68745225,1.3390727500000004,1.0006603334734918,Pooled,POOLED
meat,mpbamod,Count,-0.021284325753533333,-0.23344787500000003,0.1722492,1.001351352045772,Pooled,POOLED
meat,mpbamod,Proportion,-0.501600699835,-1.81720975,0.7761475500000002,1.0021543808314255,Pooled,POOLED
meat,vegan,Count,0.17933322441933333,-0.1411004,0.5121627750000001,0.9997865091136683,Pooled,POOLED
meat,vegan,Proportion,0.2527304346531667,-0.9574775499999999,1.2796267500000003,1.000621242363303,Pooled,POOLED
meat,vegetarian,Count,0.03192271213583334,-0.030296169999999994,0.09193898250000002,1.0011703440307644,Pooled,POOLED
meat,vegetarian,Proportion,-0.4572368431712,-1.6892232500000002,0.7872974250000002,1.001864308672492,Pooled,POOLED
nonvegan,mpbamod,Count,-0.0209724566542,-0.30284645,0.2440082,1.001093727548236,Pooled,POOLED
nonvegan,mpbamod,Proportion,-0.6396933234516666,-2.0332912499999996,0.7958566750000002,0.9997886817187853,Pooled,POOLED
nonvegan,vegan,Count,0.21090876449166668,-0.116423325,0.5778747500000003,1.0029079403961387,Pooled,POOLED
nonvegan,vegan,Proportion,0.7282488187106667,-0.368110375,1.7043222500000004,1.000076053453321,Pooled,POOLED
nonvegan,vegetarian,Count,0.05000779177,-0.026049337499999988,0.12711442500000003,1.0026631892598532,Pooled,POOLED
nonvegan,vegetarian,Proportion,0.299171070563,-0.725887325,1.2337182500000001,1.0010117831263627,Pooled,POOLED
total,mpbamod,Count,-0.005043245704533334,-0.25612429999999997,0.24946530000000006,1.0022687446725063,Pooled,POOLED
total,mpbamod,Proportion,-0.6185194575916667,-2.10214825,0.7938322000000004,1.0004162154518608,Pooled,POOLED
total,vegan,Count,0.201755871232,-0.14023597499999996,0.53465525,1.0036878644029106,Pooled,POOLED
total,vegan,Proportion,0.820155473172,-0.34666155,1.8592155000000001,1.0008539645497734,Pooled,POOLED
total,vegetarian,Count,0.04868238309926667,-0.03205465,0.12400540000000003,1.0035231546239145,Pooled,POOLED
total,vegetarian,Proportion,0.36187719771866667,-0.6952847,1.3027275,1.0004352656904227,Pooled,POOLED
vegan,mpbamod,Count,0.026918896444766666,-0.19435664999999996,0.2533062500000001,1.0021267008171233,Pooled,POOLED
vegan,mpbamod,Proportion,-0.431156196482,-1.7972685,0.9468200750000004,1.0004989814761498,Pooled,POOLED
vegan,vegan,Count,0.14859774802463332,-0.07586067499999999,0.39297565,1.0268143172262534,Pooled,POOLED
vegan,vegan,Proportion,1.6395966421866666,0.45304967500000004,2.730951,1.0010634966366803,Pooled,POOLED
vegan,vegetarian,Count,0.06571472755046667,-0.019398987499999996,0.151744425,1.000970997780158,Pooled,POOLED
vegan,vegetarian,Proportion,1.12768197328,0.06474919500000005,2.049993000000001,1.0000388028676452,Pooled,POOLED
vegetarian,mpbamod,Count,0.0156060800132,-0.3219514,0.3549750000000002,1.0091773429823248,Pooled,POOLED
vegetarian,mpbamod,Proportion,-0.4328414530401,-1.909799,1.05700475,1.00097208361814,Pooled,POOLED
vegetarian,vegan,Count,0.18318415040033334,-0.0896967625,0.456108475,1.0018621216115238,Pooled,POOLED
vegetarian,vegan,Proportion,0.7610357355703333,-0.275163575,1.822543,1.0018647687031037,Pooled,POOLED
vegetarian,vegetarian,Count,0.0707442783567,-0.0454945825,0.16680492500000005,1.0072366137715598,Pooled,POOLED
vegetarian,vegetarian,Proportion,1.1840107785717333,-0.10282862499999991,2.2133480000000008,1.0006623186656225,Pooled,POOLED
chicken_fish,mpbamod,Count,-0.05129329438755058,-0.342490308946776,0.0769610411361284,1.0010816949046422,Restaurant,2HRX9P6HKXA8V
chicken_fish,mpbamod,Count,-0.01005033585350145,-0.05129329438755058,0.02955880224154443,1.0019753522712715,Restaurant,JHDN7CF1C03X5
chicken_fish,mpbamod,Count,-0.030459207484708574,-0.2876820724517809,0.13976194237515863,1.0006818460096518,Restaurant,L69HYJ4Y3TR91
chicken_fish,mpbamod,Count,-0.020202707317519466,-0.08338160893905101,0.02955880224154443,1.0005737749067487,Restaurant,ED5J990H5VAZT
chicken_fish,mpbamod,Count,0,-0.030459207484708574,0.03922071315328133,0.9996169022311844,Restaurant,W8T41JZK0ZMEP
chicken_fish,mpbamod,Proportion,-1.6607312068216509,-4.605170185988091,0.9321640810304452,1.0001082933575685,Restaurant,2HRX9P6HKXA8V
chicken_fish,mpbamod,Proportion,-2.4079456086518722,-4.605170185988091,-0.7133498878774648,0.9996660643973482,Restaurant,JHDN7CF1C03X5
chicken_fish,mpbamod,Proportion,-1.171182981502945,-3.912023005428146,1.7900914121273581,1.0006233436380847,Restaurant,L69HYJ4Y3TR91
chicken_fish,mpbamod,Proportion,-1.5606477482646683,-2.8134107167600364,-0.37106368139083207,1.0004094974432818,Restaurant,ED5J990H5VAZT
chicken_fish,mpbamod,Proportion,-0.3285040669720361,-1.9661128563728327,1.6695918352538475,1.0017192735894835,Restaurant,W8T41JZK0ZMEP
chicken_fish,vegan,Count,0.01980262729617973,-0.1743533871447778,0.2151113796169455,1.0001126464132821,Restaurant,2HRX9P6HKXA8V
chicken_fish,vegan,Count,0.01980262729617973,-0.01005033585350145,0.04879016416943205,1.0008089523317938,Restaurant,JHDN7CF1C03X5
chicken_fish,vegan,Count,0.20701416938432612,-0.030459207484708574,0.4382549309311553,1.000109105503495,Restaurant,L69HYJ4Y3TR91
chicken_fish,vegan,Count,0.5653138090500605,0.22314355131420976,0.8919980393051105,1.0013620576964477,Restaurant,ED5J990H5VAZT
chicken_fish,vegan,Count,0.01980262729617973,-0.01005033585350145,0.03922071315328133,1.0000453859352074,Restaurant,W8T41JZK0ZMEP
chicken_fish,vegan,Proportion,0.62057648772511,-1.0788096613719298,2.262804222982201,1.0004933689625073,Restaurant,2HRX9P6HKXA8V
chicken_fish,vegan,Proportion,0.6931471805599453,-0.5108256237659907,1.9572739077056285,0.999876298258119,Restaurant,JHDN7CF1C03X5
chicken_fish,vegan,Proportion,0.7793248768009977,-0.9675840262617056,2.7324175575505043,1.0007145575198892,Restaurant,L69HYJ4Y3TR91
chicken_fish,vegan,Proportion,0.7178397931503168,-1.0498221244986778,2.644044871126298,1.0010376760229065,Restaurant,ED5J990H5VAZT
chicken_fish,vegan,Proportion,0.8020015854720274,-0.4942963218147801,2.1656192379208883,1.0010040485552807,Restaurant,W8T41JZK0ZMEP
chicken_fish,vegetarian,Count,0.0769610411361284,-0.06187540371808753,0.22314355131420976,1.0008634542829515,Restaurant,2HRX9P6HKXA8V
chicken_fish,vegetarian,Count,0.01980262729617973,0,0.04879016416943205,1.0005791859785873,Restaurant,JHDN7CF1C03X5
chicken_fish,vegetarian,Count,0.1906203596086497,0.02955880224154443,0.3987761199573678,1.0020422999649476,Restaurant,L69HYJ4Y3TR91
chicken_fish,vegetarian,Count,0.1570037488096647,0.03922071315328133,0.27763173659827955,1.0028760429379244,Restaurant,ED5J990H5VAZT
chicken_fish,vegetarian,Count,0.009950330853168092,-0.01005033585350145,0.02955880224154443,1.0010028810261353,Restaurant,W8T41JZK0ZMEP
chicken_fish,vegetarian,Proportion,0.9516578757114463,-1.9661128563728327,4.037950562025936,0.9998667240504674,Restaurant,2HRX9P6HKXA8V
chicken_fish,vegetarian,Proportion,1.2267122912954254,-0.3285040669720361,2.859912550411456,0.9997753466729732,Restaurant,JHDN7CF1C03X5
chicken_fish,vegetarian,Proportion,0.43178241642553783,-2.995732273553991,4.46763077196603,1.0017968813969877,Restaurant,L69HYJ4Y3TR91
chicken_fish,vegetarian,Proportion,-4.605170185988091,-Inf,-0.4620354595965587,0.9998576451337919,Restaurant,ED5J990H5VAZT
chicken_fish,vegetarian,Proportion,0.11332868530700327,-1.8325814637483102,1.9501867058225735,1.0005344770064137,Restaurant,W8T41JZK0ZMEP
meat,mpbamod,Count,0.11332868530700327,0.02955880224154443,0.20701416938432612,0.9998904395153139,Restaurant,SRQS8F7JWA9MZ
meat,mpbamod,Count,-0.2744368457017603,-0.579818495252942,0,1.0005738650071103,Restaurant,2HRX9P6HKXA8V
meat,mpbamod,Count,-0.05129329438755058,-0.09431067947124129,0,1.0015195515590147,Restaurant,JHDN7CF1C03X5
meat,mpbamod,Count,0.04879016416943205,-0.13926206733350766,0.26236426446749106,0.9997530492670942,Restaurant,L69HYJ4Y3TR91
meat,mpbamod,Count,0.02955880224154443,-0.01005033585350145,0.058268908123975824,1.0025912749644785,Restaurant,ED5J990H5VAZT
meat,mpbamod,Count,0,-0.030459207484708574,0.02955880224154443,0.9996651456384783,Restaurant,W8T41JZK0ZMEP
meat,mpbamod,Proportion,1.1505720275988207,0.28517894223366247,2.0412203288596382,1.0039247887176168,Restaurant,SRQS8F7JWA9MZ
meat,mpbamod,Proportion,-3.2188758248682006,-Inf,0.02955880224154443,1.00177467823252,Restaurant,2HRX9P6HKXA8V
meat,mpbamod,Proportion,-2.659260036932778,-4.605170185988091,-0.8675005677047231,1.0010176871530776,Restaurant,JHDN7CF1C03X5
meat,mpbamod,Proportion,-0.18632957819149348,-3.912023005428146,3.6200651381135764,1.0032991645045708,Restaurant,L69HYJ4Y3TR91
meat,mpbamod,Proportion,0.3220834991691132,-0.40047756659712525,1.0188473201992472,1.0007422604905387,Restaurant,ED5J990H5VAZT
meat,mpbamod,Proportion,-0.3011050927839216,-1.8971199848858813,1.3609765531356006,1.0011881575449666,Restaurant,W8T41JZK0ZMEP
meat,vegan,Count,0.7975071958841882,0.5877866649021191,1.007957920399979,1.0010342174235995,Restaurant,SRQS8F7JWA9MZ
meat,vegan,Count,0,-0.12783337150988489,0.13976194237515863,0.9997125829796594,Restaurant,2HRX9P6HKXA8V
meat,vegan,Count,-0.01005033585350145,-0.030459207484708574,0.01980262729617973,1.00100100398523,Restaurant,JHDN7CF1C03X5
meat,vegan,Count,0.10436001532424286,0.01980262729617973,0.1906203596086497,0.9997149271570678,Restaurant,L69HYJ4Y3TR91
meat,vegan,Count,0.2151113796169455,0.10436001532424286,0.3293037471426003,0.9997290050225669,Restaurant,ED5J990H5VAZT
meat,vegan,Count,-0.01005033585350145,-0.040821994520255166,0.009950330853168092,0.9995140413624489,Restaurant,W8T41JZK0ZMEP
meat,vegan,Proportion,1.8373699804801074,1.0152306797290584,2.6775909936175015,1.0002715573583958,Restaurant,SRQS8F7JWA9MZ
meat,vegan,Proportion,-0.13926206733350766,-2.3025850929940455,1.80005827204275,1.0011164960269316,Restaurant,2HRX9P6HKXA8V
meat,vegan,Proportion,-0.3856624808119846,-1.7147984280919266,0.9555114450274363,0.9996578412949849,Restaurant,JHDN7CF1C03X5
meat,vegan,Proportion,1.7578579175523736,-0.3856624808119846,4.277915338416487,1.00011752818553,Restaurant,L69HYJ4Y3TR91
meat,vegan,Proportion,-0.11653381625595151,-1.9661128563728327,1.5871923034867805,1.0001346366482387,Restaurant,ED5J990H5VAZT
meat,vegan,Proportion,-0.916290731874155,-2.4079456086518722,0.5247285289349821,1.0000116788690716,Restaurant,W8T41JZK0ZMEP
meat,vegetarian,Count,0.03922071315328133,0.009950330853168092,0.06765864847381486,0.9998973111837125,Restaurant,SRQS8F7JWA9MZ
meat,vegetarian,Count,0.009950330853168092,-0.08338160893905101,0.09531017980432493,0.9999223655291921,Restaurant,2HRX9P6HKXA8V
meat,vegetarian,Count,0,-0.020202707317519466,0.01980262729617973,1.000152110600899,Restaurant,JHDN7CF1C03X5
meat,vegetarian,Count,0.058268908123975824,0,0.11332868530700327,1.000810561231359,Restaurant,L69HYJ4Y3TR91
meat,vegetarian,Count,0.10436001532424286,0.058268908123975824,0.13976194237515863,1.0003994131220846,Restaurant,ED5J990H5VAZT
meat,vegetarian,Count,-0.01005033585350145,-0.020202707317519466,0.009950330853168092,1.0006654965593693,Restaurant,W8T41JZK0ZMEP
meat,vegetarian,Proportion,0.598836501088704,0,1.2412685890696329,0.9998528415222124,Restaurant,SRQS8F7JWA9MZ
meat,vegetarian,Proportion,-0.5447271754416722,-2.659260036932778,1.5953389880545987,1.0007321836743803,Restaurant,2HRX9P6HKXA8V
meat,vegetarian,Proportion,-0.040821994520255166,-1.3862943611198906,1.3737155789130306,1.0023628788388,Restaurant,JHDN7CF1C03X5
meat,vegetarian,Proportion,1.1346227261911428,-1.2378743560016174,4.017823424314358,0.9997948270762791,Restaurant,L69HYJ4Y3TR91
meat,vegetarian,Proportion,-2.5257286443082556,-4.605170185988091,-0.7550225842780328,1.0015517156851572,Restaurant,ED5J990H5VAZT
meat,vegetarian,Proportion,-2.5257286443082556,-4.605170185988091,-0.7985076962177716,1.0004948083440062,Restaurant,W8T41JZK0ZMEP
nonvegan,mpbamod,Count,0.1906203596086497,0.10436001532424286,0.28517894223366247,1.000568882413777,Restaurant,SRQS8F7JWA9MZ
nonvegan,mpbamod,Count,-0.4155154439616658,-0.6931471805599453,-0.15082288973458366,1.0014971453801849,Restaurant,2HRX9P6HKXA8V
nonvegan,mpbamod,Count,-0.05129329438755058,-0.10536051565782628,0,0.999655904383951,Restaurant,JHDN7CF1C03X5
nonvegan,mpbamod,Count,0.12221763272424911,-0.08338160893905101,0.3148107398400336,1.0000976734312736,Restaurant,L69HYJ4Y3TR91
nonvegan,mpbamod,Count,0.01980262729617973,0,0.04879016416943205,1.0006023678556668,Restaurant,ED5J990H5VAZT
nonvegan,mpbamod,Count,0.01980262729617973,-0.01005033585350145,0.04879016416943205,1.0002647939297906,Restaurant,W8T41JZK0ZMEP
nonvegan,mpbamod,Proportion,1.8656293177945105,0.9516578757114463,2.8069901489571136,1.000038479877405,Restaurant,SRQS8F7JWA9MZ
nonvegan,mpbamod,Proportion,-Inf,-Inf,-1.3093333199837622,1.0000087836027356,Restaurant,2HRX9P6HKXA8V
nonvegan,mpbamod,Proportion,-3.506557897319982,-Inf,-1.5141277326297755,0.9996991160371369,Restaurant,JHDN7CF1C03X5
nonvegan,mpbamod,Proportion,0.35065687161316933,-3.506557897319982,4.630935393874117,0.9999873412704012,Restaurant,L69HYJ4Y3TR91
nonvegan,mpbamod,Proportion,0.23111172096338664,-0.3285040669720361,0.7975071958841882,0.9998243471914859,Restaurant,ED5J990H5VAZT
nonvegan,mpbamod,Proportion,-0.8915981192837836,-2.5257286443082556,0.8241754429663494,1.0000109652970939,Restaurant,W8T41JZK0ZMEP
nonvegan,vegan,Count,0.7323678937132266,0.5364933705145685,0.9360933591703348,0.9994732105296513,Restaurant,SRQS8F7JWA9MZ
nonvegan,vegan,Count,0.01980262729617973,-0.11653381625595151,0.14842000511827322,0.9997706521805989,Restaurant,2HRX9P6HKXA8V
nonvegan,vegan,Count,0,-0.030459207484708574,0.01980262729617973,1.0003867390626329,Restaurant,JHDN7CF1C03X5
nonvegan,vegan,Count,0.12221763272424911,0.04879016416943205,0.19885085874516517,0.9997212016382029,Restaurant,L69HYJ4Y3TR91
nonvegan,vegan,Count,0.30010459245033816,0.2151113796169455,0.3852624007906449,0.99973355241235,Restaurant,ED5J990H5VAZT
nonvegan,vegan,Count,0.02955880224154443,0,0.04879016416943205,1.000389039964431,Restaurant,W8T41JZK0ZMEP
nonvegan,vegan,Proportion,1.366091653802371,0.5877866649021191,2.169053700369523,0.9997998549273702,Restaurant,SRQS8F7JWA9MZ
nonvegan,vegan,Proportion,0.371563556432483,-1.6607312068216509,1.9300710850255671,0.999993741597194,Restaurant,2HRX9P6HKXA8V
nonvegan,vegan,Proportion,0.04879016416943205,-1.4696759700589417,1.358409157630355,1.000083426394141,Restaurant,JHDN7CF1C03X5
nonvegan,vegan,Proportion,2.057962510002712,0.3148107398400336,4.71760561531788,1.0011003733481296,Restaurant,L69HYJ4Y3TR91
nonvegan,vegan,Proportion,1.000631880307906,-0.3011050927839216,2.395164274287139,1.0004067971888917,Restaurant,ED5J990H5VAZT
nonvegan,vegan,Proportion,0.3852624007906449,-1.0216512475319814,1.6486586255873816,1.0021580162218877,Restaurant,W8T41JZK0ZMEP
nonvegan,vegetarian,Count,0.06765864847381486,0.02955880224154443,0.10436001532424286,1.000382592326774,Restaurant,SRQS8F7JWA9MZ
nonvegan,vegetarian,Count,0,-0.09431067947124129,0.08617769624105241,0.9998931228071525,Restaurant,2HRX9P6HKXA8V
nonvegan,vegetarian,Count,0.009950330853168092,-0.01005033585350145,0.02955880224154443,1.0005758769874458,Restaurant,JHDN7CF1C03X5
nonvegan,vegetarian,Count,0.0769610411361284,0.01980262729617973,0.12221763272424911,0.9996197445511991,Restaurant,L69HYJ4Y3TR91
nonvegan,vegetarian,Count,0.131028262406404,0.10436001532424286,0.16551443847757333,1.0005979345362128,Restaurant,ED5J990H5VAZT
nonvegan,vegetarian,Count,0.01980262729617973,0,0.03922071315328133,1.0007879321028776,Restaurant,W8T41JZK0ZMEP
nonvegan,vegetarian,Proportion,0.9783261227936078,0.34358970439007686,1.5953389880545987,1.0007660042113575,Restaurant,SRQS8F7JWA9MZ
nonvegan,vegetarian,Proportion,-0.2231435513142097,-2.3025850929940455,1.308332819650179,0.9996320198082138,Restaurant,2HRX9P6HKXA8V
nonvegan,vegetarian,Proportion,0.3220834991691132,-0.916290731874155,1.5085119938441398,0.9998963987411077,Restaurant,JHDN7CF1C03X5
nonvegan,vegetarian,Proportion,1.33500106673234,-0.40047756659712525,3.846310462062765,1.0036273541772747,Restaurant,L69HYJ4Y3TR91
nonvegan,vegetarian,Proportion,-0.23572233352106983,-1.6094379124341003,0.9932517730102834,1.0004117676631359,Restaurant,ED5J990H5VAZT
nonvegan,vegetarian,Proportion,-0.2613647641344075,-1.8971199848858813,1.091923300517313,1.0012676612806928,Restaurant,W8T41JZK0ZMEP
total,mpbamod,Count,0.1906203596086497,0.10436001532424286,0.28517894223366247,1.0006462380932926,Restaurant,SRQS8F7JWA9MZ
total,mpbamod,Count,-0.4155154439616658,-0.6733445532637656,-0.15082288973458366,1.0000903943140234,Restaurant,2HRX9P6HKXA8V
total,mpbamod,Count,-0.06187540371808753,-0.11653381625595151,-0.01005033585350145,0.9997856259064373,Restaurant,JHDN7CF1C03X5
total,mpbamod,Count,0.16551443847757333,-0.020202707317519466,0.371563556432483,1.0005434154744492,Restaurant,L69HYJ4Y3TR91
total,mpbamod,Count,0.01980262729617973,0,0.04879016416943205,1.00078728281434,Restaurant,ED5J990H5VAZT
total,mpbamod,Count,0.009950330853168092,-0.030459207484708574,0.04879016416943205,0.9998856104662255,Restaurant,W8T41JZK0ZMEP
total,mpbamod,Proportion,1.884034745337226,0.9631743177730056,2.784393767689544,1.0002381415717927,Restaurant,SRQS8F7JWA9MZ
total,mpbamod,Proportion,-Inf,-Inf,-1.4696759700589417,1.0001969453660582,Restaurant,2HRX9P6HKXA8V
total,mpbamod,Proportion,-3.506557897319982,-Inf,-1.5606477482646683,1.000669062723809,Restaurant,JHDN7CF1C03X5
total,mpbamod,Proportion,0.7466879474879751,-2.995732273553991,4.896495613354671,1.0004524000798924,Restaurant,L69HYJ4Y3TR91
total,mpbamod,Proportion,0.23111172096338664,-0.342490308946776,0.7747271675523681,1.000814287388464,Restaurant,ED5J990H5VAZT
total,mpbamod,Proportion,-0.8675005677047231,-2.659260036932778,0.8671004876833833,0.9997356017191819,Restaurant,W8T41JZK0ZMEP
total,vegan,Count,0.8109302162163288,0.6151856390902335,1.0188473201992472,0.9995943681778323,Restaurant,SRQS8F7JWA9MZ
total,vegan,Count,0.01980262729617973,-0.10536051565782628,0.13976194237515863,1.0011830745356909,Restaurant,2HRX9P6HKXA8V
total,vegan,Count,-0.01005033585350145,-0.030459207484708574,0.01980262729617973,1.0003714662521495,Restaurant,JHDN7CF1C03X5
total,vegan,Count,0.14842000511827322,0.0769610411361284,0.2151113796169455,1.0005391829895958,Restaurant,L69HYJ4Y3TR91
total,vegan,Count,0.30010459245033816,0.2151113796169455,0.3920420877760237,0.9997399841433678,Restaurant,ED5J990H5VAZT
total,vegan,Count,0.01980262729617973,-0.01005033585350145,0.04879016416943205,1.0000363754828732,Restaurant,W8T41JZK0ZMEP
total,vegan,Proportion,1.6524974018945473,0.8919980393051105,2.4570214462984645,1.0007035624338427,Restaurant,SRQS8F7JWA9MZ
total,vegan,Proportion,0.34358970439007686,-1.7147984280919266,2.0844290831908747,1.0005309382822745,Restaurant,2HRX9P6HKXA8V
total,vegan,Proportion,-0.12783337150988489,-1.6094379124341003,1.33500106673234,1.0028484978708532,Restaurant,JHDN7CF1C03X5
total,vegan,Proportion,2.972975286431375,0.712949807856125,5.825114759823726,1.0014198061458417,Restaurant,L69HYJ4Y3TR91
total,vegan,Proportion,1.085189268335969,-0.2876820724517809,2.517696472610991,0.9996506391834259,Restaurant,ED5J990H5VAZT
total,vegan,Proportion,0.4252677354043441,-1.2039728043259361,1.8531680973566984,1.0011827705106733,Restaurant,W8T41JZK0ZMEP
total,vegetarian,Count,0.06765864847381486,0.02955880224154443,0.10436001532424286,1.0015555051708749,Restaurant,SRQS8F7JWA9MZ
total,vegetarian,Count,0,-0.10536051565782628,0.08617769624105241,1.0008418529313223,Restaurant,2HRX9P6HKXA8V
total,vegetarian,Count,0,-0.020202707317519466,0.01980262729617973,1.001310920056709,Restaurant,JHDN7CF1C03X5
total,vegetarian,Count,0.08617769624105241,0.02955880224154443,0.131028262406404,1.0015156923744177,Restaurant,L69HYJ4Y3TR91
total,vegetarian,Count,0.131028262406404,0.10436001532424286,0.16551443847757333,0.9999296538481399,Restaurant,ED5J990H5VAZT
total,vegetarian,Count,0.01980262729617973,0,0.02955880224154443,1.0010162957254407,Restaurant,W8T41JZK0ZMEP
total,vegetarian,Proportion,0.9745596399981308,0.36464311358790924,1.601405740736836,1.0013455998746197,Restaurant,SRQS8F7JWA9MZ
total,vegetarian,Proportion,-0.09431067947124129,-2.120263536200091,1.4134230285081433,1.0004712333851673,Restaurant,2HRX9P6HKXA8V
total,vegetarian,Proportion,0.25464221837358075,-1.1086626245216111,1.4747630091074988,1.0015254162469742,Restaurant,JHDN7CF1C03X5
total,vegetarian,Proportion,1.4973884086254774,-0.13926206733350766,4.1301942151157975,1.0004158854806346,Restaurant,L69HYJ4Y3TR91
total,vegetarian,Proportion,-0.09431067947124129,-1.4696759700589417,1.095273387402595,1.0000889779079323,Restaurant,ED5J990H5VAZT
total,vegetarian,Proportion,0.03922071315328133,-1.7147984280919266,1.4085449700547104,1.002076307432498,Restaurant,W8T41JZK0ZMEP
vegan,mpbamod,Count,0.1570037488096647,0.01980262729617973,0.29266961396282004,1.000401264045861,Restaurant,SRQS8F7JWA9MZ
vegan,mpbamod,Count,-0.23572233352106983,-0.4780358009429998,0,1.0012380883575362,Restaurant,2HRX9P6HKXA8V
vegan,mpbamod,Count,-0.020202707317519466,-0.06187540371808753,0.01980262729617973,0.9995674441150143,Restaurant,JHDN7CF1C03X5
vegan,mpbamod,Count,0.23111172096338664,-0.020202707317519466,0.5187937934151675,1.0006818802530233,Restaurant,L69HYJ4Y3TR91
vegan,mpbamod,Count,0.02955880224154443,0.009950330853168092,0.058268908123975824,1.0000101392795724,Restaurant,ED5J990H5VAZT
vegan,mpbamod,Count,0,-0.030459207484708574,0.03922071315328133,1.001112065476014,Restaurant,W8T41JZK0ZMEP
vegan,mpbamod,Proportion,1.451613827240533,0.04879016416943205,2.8735646395797834,1.0015754160155659,Restaurant,SRQS8F7JWA9MZ
vegan,mpbamod,Proportion,-2.659260036932778,-Inf,0.27763173659827955,0.999753252330752,Restaurant,2HRX9P6HKXA8V
vegan,mpbamod,Proportion,-3.912023005428146,-Inf,-2.3025850929940455,0.9997370678629691,Restaurant,JHDN7CF1C03X5
vegan,mpbamod,Proportion,0.8754687373538999,-2.995732273553991,5.312023013604149,1.001944307614216,Restaurant,L69HYJ4Y3TR91
vegan,mpbamod,Proportion,0.6729444732424258,0.08617769624105241,1.2809338454620642,1.0003936087908853,Restaurant,ED5J990H5VAZT
vegan,mpbamod,Proportion,-0.5108256237659907,-2.2072749131897207,1.1600209167967532,1.000801401803575,Restaurant,W8T41JZK0ZMEP
vegan,vegan,Count,0.08617769624105241,-0.040821994520255166,0.2151113796169455,1.0002880031627919,Restaurant,2HRX9P6HKXA8V
vegan,vegan,Count,0.04879016416943205,0.01980262729617973,0.0769610411361284,1.003708407176699,Restaurant,JHDN7CF1C03X5
vegan,vegan,Count,0.1906203596086497,0.09531017980432493,0.30010459245033816,1.0001753927961996,Restaurant,L69HYJ4Y3TR91
vegan,vegan,Count,0.3987761199573678,0.26236426446749106,0.5364933705145685,1.00112007857581,Restaurant,ED5J990H5VAZT
vegan,vegan,Count,0.01980262729617973,0,0.04879016416943205,1.0016765408421462,Restaurant,W8T41JZK0ZMEP
vegan,vegan,Proportion,1.6448050562713916,0.009950330853168092,3.107720775502038,1.0000866686611207,Restaurant,2HRX9P6HKXA8V
vegan,vegan,Proportion,1.979621206397625,0.8878912573524571,3.180550710546533,1.0003904478486332,Restaurant,JHDN7CF1C03X5
vegan,vegan,Proportion,2.4379897300002487,0.8109302162163288,5.090924125325059,1.0011233852880974,Restaurant,L69HYJ4Y3TR91
vegan,vegan,Proportion,2.0425181875752383,0.7419373447293773,3.7884985191426486,1.0001063273687598,Restaurant,ED5J990H5VAZT
vegan,vegan,Proportion,1.4085449700547104,-0.18632957819149348,2.702032128776647,1.0002436649041926,Restaurant,W8T41JZK0ZMEP
vegan,vegetarian,Count,0.04879016416943205,-0.01005033585350145,0.10436001532424286,1.00085579223485,Restaurant,SRQS8F7JWA9MZ
vegan,vegetarian,Count,0.009950330853168092,-0.08338160893905101,0.10436001532424286,1.004071109990656,Restaurant,2HRX9P6HKXA8V
vegan,vegetarian,Count,0.02955880224154443,0.009950330853168092,0.04879016416943205,1.0011335838282402,Restaurant,JHDN7CF1C03X5
vegan,vegetarian,Count,0.12221763272424911,0.04879016416943205,0.1906203596086497,1.0004033231319738,Restaurant,L69HYJ4Y3TR91
vegan,vegetarian,Count,0.16551443847757333,0.11332868530700327,0.2151113796169455,1.0003615226946956,Restaurant,ED5J990H5VAZT
vegan,vegetarian,Count,0.009950330853168092,-0.01005033585350145,0.02955880224154443,0.9993870652859985,Restaurant,W8T41JZK0ZMEP
vegan,vegetarian,Proportion,0.8544153281560676,-0.11653381625595151,1.7698546338400052,0.9996066787135545,Restaurant,SRQS8F7JWA9MZ
vegan,vegetarian,Proportion,0.9820784724121582,-0.7985076962177716,2.60859812213055,1.0011685181328231,Restaurant,2HRX9P6HKXA8V
vegan,vegetarian,Proportion,1.780024213009634,0.6151856390902335,3.1888289035159043,1.0012100205142473,Restaurant,JHDN7CF1C03X5
vegan,vegetarian,Proportion,2.0095554142156695,0.3576744442718159,4.787074989285704,1.0000504245843926,Restaurant,L69HYJ4Y3TR91
vegan,vegetarian,Proportion,1.355835153635182,-0.01005033585350145,2.9019708937395166,1.0004046862689178,Restaurant,ED5J990H5VAZT
vegan,vegetarian,Proportion,0.7030975114131134,-1.1086626245216111,2.0515563381903004,1.0007698504061469,Restaurant,W8T41JZK0ZMEP
vegetarian,mpbamod,Count,0.3920420877760237,0.29266961396282004,0.494696241836107,0.9998968565465078,Restaurant,SRQS8F7JWA9MZ
vegetarian,mpbamod,Count,-0.4620354595965587,-0.7339691750802004,-0.18632957819149348,1.0009821194870898,Restaurant,2HRX9P6HKXA8V
vegetarian,mpbamod,Count,-0.030459207484708574,-0.07257069283483537,0.009950330853168092,1.0003111413832138,Restaurant,JHDN7CF1C03X5
vegetarian,mpbamod,Count,0.2151113796169455,0.009950330853168092,0.4252677354043441,1.0004188521111006,Restaurant,L69HYJ4Y3TR91
vegetarian,mpbamod,Count,0.01980262729617973,0,0.03922071315328133,1.000888156615245,Restaurant,ED5J990H5VAZT
vegetarian,mpbamod,Count,0.009950330853168092,-0.020202707317519466,0.04879016416943205,0.9999504818534781,Restaurant,W8T41JZK0ZMEP
vegetarian,mpbamod,Proportion,3.7513846594653333,2.7732135270086236,4.74970333672039,1.0008509002306536,Restaurant,SRQS8F7JWA9MZ
vegetarian,mpbamod,Proportion,-Inf,-Inf,-1.2729656758128873,0.9998745479760935,Restaurant,2HRX9P6HKXA8V
vegetarian,mpbamod,Proportion,-4.605170185988091,-Inf,-2.995732273553991,0.9998551385029096,Restaurant,JHDN7CF1C03X5
vegetarian,mpbamod,Proportion,1.5085119938441398,-2.8134107167600364,6.093547196426922,1.0011892223176464,Restaurant,L69HYJ4Y3TR91
vegetarian,mpbamod,Proportion,0.2700271372130602,-0.2231435513142097,0.7275486072772777,0.999899807101225,Restaurant,ED5J990H5VAZT
vegetarian,mpbamod,Proportion,-0.6539264674066639,-2.4079456086518722,1.2725655957915476,1.0016740569931464,Restaurant,W8T41JZK0ZMEP
vegetarian,vegan,Count,0.4824261492442928,0.2700271372130602,0.7030975114131134,1.000357334292933,Restaurant,SRQS8F7JWA9MZ
vegetarian,vegan,Count,0.03922071315328133,-0.10536051565782628,0.16551443847757333,1.0007420855743674,Restaurant,2HRX9P6HKXA8V
vegetarian,vegan,Count,0.01980262729617973,0,0.04879016416943205,1.0008669680449285,Restaurant,JHDN7CF1C03X5
vegetarian,vegan,Count,0.16551443847757333,0.09531017980432493,0.23901690047049992,0.9995028016069945,Restaurant,L69HYJ4Y3TR91
vegetarian,vegan,Count,0.3364722366212129,0.2468600779315258,0.41871033485818504,0.9996499165654492,Restaurant,ED5J990H5VAZT
vegetarian,vegan,Count,0.01980262729617973,-0.01005033585350145,0.03922071315328133,0.999777270736585,Restaurant,W8T41JZK0ZMEP
vegetarian,vegan,Proportion,0.02955880224154443,-0.916290731874155,0.8628899551470398,0.999844692791089,Restaurant,SRQS8F7JWA9MZ
vegetarian,vegan,Proportion,0.6471032420585384,-1.2729656758128873,2.4630018143999504,1.000459989174672,Restaurant,2HRX9P6HKXA8V
vegetarian,vegan,Proportion,0.7561219797213337,-0.40047756659712525,2.0373166153791646,0.9998876100588838,Restaurant,JHDN7CF1C03X5
vegetarian,vegan,Proportion,2.67000213346468,0.3220834991691132,5.838167669354644,1.000173611183337,Restaurant,L69HYJ4Y3TR91
vegetarian,vegan,Proportion,1.3190856114264407,0.01980262729617973,2.7887081041196646,1.0000762162779537,Restaurant,ED5J990H5VAZT
vegetarian,vegan,Proportion,0.371563556432483,-1.0788096613719298,1.7011051009599243,1.0005943490131273,Restaurant,W8T41JZK0ZMEP
vegetarian,vegetarian,Count,0.14842000511827322,0.11332868530700327,0.1906203596086497,1.0014009567344349,Restaurant,SRQS8F7JWA9MZ
vegetarian,vegetarian,Count,0,-0.11653381625595151,0.10436001532424286,1.0016536550311468,Restaurant,2HRX9P6HKXA8V
vegetarian,vegetarian,Count,0.02955880224154443,0.009950330853168092,0.04879016416943205,1.0023128909177421,Restaurant,JHDN7CF1C03X5
vegetarian,vegetarian,Count,0.09531017980432493,0.03922071315328133,0.14842000511827322,1.0004990016164024,Restaurant,L69HYJ4Y3TR91
vegetarian,vegetarian,Count,0.1570037488096647,0.131028262406404,0.1906203596086497,1.0004869453208283,Restaurant,ED5J990H5VAZT
vegetarian,vegetarian,Count,0.01980262729617973,0,0.03922071315328133,1.0010983455603752,Restaurant,W8T41JZK0ZMEP
vegetarian,vegetarian,Proportion,2.2679936482244267,1.589235205116581,2.946016681308058,0.9998360417338308,Restaurant,SRQS8F7JWA9MZ
vegetarian,vegetarian,Proportion,0.494696241836107,-1.8971199848858813,2.3125354238472138,1.000118420638244,Restaurant,2HRX9P6HKXA8V
vegetarian,vegetarian,Proportion,1.8389610707123492,0.62057648772511,3.0937660138253564,1.0002180241555763,Restaurant,JHDN7CF1C03X5
vegetarian,vegetarian,Proportion,2.510411940196362,0.598836501088704,4.916324614625014,1.0013220566946646,Restaurant,L69HYJ4Y3TR91
vegetarian,vegetarian,Proportion,1.0043016091968684,-0.23572233352106983,2.175887439948088,1.0003088645874787,Restaurant,ED5J990H5VAZT
vegetarian,vegetarian,Proportion,0.6418538861723947,-1.2729656758128873,2.189416394888408,1.000500725648472,Restaurant,W8T41JZK0ZMEP
