outcome,exposure_type,mean,q2.5,q97.5,mean_exp,mean_exp_p10,rhat,estimate_type,restaurant_id,source,pred_path,exposure_strip,color_group,left_ok,right_ok,color_group_inner,color_group_innerdark,color_group_restwash,q1_lo,q1_hi
Breakfast-style meat,Form: Count,1.5122911739183693,0.8646760409731087,2.3816358081355293,1.5122911739183693,1.042229932375281,1.03017608585881,Pooled,POOLED,finalized_redone_trunc,NA,Exposure: Breakfast-Style Analog,Animal,TRUE,TRUE,Animal_inner,Animal_innerdark,Animal_restwash,1.1678442484570741,1.9583301435383678
Chicken,Form: Count,1.0543008654113624,0.9092862377806943,1.224759065037149,1.0543008654113624,1.005301791058936,1.01474424609042,Pooled,POOLED,finalized_redone_trunc,NA,Exposure: Chicken Analog,Animal,TRUE,TRUE,Animal_inner,Animal_innerdark,Animal_restwash,0.9771631990859211,1.1375278109602753
Dairy,Form: Count,1.065793246302642,0.9629204322912432,1.2089805084987422,1.065793246302642,1.0063922793797022,1.02207786911368,Pooled,POOLED,finalized_redone_trunc,NA,Exposure: Dairy Analog,Animal,TRUE,TRUE,Animal_inner,Animal_innerdark,Animal_restwash,1.0056839301383973,1.1294952716486233
Egg,Form: Count,1.0286698195339752,0.9543460266018564,1.1064513593745304,1.0286698195339752,1.0028306517776764,1.03273005007463,Pooled,POOLED,finalized_redone_trunc,NA,Exposure: Egg Analog,Animal,TRUE,TRUE,Animal_inner,Animal_innerdark,Animal_restwash,0.990584887083775,1.0682190001254999
Ground meat,Form: Count,1.2023881129335208,1.0046822793971983,1.8167409642989678,1.2023881129335208,1.018601865935078,1.02174494963019,Pooled,POOLED,finalized_redone_trunc,NA,Exposure: Ground Meat Analog,Animal,TRUE,TRUE,Animal_inner,Animal_innerdark,Animal_restwash,1.033751218861099,1.3985349160861216
Breakfast-style meat,Form: Count,0.7930249527608402,0.6614613499667078,0.9570793027259948,0.7930249527608402,0.9770767637397458,1.00200121534261,Restaurant,2HRX9P6HKXA8V,finalized_redone_trunc,NA,Exposure: Breakfast-Style Analog,Animal,TRUE,TRUE,Animal_inner,Animal_innerdark,Animal_restwash,0.7217011557487771,0.87139749007170475
Breakfast-style meat,Form: Count,0.8074015790848299,0.7488594224971534,0.8679207676477555,0.8074015790848299,0.9788338043555568,1.00258867041997,Restaurant,78AY09MVJVTYE,finalized_redone_trunc,NA,Exposure: Breakfast-Style Analog,Animal,TRUE,TRUE,Animal_inner,Animal_innerdark,Animal_restwash,0.7775757561708926,0.8383714444993645
Breakfast-style meat,Form: Count,1.3016884886384126,0.9209693037904623,1.8578618342397595,1.3016884886384126,1.02671688995908,1.00476394816189,Restaurant,9XKJD8DQTH559,finalized_redone_trunc,NA,Exposure: Breakfast-Style Analog,Animal,TRUE,TRUE,Animal_inner,Animal_innerdark,Animal_restwash,1.0883286440543525,1.5568761611764899
Breakfast-style meat,Form: Count,1.0434844676846204,0.8007120977904636,1.399245482123821,1.0434844676846204,1.0042656282627465,1.00321651835784,Restaurant,CB2KHY1C2G9PT,finalized_redone_trunc,NA,Exposure: Breakfast-Style Analog,Animal,TRUE,TRUE,Animal_inner,Animal_innerdark,Animal_restwash,0.9049920916028988,1.2031705518779672
Breakfast-style meat,Form: Count,0.978173988742354,0.8837118332271182,1.0703241510480581,0.978173988742354,0.9977956609146341,1.00922568171937,Restaurant,ED5J990H5VAZT,finalized_redone_trunc,NA,Exposure: Breakfast-Style Analog,Animal,TRUE,TRUE,Animal_inner,Animal_innerdark,Animal_restwash,0.9315162444176118,1.0271687240949166
Breakfast-style meat,Form: Count,0.9055625974168233,0.6587638530827833,1.235188141780721,0.9055625974168233,0.990129152409959,1.00366605655876,Restaurant,L69HYJ4Y3TR91,finalized_redone_trunc,NA,Exposure: Breakfast-Style Analog,Animal,TRUE,TRUE,Animal_inner,Animal_innerdark,Animal_restwash,0.7713913491085762,1.0630707990022839
Breakfast-style meat,Form: Count,1.8613541429231089,1.5466568027231036,2.304774578684395,1.8613541429231089,1.0641011217760008,1.01075255647695,Restaurant,LBZEEFSBJNB3Z,finalized_redone_trunc,NA,Exposure: Breakfast-Style Analog,Animal,TRUE,TRUE,Animal_inner,Animal_innerdark,Animal_restwash,1.6812664089131188,2.0607318548740836
Breakfast-style meat,Form: Count,2.335517363821908,1.5615766750598783,3.651064430957568,2.335517363821908,1.0885247548115529,1.01051798804652,Restaurant,LQ5EH4BKGV61T,finalized_redone_trunc,NA,Exposure: Breakfast-Style Analog,Animal,TRUE,FALSE,Animal_inner,Animal_innerdark,Animal_restwash,1.8805597442491353,2.900541380508785
Breakfast-style meat,Form: Count,2.1682760687284057,0.16491272352869568,35.997877684051176,2.1682760687284057,1.0804668771099621,1.01993526702703,Restaurant,SAFK7ND1HR6XS,finalized_redone_trunc,NA,Exposure: Breakfast-Style Analog,Animal,TRUE,FALSE,Animal_inner,Animal_innerdark,Animal_restwash,0.5488139018887904,8.566512426234034
Breakfast-style meat,Form: Count,1.8966359482426358,1.5290298892652887,2.376403178438434,1.8966359482426358,1.0661011155239573,1.00112556708626,Restaurant,V3Q26BHF3SE2H,finalized_redone_trunc,NA,Exposure: Breakfast-Style Analog,Animal,TRUE,TRUE,Animal_inner,Animal_innerdark,Animal_restwash,1.6948484807791022,2.1224480895853524
Chicken,Form: Count,1.1022947756411754,1.0266664476608534,1.190838790751884,1.1022947756411754,1.0097869991148816,1.00100780003826,Restaurant,9XKJD8DQTH559,finalized_redone_trunc,NA,Exposure: Chicken Analog,Animal,TRUE,TRUE,Animal_inner,Animal_innerdark,Animal_restwash,1.0613610755538518,1.1448071729705893
Chicken,Form: Count,1.0708817248497482,1.028192239032496,1.1159647751775434,1.0708817248497482,1.00687173788759,1.00956633619886,Restaurant,JHDN7CF1C03X5,finalized_redone_trunc,NA,Exposure: Chicken Analog,Animal,TRUE,TRUE,Animal_inner,Animal_innerdark,Animal_restwash,1.0487354652111847,1.093495649435525
Chicken,Form: Count,1.0852506378549351,0.8183872038797573,1.5121921076340141,1.0852506378549351,1.0082146529105083,1.00653392794671,Restaurant,LBZEEFSBJNB3Z,finalized_redone_trunc,NA,Exposure: Chicken Analog,Animal,TRUE,TRUE,Animal_inner,Animal_innerdark,Animal_restwash,0.9279136552362376,1.2692656696217013
Chicken,Form: Count,1.0913357844694793,0.8371530456238645,1.4882147913215458,1.0913357844694793,1.0087785510814613,1.00668170885033,Restaurant,SAFK7ND1HR6XS,finalized_redone_trunc,NA,Exposure: Chicken Analog,Animal,TRUE,TRUE,Animal_inner,Animal_innerdark,Animal_restwash,0.9423633931033727,1.2638582983804056
Chicken,Form: Count,0.9975329692244604,0.8975653705542417,1.0962938018680122,0.9975329692244604,0.9997530226129152,1.01488973839625,Restaurant,V3Q26BHF3SE2H,finalized_redone_trunc,NA,Exposure: Chicken Analog,Animal,TRUE,TRUE,Animal_inner,Animal_innerdark,Animal_restwash,0.9479138593575289,1.049749420653267
Chicken,Form: Count,1.1283780147179134,1.052711961608416,1.2214779378135647,1.1283780147179134,1.012151356698123,1.00062586347506,Restaurant,W8T41JZK0ZMEP,finalized_redone_trunc,NA,Exposure: Chicken Analog,Animal,TRUE,TRUE,Animal_inner,Animal_innerdark,Animal_restwash,1.0863784163547259,1.1720013256255641
Dairy,Form: Count,1.3913260595726635,1.1369751968788686,1.6604397883152398,1.3913260595726635,1.033577132018834,1.01608545141918,Restaurant,9XKJD8DQTH559,finalized_redone_trunc,NA,Exposure: Dairy Analog,Animal,TRUE,TRUE,Animal_inner,Animal_innerdark,Animal_restwash,1.2631989055861959,1.53244924095915
Dairy,Form: Count,1.0390169181824378,0.9047273060226365,1.1798073943172203,1.0390169181824378,1.003834833742978,1.00084055863915,Restaurant,C0BE4NDSW26QN,finalized_redone_trunc,NA,Exposure: Dairy Analog,Animal,TRUE,TRUE,Animal_inner,Animal_innerdark,Animal_restwash,0.9709816747267358,1.1118192900737813
Dairy,Form: Count,1.047438471862617,1.0055310900574295,1.0930510014503942,1.047438471862617,1.0046455204289575,1.00176526838466,Restaurant,ED5J990H5VAZT,finalized_redone_trunc,NA,Exposure: Dairy Analog,Animal,TRUE,TRUE,Animal_inner,Animal_innerdark,Animal_restwash,1.0253741566123458,1.0699775738083828
Dairy,Form: Count,1.1390257769394991,0.994678393931986,1.3246519888299646,1.1390257769394991,1.0131024258340167,1.03184241093957,Restaurant,EMBVNVD207CC6,finalized_redone_trunc,NA,Exposure: Dairy Analog,Animal,TRUE,TRUE,Animal_inner,Animal_innerdark,Animal_restwash,1.058751365190037,1.2253865857351323
Dairy,Form: Count,1.0468399084619586,1.0110089751535822,1.0844284402351505,1.0468399084619586,1.0045880947424235,1.0000880460273,Restaurant,JHDN7CF1C03X5,finalized_redone_trunc,NA,Exposure: Dairy Analog,Animal,TRUE,TRUE,Animal_inner,Animal_innerdark,Animal_restwash,1.0282849101518594,1.0657297244465067
Dairy,Form: Count,1.0056939336500788,0.9332370010262123,1.0790572680679,1.0056939336500788,1.0005679396649334,1.01097476057465,Restaurant,LBZEEFSBJNB3Z,finalized_redone_trunc,NA,Exposure: Dairy Analog,Animal,TRUE,TRUE,Animal_inner,Animal_innerdark,Animal_restwash,0.9691276791467057,1.043639873201332
Dairy,Form: Count,1.1114752013909075,0.8451775967835666,1.5334612342660712,1.1114752013909075,1.0106248615182623,1.00582261438459,Restaurant,LFZFT3VASXPED,finalized_redone_trunc,NA,Exposure: Dairy Analog,Animal,TRUE,TRUE,Animal_inner,Animal_innerdark,Animal_restwash,0.9547695208798851,1.2939008800453478
Dairy,Form: Count,1.126142338506678,0.8863364367527053,1.4939478801634756,1.126142338506678,1.01195063825523,1.00566611603791,Restaurant,SAFK7ND1HR6XS,finalized_redone_trunc,NA,Exposure: Dairy Analog,Animal,TRUE,TRUE,Animal_inner,Animal_innerdark,Animal_restwash,0.985717019348931,1.286572658971575
Dairy,Form: Count,0.9841190892935593,0.8846984513276328,1.0922919253469778,0.9841190892935593,0.9984004443002465,1.00104520752112,Restaurant,V3Q26BHF3SE2H,finalized_redone_trunc,NA,Exposure: Dairy Analog,Animal,TRUE,TRUE,Animal_inner,Animal_innerdark,Animal_restwash,0.9325985450153825,1.0384858384011417
Dairy,Form: Count,1.0334368249229768,1.0085809841251443,1.0604993345124913,1.0334368249229768,1.0032944117815428,1.00390860948262,Restaurant,W8T41JZK0ZMEP,finalized_redone_trunc,NA,Exposure: Dairy Analog,Animal,TRUE,TRUE,Animal_inner,Animal_innerdark,Animal_restwash,1.0202880596316506,1.046755042387201
Egg,Form: Count,1.0686726369583643,1.0120834293131116,1.157147500045465,1.0686726369583643,1.0066638404530024,1.00552521702983,Restaurant,78AY09MVJVTYE,finalized_redone_trunc,NA,Exposure: Egg Analog,Animal,TRUE,TRUE,Animal_inner,Animal_innerdark,Animal_restwash,1.0327727960050388,1.1058203792753387
Egg,Form: Count,1.0330240940967719,0.9970029935172319,1.0675071670902736,1.0330240940967719,1.003254335314309,1.01277388121505,Restaurant,ED5J990H5VAZT,finalized_redone_trunc,NA,Exposure: Egg Analog,Animal,TRUE,TRUE,Animal_inner,Animal_innerdark,Animal_restwash,1.0151739549404313,1.0511880981492223
Egg,Form: Count,1.0422834884711918,0.9624590588352073,1.1124260934527077,1.0422834884711918,1.0041499842545365,1.00158137165739,Restaurant,LBZEEFSBJNB3Z,finalized_redone_trunc,NA,Exposure: Egg Analog,Animal,TRUE,TRUE,Animal_inner,Animal_innerdark,Animal_restwash,1.0044834147863473,1.0815060302122994
Egg,Form: Count,1.0718202200986402,1.025357495110684,1.1369200264960222,1.0718202200986402,1.006959942949831,1.01002967809778,Restaurant,V3Q26BHF3SE2H,finalized_redone_trunc,NA,Exposure: Egg Analog,Animal,TRUE,TRUE,Animal_inner,Animal_innerdark,Animal_restwash,1.0439493885727582,1.1004351329549458
Egg,Form: Count,1.057098783624821,1.0296327909143015,1.0886865966558865,1.057098783624821,1.0055682613696368,1.00009575366493,Restaurant,W8T41JZK0ZMEP,finalized_redone_trunc,NA,Exposure: Egg Analog,Animal,TRUE,TRUE,Animal_inner,Animal_innerdark,Animal_restwash,1.0421659300174124,1.0722456051911093
Ground meat,Form: Count,1.1939998161593441,1.0906685643493632,1.3090995703483237,1.1939998161593441,1.0178890114459225,1.00017568735827,Restaurant,1SQPTEGYPH0GA,finalized_redone_trunc,NA,Exposure: Ground Meat Analog,Animal,TRUE,TRUE,Animal_inner,Animal_innerdark,Animal_restwash,1.139671793120664,1.250917649795345
Ground meat,Form: Count,1.079700850655342,1.030500859078356,1.1325292433678076,1.079700850655342,1.0076978787525315,0.999920558778355,Restaurant,9XKJD8DQTH559,finalized_redone_trunc,NA,Exposure: Ground Meat Analog,Animal,TRUE,TRUE,Animal_inner,Animal_innerdark,Animal_restwash,1.0540081954345444,1.1060197937315415
Ground meat,Form: Count,1.1756032707671342,0.9613461688969397,1.4514853334176816,1.1756032707671342,1.0163097185324796,1.00055291215551,Restaurant,C0BE4NDSW26QN,finalized_redone_trunc,NA,Exposure: Ground Meat Analog,Animal,TRUE,TRUE,Animal_inner,Animal_innerdark,Animal_restwash,1.058314264969431,1.3058909777411947
Ground meat,Form: Count,0.9228299187009045,0.8272824761399554,1.0374541039628666,0.9228299187009045,0.9920011294340103,1.00282151810237,Restaurant,CB2KHY1C2G9PT,finalized_redone_trunc,NA,Exposure: Ground Meat Analog,Animal,TRUE,TRUE,Animal_inner,Animal_innerdark,Animal_restwash,0.8710464030166987,0.977691952920207
Ground meat,Form: Count,1.9312355939781998,1.014025897719353,27.254727709839923,1.9312355939781998,1.0680301817676174,1.02723563602912,Restaurant,EMBVNVD207CC6,finalized_redone_trunc,NA,Exposure: Ground Meat Analog,Animal,TRUE,FALSE,Animal_inner,Animal_innerdark,Animal_restwash,1.014025897719353,4.471737253887035
Ground meat,Form: Count,1.1243683273215466,1.0253219773422249,1.2400085813046806,1.1243683273215466,1.0117911126287769,1.00135910228468,Restaurant,JHDN7CF1C03X5,finalized_redone_trunc,NA,Exposure: Ground Meat Analog,Animal,TRUE,TRUE,Animal_inner,Animal_innerdark,Animal_restwash,1.071140030987886,1.1802417040822462
Ground meat,Form: Count,1.426067218569132,0.8899679972931889,4.069471953977753,1.426067218569132,1.0361294065901576,1.01468052397313,Restaurant,LFZFT3VASXPED,finalized_redone_trunc,NA,Exposure: Ground Meat Analog,Animal,TRUE,FALSE,Animal_inner,Animal_innerdark,Animal_restwash,0.9676780662976231,2.101595337030216
Ground meat,Form: Count,1.2145827089196166,0.9033407892755416,1.8729011579139074,1.2145827089196166,1.0196302451648773,1.01464297322953,Restaurant,LQ5EH4BKGV61T,finalized_redone_trunc,NA,Exposure: Ground Meat Analog,Animal,TRUE,TRUE,Animal_inner,Animal_innerdark,Animal_restwash,1.008429765196194,1.4628794267288472
Ground meat,Form: Count,1.1198184742173263,0.9911148951749091,1.2652531870269923,1.1198184742173263,1.011380935182686,1.00045313832555,Restaurant,S8MT0YGD2KTN9,finalized_redone_trunc,NA,Exposure: Ground Meat Analog,Animal,TRUE,TRUE,Animal_inner,Animal_innerdark,Animal_restwash,1.0521876011545397,1.1917964190249386
Ground meat,Form: Count,1.2999215908118054,0.7786876510054735,3.143451814157701,1.2999215908118054,1.02657743932162,1.01086721974932,Restaurant,SAFK7ND1HR6XS,finalized_redone_trunc,NA,Exposure: Ground Meat Analog,Animal,TRUE,FALSE,Animal_inner,Animal_innerdark,Animal_restwash,0.9105718463003779,1.8557526779729447
Ground meat,Form: Count,1.1841692591000537,1.0680727487230046,1.3088778603851885,1.1841692591000537,1.017047831743457,1.00126469788833,Restaurant,SRQS8F7JWA9MZ,finalized_redone_trunc,NA,Exposure: Ground Meat Analog,Animal,TRUE,TRUE,Animal_inner,Animal_innerdark,Animal_restwash,1.124316823963212,1.2472079082252108
Ground meat,Form: Count,1.442105844959637,1.2679972978758158,1.665479550031314,1.442105844959637,1.037288859780444,1.00450635504269,Restaurant,W8T41JZK0ZMEP,finalized_redone_trunc,NA,Exposure: Ground Meat Analog,Animal,TRUE,TRUE,Animal_inner,Animal_innerdark,Animal_restwash,1.3452026194323181,1.5459896063422613
