outcome,effect_type,mean,q2.5,q16,q84,q97.5,mean_exp,rhat,ess_bulk,estimate_type,restaurant_id,pred_path,exposure_strip,color_group,left_ok,right_ok,color_group_inner,color_group_innerdark,color_group_restwash,q1_lo,q1_hi
nonvegan,Level change,0.988846417614655,0.8559159796691386,0.9303855172994765,1.0512540659222098,1.135251920281627,0.988846417614655,NA,NA,Pooled,POOLED,../../model_fits/finalized_redone_trunc_cp/a3_its/nonvegan/plots/all_restaurants_weekly.png,Exposure: Introductions,Animal,TRUE,TRUE,Animal_inner,Animal_innerdark,Animal_restwash,0.9303855172994765,1.0512540659222098
nonvegan,Slope change,0.9661424421483689,0.5570225514675656,0.746923850107102,1.260956489967372,1.8353189984223148,0.9661424421483689,NA,NA,Pooled,POOLED,../../model_fits/finalized_redone_trunc_cp/a3_its/nonvegan/plots/all_restaurants_weekly.png,Exposure: Introductions,Animal,TRUE,TRUE,Animal_inner,Animal_innerdark,Animal_restwash,0.746923850107102,1.260956489967372
meat,Level change,0.9546260365071749,0.8216081136422376,0.8937365518216185,1.0079467128341724,1.0705888674214858,0.9546260365071749,NA,NA,Pooled,POOLED,../../model_fits/finalized_redone_trunc_cp/a3_its/meat/plots/all_restaurants_weekly.png,Exposure: Introductions,Animal,TRUE,TRUE,Animal_inner,Animal_innerdark,Animal_restwash,0.8937365518216185,1.0079467128341724
meat,Slope change,0.9329944749161215,0.5309731627382589,0.7315487038101082,1.1701367706861807,1.7771886755761843,0.9329944749161215,NA,NA,Pooled,POOLED,../../model_fits/finalized_redone_trunc_cp/a3_its/meat/plots/all_restaurants_weekly.png,Exposure: Introductions,Animal,TRUE,TRUE,Animal_inner,Animal_innerdark,Animal_restwash,0.7315487038101082,1.1701367706861807
chicken_fish,Level change,0.9002611824826516,0.6327134926797146,0.7978233308140766,0.976985863830018,1.074135210518318,0.9002611824826516,NA,NA,Pooled,POOLED,../../model_fits/finalized_redone_trunc_cp/a3_its/chicken_fish/plots/all_restaurants_weekly.png,Exposure: Introductions,Animal,TRUE,TRUE,Animal_inner,Animal_innerdark,Animal_restwash,0.7978233308140766,0.976985863830018
chicken_fish,Slope change,0.9667658050364747,0.3778888119171477,0.6590094530798757,1.3695470161241299,2.0657945554045347,0.9667658050364747,NA,NA,Pooled,POOLED,../../model_fits/finalized_redone_trunc_cp/a3_its/chicken_fish/plots/all_restaurants_weekly.png,Exposure: Introductions,Animal,TRUE,TRUE,Animal_inner,Animal_innerdark,Animal_restwash,0.6590094530798757,1.3695470161241299
vegetarian,Level change,1.0248484520492815,0.8129708885638226,0.9276663272560897,1.1282162932168085,1.2740493115702396,1.0248484520492815,NA,NA,Pooled,POOLED,../../model_fits/finalized_redone_trunc_cp/a3_its/vegetarian/plots/all_restaurants_weekly.png,Exposure: Introductions,Plant-based,TRUE,TRUE,Plant-based_inner,Plant-based_innerdark,Plant-based_restwash,0.9276663272560897,1.1282162932168085
vegetarian,Slope change,0.7869913671017946,0.48619596071585447,0.634858487027583,1.0424739850594194,1.5577109049500169,0.7869913671017946,NA,NA,Pooled,POOLED,../../model_fits/finalized_redone_trunc_cp/a3_its/vegetarian/plots/all_restaurants_weekly.png,Exposure: Introductions,Plant-based,TRUE,TRUE,Plant-based_inner,Plant-based_innerdark,Plant-based_restwash,0.634858487027583,1.0424739850594194
vegan,Level change,1.0432117755095893,0.899586795225634,0.9799965928570918,1.1327188310397043,1.2874578723299512,1.0432117755095893,NA,NA,Pooled,POOLED,../../model_fits/finalized_redone_trunc_cp/a3_its/vegan/plots/all_restaurants_weekly.png,Exposure: Introductions,Plant-based,TRUE,TRUE,Plant-based_inner,Plant-based_innerdark,Plant-based_restwash,0.9799965928570918,1.1327188310397043
vegan,Slope change,0.59557556790054,0.3153903274463589,0.43289188083499575,0.8251813323593677,1.3070002749378227,0.59557556790054,NA,NA,Pooled,POOLED,../../model_fits/finalized_redone_trunc_cp/a3_its/vegan/plots/all_restaurants_weekly.png,Exposure: Introductions,Plant-based,TRUE,TRUE,Plant-based_inner,Plant-based_innerdark,Plant-based_restwash,0.43289188083499575,0.8251813323593677
nonvegan,Level change,0.9956797094220152,0.9063011636187128,0.9496517862210537,1.0437348352754845,1.092863533048546,0.9956797094220152,NA,NA,Restaurant,VLZX7K2M9QD4T,../../model_fits/finalized_redone_trunc_cp/a3_its/nonvegan/plots/VLZX7K2M9QD4T.png,Exposure: Introductions,Animal,TRUE,TRUE,Animal_inner,Animal_innerdark,Animal_restwash,0.9496517862210537,1.0437348352754845
nonvegan,Level change,1.0013553376410118,0.8788374286444461,0.9371009360250132,1.072412682513678,1.1435711751064375,1.0013553376410118,NA,NA,Restaurant,SRQS8F7JWA9MZ,../../model_fits/finalized_redone_trunc_cp/a3_its/nonvegan/plots/SRQS8F7JWA9MZ.png,Exposure: Introductions,Animal,TRUE,TRUE,Animal_inner,Animal_innerdark,Animal_restwash,0.9371009360250132,1.072412682513678
nonvegan,Level change,0.9998453619576948,0.8800925293929535,0.9376928083904619,1.0659113873764894,1.1338235771534724,0.9998453619576948,NA,NA,Restaurant,SRQS8F7JWA9MZ,../../model_fits/finalized_redone_trunc_cp/a3_its/nonvegan/plots/SRQS8F7JWA9MZ.png,Exposure: Introductions,Animal,TRUE,TRUE,Animal_inner,Animal_innerdark,Animal_restwash,0.9376928083904619,1.0659113873764894
nonvegan,Level change,0.9886684907112585,0.7937203728620313,0.8858156464603193,1.101497299940132,1.232680760075682,0.9886684907112585,NA,NA,Restaurant,2HRX9P6HKXA8V,../../model_fits/finalized_redone_trunc_cp/a3_its/nonvegan/plots/2HRX9P6HKXA8V.png,Exposure: Introductions,Animal,TRUE,TRUE,Animal_inner,Animal_innerdark,Animal_restwash,0.8858156464603193,1.101497299940132
nonvegan,Level change,0.9942715206691001,0.8866662928254706,0.9408278761643594,1.0489283081104799,1.107792428914257,0.9942715206691001,NA,NA,Restaurant,JHDN7CF1C03X5,../../model_fits/finalized_redone_trunc_cp/a3_its/nonvegan/plots/JHDN7CF1C03X5.png,Exposure: Introductions,Animal,TRUE,TRUE,Animal_inner,Animal_innerdark,Animal_restwash,0.9408278761643594,1.0489283081104799
nonvegan,Level change,0.9938765750550795,0.8019410179687134,0.9001673756537862,1.098570749146693,1.248232873629961,0.9938765750550795,NA,NA,Restaurant,L69HYJ4Y3TR91,../../model_fits/finalized_redone_trunc_cp/a3_its/nonvegan/plots/L69HYJ4Y3TR91.png,Exposure: Introductions,Animal,TRUE,TRUE,Animal_inner,Animal_innerdark,Animal_restwash,0.9001673756537862,1.098570749146693
nonvegan,Level change,0.9907372163476349,0.8406636238584778,0.9185848688447832,1.0706827188465,1.1742511350012805,0.9907372163476349,NA,NA,Restaurant,ED5J990H5VAZT,../../model_fits/finalized_redone_trunc_cp/a3_its/nonvegan/plots/ED5J990H5VAZT.png,Exposure: Introductions,Animal,TRUE,TRUE,Animal_inner,Animal_innerdark,Animal_restwash,0.9185848688447832,1.0706827188465
nonvegan,Slope change,0.9990569449561753,0.4516460968062063,0.7052047872371281,1.4368078470100891,2.1840626808637276,0.9990569449561753,NA,NA,Restaurant,VLZX7K2M9QD4T,../../model_fits/finalized_redone_trunc_cp/a3_its/nonvegan/plots/VLZX7K2M9QD4T.png,Exposure: Introductions,Animal,TRUE,TRUE,Animal_inner,Animal_innerdark,Animal_restwash,0.7052047872371281,1.4368078470100891
nonvegan,Slope change,1.0746714640148738,0.3788555049596064,0.6302793154458846,1.8167907128887613,3.040345392748475,1.0746714640148738,NA,NA,Restaurant,SRQS8F7JWA9MZ,../../model_fits/finalized_redone_trunc_cp/a3_its/nonvegan/plots/SRQS8F7JWA9MZ.png,Exposure: Introductions,Animal,TRUE,FALSE,Animal_inner,Animal_innerdark,Animal_restwash,0.6302793154458846,1.8167907128887613
nonvegan,Slope change,0.9807431778212728,0.3448909668559628,0.5874587313157644,1.6542964025121243,2.7154306646855924,0.9807431778212728,NA,NA,Restaurant,SRQS8F7JWA9MZ,../../model_fits/finalized_redone_trunc_cp/a3_its/nonvegan/plots/SRQS8F7JWA9MZ.png,Exposure: Introductions,Animal,TRUE,TRUE,Animal_inner,Animal_innerdark,Animal_restwash,0.5874587313157644,1.6542964025121243
nonvegan,Slope change,0.9912822221289938,0.5311380687820177,0.7256853792502567,1.3606182064072532,1.9167517855361325,0.9912822221289938,NA,NA,Restaurant,2HRX9P6HKXA8V,../../model_fits/finalized_redone_trunc_cp/a3_its/nonvegan/plots/2HRX9P6HKXA8V.png,Exposure: Introductions,Animal,TRUE,TRUE,Animal_inner,Animal_innerdark,Animal_restwash,0.7256853792502567,1.3606182064072532
nonvegan,Slope change,1.0360174631317465,0.7964413595531536,0.9146120981876493,1.1755091348483595,1.3325981394967399,1.0360174631317465,NA,NA,Restaurant,JHDN7CF1C03X5,../../model_fits/finalized_redone_trunc_cp/a3_its/nonvegan/plots/JHDN7CF1C03X5.png,Exposure: Introductions,Animal,TRUE,TRUE,Animal_inner,Animal_innerdark,Animal_restwash,0.9146120981876493,1.1755091348483595
nonvegan,Slope change,0.9715825908854326,0.3451601385272429,0.6273289969097421,1.4723641290584888,2.4806911230440405,0.9715825908854326,NA,NA,Restaurant,L69HYJ4Y3TR91,../../model_fits/finalized_redone_trunc_cp/a3_its/nonvegan/plots/L69HYJ4Y3TR91.png,Exposure: Introductions,Animal,TRUE,TRUE,Animal_inner,Animal_innerdark,Animal_restwash,0.6273289969097421,1.4723641290584888
nonvegan,Slope change,0.935747597181988,0.6569275602157167,0.7822169400234493,1.1282094291697609,1.3601740914844127,0.935747597181988,NA,NA,Restaurant,ED5J990H5VAZT,../../model_fits/finalized_redone_trunc_cp/a3_its/nonvegan/plots/ED5J990H5VAZT.png,Exposure: Introductions,Animal,TRUE,TRUE,Animal_inner,Animal_innerdark,Animal_restwash,0.7822169400234493,1.1282094291697609
meat,Level change,0.988515604951366,0.9085586792488856,0.9439638915923835,1.0364388357696153,1.0870942435730802,0.988515604951366,NA,NA,Restaurant,VLZX7K2M9QD4T,../../model_fits/finalized_redone_trunc_cp/a3_its/meat/plots/VLZX7K2M9QD4T.png,Exposure: Introductions,Animal,TRUE,TRUE,Animal_inner,Animal_innerdark,Animal_restwash,0.9439638915923835,1.0364388357696153
meat,Level change,0.9655952774539246,0.8430109451449302,0.9028470432796569,1.0331620551460887,1.0998664050784464,0.9655952774539246,NA,NA,Restaurant,SRQS8F7JWA9MZ,../../model_fits/finalized_redone_trunc_cp/a3_its/meat/plots/SRQS8F7JWA9MZ.png,Exposure: Introductions,Animal,TRUE,TRUE,Animal_inner,Animal_innerdark,Animal_restwash,0.9028470432796569,1.0331620551460887
meat,Level change,0.9688527881949803,0.8558764077365779,0.9111901872025967,1.0310986373591908,1.0962318082064038,0.9688527881949803,NA,NA,Restaurant,SRQS8F7JWA9MZ,../../model_fits/finalized_redone_trunc_cp/a3_its/meat/plots/SRQS8F7JWA9MZ.png,Exposure: Introductions,Animal,TRUE,TRUE,Animal_inner,Animal_innerdark,Animal_restwash,0.9111901872025967,1.0310986373591908
meat,Level change,0.997744148266584,0.8023291410460492,0.9046697092968643,1.100197890413388,1.22609653289302,0.997744148266584,NA,NA,Restaurant,2HRX9P6HKXA8V,../../model_fits/finalized_redone_trunc_cp/a3_its/meat/plots/2HRX9P6HKXA8V.png,Exposure: Introductions,Animal,TRUE,TRUE,Animal_inner,Animal_innerdark,Animal_restwash,0.9046697092968643,1.100197890413388
meat,Level change,0.9490294103189425,0.8537462374015345,0.89974863959972,0.9996632127255708,1.04993084752437,0.9490294103189425,NA,NA,Restaurant,JHDN7CF1C03X5,../../model_fits/finalized_redone_trunc_cp/a3_its/meat/plots/JHDN7CF1C03X5.png,Exposure: Introductions,Animal,TRUE,TRUE,Animal_inner,Animal_innerdark,Animal_restwash,0.89974863959972,0.9996632127255708
meat,Level change,0.9057544827552884,0.7116813079267265,0.8147321810130816,0.9772122858250957,1.0506469134495715,0.9057544827552884,NA,NA,Restaurant,L69HYJ4Y3TR91,../../model_fits/finalized_redone_trunc_cp/a3_its/meat/plots/L69HYJ4Y3TR91.png,Exposure: Introductions,Animal,TRUE,TRUE,Animal_inner,Animal_innerdark,Animal_restwash,0.8147321810130816,0.9772122858250957
meat,Level change,0.949394800022195,0.7810040976385038,0.8727173124564712,1.0237623299297103,1.1115903164652658,0.949394800022195,NA,NA,Restaurant,ED5J990H5VAZT,../../model_fits/finalized_redone_trunc_cp/a3_its/meat/plots/ED5J990H5VAZT.png,Exposure: Introductions,Animal,TRUE,TRUE,Animal_inner,Animal_innerdark,Animal_restwash,0.8727173124564712,1.0237623299297103
meat,Slope change,0.9397992409364603,0.416981644974428,0.652458880605591,1.3309118808504334,1.972709739702229,0.9397992409364603,NA,NA,Restaurant,VLZX7K2M9QD4T,../../model_fits/finalized_redone_trunc_cp/a3_its/meat/plots/VLZX7K2M9QD4T.png,Exposure: Introductions,Animal,TRUE,TRUE,Animal_inner,Animal_innerdark,Animal_restwash,0.652458880605591,1.3309118808504334
meat,Slope change,0.9929797578387253,0.35423038409508606,0.5948386777683079,1.6270906130217384,2.7124155235773753,0.9929797578387253,NA,NA,Restaurant,SRQS8F7JWA9MZ,../../model_fits/finalized_redone_trunc_cp/a3_its/meat/plots/SRQS8F7JWA9MZ.png,Exposure: Introductions,Animal,TRUE,TRUE,Animal_inner,Animal_innerdark,Animal_restwash,0.5948386777683079,1.6270906130217384
meat,Slope change,0.99254095776772,0.37783034287090733,0.6152197979409953,1.653461484746017,2.736984248450096,0.99254095776772,NA,NA,Restaurant,SRQS8F7JWA9MZ,../../model_fits/finalized_redone_trunc_cp/a3_its/meat/plots/SRQS8F7JWA9MZ.png,Exposure: Introductions,Animal,TRUE,TRUE,Animal_inner,Animal_innerdark,Animal_restwash,0.6152197979409953,1.653461484746017
meat,Slope change,0.88548390331412,0.42702876080780594,0.6420818315123957,1.1803735545123661,1.588697304385347,0.88548390331412,NA,NA,Restaurant,2HRX9P6HKXA8V,../../model_fits/finalized_redone_trunc_cp/a3_its/meat/plots/2HRX9P6HKXA8V.png,Exposure: Introductions,Animal,TRUE,TRUE,Animal_inner,Animal_innerdark,Animal_restwash,0.6420818315123957,1.1803735545123661
meat,Slope change,1.0009564571136553,0.773075819863275,0.8788544332146517,1.1379506395192203,1.2833469885454498,1.0009564571136553,NA,NA,Restaurant,JHDN7CF1C03X5,../../model_fits/finalized_redone_trunc_cp/a3_its/meat/plots/JHDN7CF1C03X5.png,Exposure: Introductions,Animal,TRUE,TRUE,Animal_inner,Animal_innerdark,Animal_restwash,0.8788544332146517,1.1379506395192203
meat,Slope change,0.8956818564375976,0.32322081550501197,0.5728555639142775,1.2768744808358192,1.995262309186183,0.8956818564375976,NA,NA,Restaurant,L69HYJ4Y3TR91,../../model_fits/finalized_redone_trunc_cp/a3_its/meat/plots/L69HYJ4Y3TR91.png,Exposure: Introductions,Animal,TRUE,TRUE,Animal_inner,Animal_innerdark,Animal_restwash,0.5728555639142775,1.2768744808358192
meat,Slope change,0.9956858328710577,0.6715904658854838,0.8218626420648159,1.2195007577074901,1.4735800527207497,0.9956858328710577,NA,NA,Restaurant,ED5J990H5VAZT,../../model_fits/finalized_redone_trunc_cp/a3_its/meat/plots/ED5J990H5VAZT.png,Exposure: Introductions,Animal,TRUE,TRUE,Animal_inner,Animal_innerdark,Animal_restwash,0.8218626420648159,1.2195007577074901
chicken_fish,Level change,0.9480700021717265,0.862108206167447,0.9028934536996039,0.99495857087694906,1.0408778818497808,0.9480700021717265,NA,NA,Restaurant,VLZX7K2M9QD4T,../../model_fits/finalized_redone_trunc_cp/a3_its/chicken_fish/plots/VLZX7K2M9QD4T.png,Exposure: Introductions,Animal,TRUE,TRUE,Animal_inner,Animal_innerdark,Animal_restwash,0.9028934536996039,0.99495857087694906
chicken_fish,Level change,0.9440621435231491,0.7251671710126532,0.8293568384585697,1.061693798588714,1.1979002290922298,0.9440621435231491,NA,NA,Restaurant,2HRX9P6HKXA8V,../../model_fits/finalized_redone_trunc_cp/a3_its/chicken_fish/plots/2HRX9P6HKXA8V.png,Exposure: Introductions,Animal,TRUE,TRUE,Animal_inner,Animal_innerdark,Animal_restwash,0.8293568384585697,1.061693798588714
chicken_fish,Level change,0.915467779423269,0.8135564993929605,0.8652445908777054,0.971039865699926,1.0280707267430036,0.915467779423269,NA,NA,Restaurant,JHDN7CF1C03X5,../../model_fits/finalized_redone_trunc_cp/a3_its/chicken_fish/plots/JHDN7CF1C03X5.png,Exposure: Introductions,Animal,TRUE,TRUE,Animal_inner,Animal_innerdark,Animal_restwash,0.8652445908777054,0.971039865699926
chicken_fish,Level change,0.867117401656825,0.5297714059526382,0.7206025369979306,0.9934207347680387,1.2529844774134933,0.867117401656825,NA,NA,Restaurant,L69HYJ4Y3TR91,../../model_fits/finalized_redone_trunc_cp/a3_its/chicken_fish/plots/L69HYJ4Y3TR91.png,Exposure: Introductions,Animal,TRUE,TRUE,Animal_inner,Animal_innerdark,Animal_restwash,0.7206025369979306,0.9934207347680387
chicken_fish,Level change,0.8401707365510301,0.4836030385851352,0.6553141500041798,0.9567637369967912,1.0524607876596674,0.8401707365510301,NA,NA,Restaurant,ED5J990H5VAZT,../../model_fits/finalized_redone_trunc_cp/a3_its/chicken_fish/plots/ED5J990H5VAZT.png,Exposure: Introductions,Animal,TRUE,TRUE,Animal_inner,Animal_innerdark,Animal_restwash,0.6553141500041798,0.9567637369967912
chicken_fish,Slope change,0.6709140114991898,0.2814312749303667,0.42823836964931955,1.039319861615781,1.5988327791653931,0.6709140114991898,NA,NA,Restaurant,VLZX7K2M9QD4T,../../model_fits/finalized_redone_trunc_cp/a3_its/chicken_fish/plots/VLZX7K2M9QD4T.png,Exposure: Introductions,Animal,TRUE,TRUE,Animal_inner,Animal_innerdark,Animal_restwash,0.42823836964931955,1.039319861615781
chicken_fish,Slope change,0.7647727867930977,0.39183680192401193,0.5643740037722738,1.0435636893206424,1.4118922486432015,0.7647727867930977,NA,NA,Restaurant,2HRX9P6HKXA8V,../../model_fits/finalized_redone_trunc_cp/a3_its/chicken_fish/plots/2HRX9P6HKXA8V.png,Exposure: Introductions,Animal,TRUE,TRUE,Animal_inner,Animal_innerdark,Animal_restwash,0.5643740037722738,1.0435636893206424
chicken_fish,Slope change,0.9656546633895868,0.7422233279765572,0.8485833559043536,1.1039095774313963,1.2740660813546703,0.9656546633895868,NA,NA,Restaurant,JHDN7CF1C03X5,../../model_fits/finalized_redone_trunc_cp/a3_its/chicken_fish/plots/JHDN7CF1C03X5.png,Exposure: Introductions,Animal,TRUE,TRUE,Animal_inner,Animal_innerdark,Animal_restwash,0.8485833559043536,1.1039095774313963
chicken_fish,Slope change,0.915974273867404,0.19041070204213567,0.44656201291576914,1.9158130850225694,4.955195638252522,0.915974273867404,NA,NA,Restaurant,L69HYJ4Y3TR91,../../model_fits/finalized_redone_trunc_cp/a3_its/chicken_fish/plots/L69HYJ4Y3TR91.png,Exposure: Introductions,Animal,TRUE,FALSE,Animal_inner,Animal_innerdark,Animal_restwash,0.44656201291576914,1.9158130850225694
chicken_fish,Slope change,1.9839027687990554,0.9623724173584437,1.3695823508929625,2.8415402309378557,3.9974436727197733,1.9839027687990554,NA,NA,Restaurant,ED5J990H5VAZT,../../model_fits/finalized_redone_trunc_cp/a3_its/chicken_fish/plots/ED5J990H5VAZT.png,Exposure: Introductions,Animal,TRUE,FALSE,Animal_inner,Animal_innerdark,Animal_restwash,1.3695823508929625,2.8415402309378557
vegetarian,Level change,1.002001149632661,0.910736020179917,0.9551517677669665,1.052543436124713,1.1057659862017226,1.002001149632661,NA,NA,Restaurant,VLZX7K2M9QD4T,../../model_fits/finalized_redone_trunc_cp/a3_its/vegetarian/plots/VLZX7K2M9QD4T.png,Exposure: Introductions,Plant-based,TRUE,TRUE,Plant-based_inner,Plant-based_innerdark,Plant-based_restwash,0.9551517677669665,1.052543436124713
vegetarian,Level change,1.117862355022534,0.9675454339749191,1.0380448251878844,1.2062458620013832,1.3059318176692225,1.117862355022534,NA,NA,Restaurant,SRQS8F7JWA9MZ,../../model_fits/finalized_redone_trunc_cp/a3_its/vegetarian/plots/SRQS8F7JWA9MZ.png,Exposure: Introductions,Plant-based,TRUE,TRUE,Plant-based_inner,Plant-based_innerdark,Plant-based_restwash,1.0380448251878844,1.2062458620013832
vegetarian,Level change,1.0767784320107174,0.9410340877747495,1.0054970818113969,1.1550596651753544,1.2417076772180917,1.0767784320107174,NA,NA,Restaurant,SRQS8F7JWA9MZ,../../model_fits/finalized_redone_trunc_cp/a3_its/vegetarian/plots/SRQS8F7JWA9MZ.png,Exposure: Introductions,Plant-based,TRUE,TRUE,Plant-based_inner,Plant-based_innerdark,Plant-based_restwash,1.0054970818113969,1.1550596651753544
vegetarian,Level change,0.8756108691822119,0.7026323678767287,0.7794644459484154,0.9944880333411226,1.1383888886514997,0.8756108691822119,NA,NA,Restaurant,2HRX9P6HKXA8V,../../model_fits/finalized_redone_trunc_cp/a3_its/vegetarian/plots/2HRX9P6HKXA8V.png,Exposure: Introductions,Plant-based,TRUE,TRUE,Plant-based_inner,Plant-based_innerdark,Plant-based_restwash,0.7794644459484154,0.9944880333411226
vegetarian,Level change,1.011564457235304,0.8989226353985007,0.9528497574118074,1.0710685981771126,1.1316983794183502,1.011564457235304,NA,NA,Restaurant,JHDN7CF1C03X5,../../model_fits/finalized_redone_trunc_cp/a3_its/vegetarian/plots/JHDN7CF1C03X5.png,Exposure: Introductions,Plant-based,TRUE,TRUE,Plant-based_inner,Plant-based_innerdark,Plant-based_restwash,0.9528497574118074,1.0710685981771126
vegetarian,Level change,1.187264652599105,0.8884586647317729,1.0264336435628572,1.3765563418479168,1.5852249713225985,1.187264652599105,NA,NA,Restaurant,L69HYJ4Y3TR91,../../model_fits/finalized_redone_trunc_cp/a3_its/vegetarian/plots/L69HYJ4Y3TR91.png,Exposure: Introductions,Plant-based,TRUE,TRUE,Plant-based_inner,Plant-based_innerdark,Plant-based_restwash,1.0264336435628572,1.3765563418479168
vegetarian,Level change,1.0445163966745692,0.8952131255046769,0.9664892683661511,1.1277398533333896,1.2231715142877533,1.0445163966745692,NA,NA,Restaurant,ED5J990H5VAZT,../../model_fits/finalized_redone_trunc_cp/a3_its/vegetarian/plots/ED5J990H5VAZT.png,Exposure: Introductions,Plant-based,TRUE,TRUE,Plant-based_inner,Plant-based_innerdark,Plant-based_restwash,0.9664892683661511,1.1277398533333896
vegetarian,Slope change,0.8471741478279989,0.4385710656345155,0.6235722764818278,1.2292721914695983,1.8920205744204999,0.8471741478279989,NA,NA,Restaurant,VLZX7K2M9QD4T,../../model_fits/finalized_redone_trunc_cp/a3_its/vegetarian/plots/VLZX7K2M9QD4T.png,Exposure: Introductions,Plant-based,TRUE,TRUE,Plant-based_inner,Plant-based_innerdark,Plant-based_restwash,0.6235722764818278,1.2292721914695983
vegetarian,Slope change,1.6956438140284613,0.5691842833336447,0.9862912722918009,2.832009017579624,4.618606644472117,1.6956438140284613,NA,NA,Restaurant,SRQS8F7JWA9MZ,../../model_fits/finalized_redone_trunc_cp/a3_its/vegetarian/plots/SRQS8F7JWA9MZ.png,Exposure: Introductions,Plant-based,TRUE,FALSE,Plant-based_inner,Plant-based_innerdark,Plant-based_restwash,0.9862912722918009,2.832009017579624
vegetarian,Slope change,0.7083297819655445,0.25319386344627165,0.42791096959645797,1.21936466901682,2.1458534992793457,0.7083297819655445,NA,NA,Restaurant,SRQS8F7JWA9MZ,../../model_fits/finalized_redone_trunc_cp/a3_its/vegetarian/plots/SRQS8F7JWA9MZ.png,Exposure: Introductions,Plant-based,TRUE,TRUE,Plant-based_inner,Plant-based_innerdark,Plant-based_restwash,0.42791096959645797,1.21936466901682
vegetarian,Slope change,0.783659236844563,0.4348931414108112,0.5962125309071797,1.077329355835986,1.6719757316604038,0.783659236844563,NA,NA,Restaurant,2HRX9P6HKXA8V,../../model_fits/finalized_redone_trunc_cp/a3_its/vegetarian/plots/2HRX9P6HKXA8V.png,Exposure: Introductions,Plant-based,TRUE,TRUE,Plant-based_inner,Plant-based_innerdark,Plant-based_restwash,0.5962125309071797,1.077329355835986
vegetarian,Slope change,0.7229226842175696,0.5545470636274745,0.6324741049557382,0.8237125640206946,0.933056824355135,0.7229226842175696,NA,NA,Restaurant,JHDN7CF1C03X5,../../model_fits/finalized_redone_trunc_cp/a3_its/vegetarian/plots/JHDN7CF1C03X5.png,Exposure: Introductions,Plant-based,TRUE,TRUE,Plant-based_inner,Plant-based_innerdark,Plant-based_restwash,0.6324741049557382,0.8237125640206946
vegetarian,Slope change,0.7897948901128787,0.29161368477307287,0.5214234309299579,1.2868606400994769,2.7412811250146203,0.7897948901128787,NA,NA,Restaurant,L69HYJ4Y3TR91,../../model_fits/finalized_redone_trunc_cp/a3_its/vegetarian/plots/L69HYJ4Y3TR91.png,Exposure: Introductions,Plant-based,TRUE,TRUE,Plant-based_inner,Plant-based_innerdark,Plant-based_restwash,0.5214234309299579,1.2868606400994769
vegetarian,Slope change,0.8084119591155974,0.5880891805393187,0.6833310206077389,0.9585565114676784,1.1184266266278535,0.8084119591155974,NA,NA,Restaurant,ED5J990H5VAZT,../../model_fits/finalized_redone_trunc_cp/a3_its/vegetarian/plots/ED5J990H5VAZT.png,Exposure: Introductions,Plant-based,TRUE,TRUE,Plant-based_inner,Plant-based_innerdark,Plant-based_restwash,0.6833310206077389,0.9585565114676784
vegan,Level change,1.1030718183686958,1.0001169718406724,1.050865447092266,1.1614658983631203,1.2215828153578079,1.1030718183686958,NA,NA,Restaurant,VLZX7K2M9QD4T,../../model_fits/finalized_redone_trunc_cp/a3_its/vegan/plots/VLZX7K2M9QD4T.png,Exposure: Introductions,Plant-based,TRUE,TRUE,Plant-based_inner,Plant-based_innerdark,Plant-based_restwash,1.050865447092266,1.1614658983631203
vegan,Level change,1.0427865968972216,0.9058616194669288,0.9699095066015923,1.12148082365998,1.2017765856576101,1.0427865968972216,NA,NA,Restaurant,SRQS8F7JWA9MZ,../../model_fits/finalized_redone_trunc_cp/a3_its/vegan/plots/SRQS8F7JWA9MZ.png,Exposure: Introductions,Plant-based,TRUE,TRUE,Plant-based_inner,Plant-based_innerdark,Plant-based_restwash,0.9699095066015923,1.12148082365998
vegan,Level change,1.108089764571738,0.9798021406474923,1.0398128655588088,1.1888329456930722,1.2750237998688816,1.108089764571738,NA,NA,Restaurant,SRQS8F7JWA9MZ,../../model_fits/finalized_redone_trunc_cp/a3_its/vegan/plots/SRQS8F7JWA9MZ.png,Exposure: Introductions,Plant-based,TRUE,TRUE,Plant-based_inner,Plant-based_innerdark,Plant-based_restwash,1.0398128655588088,1.1888329456930722
vegan,Level change,1.0305010600260431,0.8616193566128165,0.9362999605230589,1.143844439210013,1.2779590555099742,1.0305010600260431,NA,NA,Restaurant,2HRX9P6HKXA8V,../../model_fits/finalized_redone_trunc_cp/a3_its/vegan/plots/2HRX9P6HKXA8V.png,Exposure: Introductions,Plant-based,TRUE,TRUE,Plant-based_inner,Plant-based_innerdark,Plant-based_restwash,0.9362999605230589,1.143844439210013
vegan,Level change,0.9712003483470709,0.8643264300270124,0.916635875424318,1.025882695150332,1.0746677214780171,0.9712003483470709,NA,NA,Restaurant,JHDN7CF1C03X5,../../model_fits/finalized_redone_trunc_cp/a3_its/vegan/plots/JHDN7CF1C03X5.png,Exposure: Introductions,Plant-based,TRUE,TRUE,Plant-based_inner,Plant-based_innerdark,Plant-based_restwash,0.916635875424318,1.025882695150332
vegan,Level change,1.0252850279672518,0.8177431371139678,0.9243201284335165,1.1442095851725564,1.3513308004482651,1.0252850279672518,NA,NA,Restaurant,L69HYJ4Y3TR91,../../model_fits/finalized_redone_trunc_cp/a3_its/vegan/plots/L69HYJ4Y3TR91.png,Exposure: Introductions,Plant-based,TRUE,TRUE,Plant-based_inner,Plant-based_innerdark,Plant-based_restwash,0.9243201284335165,1.1442095851725564
vegan,Level change,1.0988488424829173,0.9375552894155159,1.0070111115647236,1.250227156494767,1.4625757775631745,1.0988488424829173,NA,NA,Restaurant,ED5J990H5VAZT,../../model_fits/finalized_redone_trunc_cp/a3_its/vegan/plots/ED5J990H5VAZT.png,Exposure: Introductions,Plant-based,TRUE,TRUE,Plant-based_inner,Plant-based_innerdark,Plant-based_restwash,1.0070111115647236,1.250227156494767
vegan,Slope change,0.46147972907580775,0.17878923678616823,0.289168614450513,0.6937059496066081,1.0099097445212388,0.46147972907580775,NA,NA,Restaurant,VLZX7K2M9QD4T,../../model_fits/finalized_redone_trunc_cp/a3_its/vegan/plots/VLZX7K2M9QD4T.png,Exposure: Introductions,Plant-based,TRUE,TRUE,Plant-based_inner,Plant-based_innerdark,Plant-based_restwash,0.289168614450513,0.6937059496066081
vegan,Slope change,1.8585274860147651,0.5698645232000378,1.043282340740574,3.1534214563702845,4.845992259033241,1.8585274860147651,NA,NA,Restaurant,SRQS8F7JWA9MZ,../../model_fits/finalized_redone_trunc_cp/a3_its/vegan/plots/SRQS8F7JWA9MZ.png,Exposure: Introductions,Plant-based,TRUE,FALSE,Plant-based_inner,Plant-based_innerdark,Plant-based_restwash,1.043282340740574,3.1534214563702845
vegan,Slope change,1.4119652100602746,0.5324608687575992,0.8220622145414275,2.5378240483557786,4.622343603690456,1.4119652100602746,NA,NA,Restaurant,SRQS8F7JWA9MZ,../../model_fits/finalized_redone_trunc_cp/a3_its/vegan/plots/SRQS8F7JWA9MZ.png,Exposure: Introductions,Plant-based,TRUE,FALSE,Plant-based_inner,Plant-based_innerdark,Plant-based_restwash,0.8220622145414275,2.5378240483557786
vegan,Slope change,0.6480032935525207,0.3722631676154913,0.5108643009068207,0.8265142173447356,1.0681415027786652,0.6480032935525207,NA,NA,Restaurant,2HRX9P6HKXA8V,../../model_fits/finalized_redone_trunc_cp/a3_its/vegan/plots/2HRX9P6HKXA8V.png,Exposure: Introductions,Plant-based,TRUE,TRUE,Plant-based_inner,Plant-based_innerdark,Plant-based_restwash,0.5108643009068207,0.8265142173447356
vegan,Slope change,0.5213034339228805,0.41368287235327256,0.4648620128462314,0.5843447716119364,0.6531036064761772,0.5213034339228805,NA,NA,Restaurant,JHDN7CF1C03X5,../../model_fits/finalized_redone_trunc_cp/a3_its/vegan/plots/JHDN7CF1C03X5.png,Exposure: Introductions,Plant-based,TRUE,TRUE,Plant-based_inner,Plant-based_innerdark,Plant-based_restwash,0.4648620128462314,0.5843447716119364
vegan,Slope change,1.0411126530872281,0.2782800849941541,0.5054006489481897,2.292396552931153,5.377660347826556,1.0411126530872281,NA,NA,Restaurant,L69HYJ4Y3TR91,../../model_fits/finalized_redone_trunc_cp/a3_its/vegan/plots/L69HYJ4Y3TR91.png,Exposure: Introductions,Plant-based,TRUE,FALSE,Plant-based_inner,Plant-based_innerdark,Plant-based_restwash,0.5054006489481897,2.292396552931153
vegan,Slope change,0.7957258993414354,0.556942973947936,0.6568148102476621,0.9737021333765313,1.187136464618914,0.7957258993414354,NA,NA,Restaurant,ED5J990H5VAZT,../../model_fits/finalized_redone_trunc_cp/a3_its/vegan/plots/ED5J990H5VAZT.png,Exposure: Introductions,Plant-based,TRUE,TRUE,Plant-based_inner,Plant-based_innerdark,Plant-based_restwash,0.6568148102476621,0.9737021333765313
