estimate,std_error,t_value,p_value,term,ci_lower,ci_upper,location_id,n_obs,n_customers,analysis,outcome_name,n_restaurants
-32.11328825134717,40.823877500060355,-0.7866300365833622,0.4314984708168907,exposure_SRQS8F7JWA9MZ_1,-112.12808815146546,47.90151164877112,SRQS8F7JWA9MZ,31899,2041,A5,vegan,NA
36.01770105416314,30.44865980729781,1.1828993880883574,0.2368490242001526,exposure_SRQS8F7JWA9MZ_2,-23.661672168140562,95.69707427646685,SRQS8F7JWA9MZ,31899,2041,A5,vegan,NA
0.004093558268262459,0.008857064449431361,0.4621800249545742,0.6439522264856494,vegan_price_real,-0.013266288052623011,0.021453404589147927,SRQS8F7JWA9MZ,31899,2041,A5,vegan,NA
-0.007507115781601905,0.004818359576226812,-1.5580231534900553,0.11922775962761108,vegetarian_price_real,-0.016951100551006456,0.0019368689878026465,SRQS8F7JWA9MZ,31899,2041,A5,vegan,NA
0.0040311432572386,0.005737398245968676,0.7026082353741161,0.482299928837284,meat_price_real,-0.007214157304860005,0.015276443819337206,SRQS8F7JWA9MZ,31899,2041,A5,vegan,NA
0.3411835582197404,0.42777571720689916,0.7975757961378688,0.42511670139122676,weekend,-0.497256847505782,1.1796239639452628,SRQS8F7JWA9MZ,31899,2041,A5,vegan,NA
0.45959619935332396,0.3728537353739902,1.2326447498033697,0.21770833346374144,holiday_window,-0.2711971219796968,1.1903895206863448,SRQS8F7JWA9MZ,31899,2041,A5,vegan,NA
0.2769672765888422,0.7042546146978755,0.3932771909597793,0.6941147627927517,month_cat2,-1.1033717682189939,1.6573063213966783,SRQS8F7JWA9MZ,31899,2041,A5,vegan,NA
0.6600708048386171,0.7934595902914617,0.8318896298123426,0.4054712458276701,month_cat3,-0.8951099921326479,2.2152516018098822,SRQS8F7JWA9MZ,31899,2041,A5,vegan,NA
0.17133894782410988,1.0786307088999898,0.1588485719999989,0.8737881796911204,month_cat4,-1.9427772416198703,2.28545513726809,SRQS8F7JWA9MZ,31899,2041,A5,vegan,NA
0.440752345981621,1.3126759023984749,0.33576631152921593,0.7370470962691642,month_cat5,-2.13209242271939,3.0135971146826317,SRQS8F7JWA9MZ,31899,2041,A5,vegan,NA
0.5862571682115651,1.9280325769596698,0.3040701569140698,0.7610744423483008,month_cat6,-3.192686682629388,4.365201019052518,SRQS8F7JWA9MZ,31899,2041,A5,vegan,NA
1.456043623327344,2.5460312746778357,0.5718875639151706,0.5673981496837592,month_cat7,-3.5341776750412146,6.446264921695902,SRQS8F7JWA9MZ,31899,2041,A5,vegan,NA
0.8772106530875694,3.0508904587700885,0.2875261058835921,0.7737095158284302,month_cat8,-5.1025346461018035,6.856955952276943,SRQS8F7JWA9MZ,31899,2041,A5,vegan,NA
0.6671266625657172,3.4085246353448944,0.1957229986393258,0.8448269822420927,month_cat9,-6.013581622710276,7.347834947841711,SRQS8F7JWA9MZ,31899,2041,A5,vegan,NA
1.0119138242524806,3.8090209061568023,0.26566244953312,0.7904991853435652,month_cat10,-6.453767151814852,8.477594800319814,SRQS8F7JWA9MZ,31899,2041,A5,vegan,NA
0.8917862769844394,4.018230620003941,0.22193506578364702,0.8243644326039579,month_cat11,-6.983945738223284,8.767518292192163,SRQS8F7JWA9MZ,31899,2041,A5,vegan,NA
0.7912229272048801,4.663521020459716,0.16966213376837824,0.8652758551292158,month_cat12,-8.349278272896164,9.931724127305923,SRQS8F7JWA9MZ,31899,2041,A5,vegan,NA
-1.728596889407915,10.345476836096058,-0.1670872127785087,0.8673014272992017,year_cat2020,-22.005731488156187,18.54853770934036,SRQS8F7JWA9MZ,31899,2041,A5,vegan,NA
-0.639657552585688,5.3940705742282224,-0.11858531396341797,0.9056039010031254,year_cat2021,-11.212035878073003,9.932720772901629,SRQS8F7JWA9MZ,31899,2041,A5,vegan,NA
-0.0048956694136496936,0.015471329158000494,-0.31643495937891397,0.7516723853890398,date_code,-0.03521947456333066,0.025428135736031275,SRQS8F7JWA9MZ,31899,2041,A5,vegan,NA
-0.04922099551185029,0.41306413093021427,-0.11916066253684468,0.9051480712862499,day_of_week_cat1,-0.8588266921350702,0.7603847011113696,SRQS8F7JWA9MZ,31899,2041,A5,vegan,NA
0.01989803657208984,0.43955762156961103,0.04526832341351785,0.9638934357981009,day_of_week_cat2,-0.8416349017043477,0.8814309748485275,SRQS8F7JWA9MZ,31899,2041,A5,vegan,NA
-0.2255553175682254,0.4679604070839626,-0.48199658380020965,0.6298083730764803,day_of_week_cat3,-1.142757715452792,0.6916470803163413,SRQS8F7JWA9MZ,31899,2041,A5,vegan,NA
0.192212768518666,0.3586255144016907,0.5359707014693091,0.5919787994578789,day_of_week_cat4,-0.5106932397086478,0.8951187767459797,SRQS8F7JWA9MZ,31899,2041,A5,vegan,NA
-0.16257689717949206,0.3174563793854521,-0.5121235789755321,0.608564523316896,day_of_week_cat5,-0.7847914007749782,0.45963760641599405,SRQS8F7JWA9MZ,31899,2041,A5,vegan,NA
0.05505416022503558,0.19950332890113634,0.2759560982178779,0.782581785912349,inflation,-0.33597236442119166,0.4460806848712628,SRQS8F7JWA9MZ,31899,2041,A5,vegan,NA
0.012889204602100739,0.017007872629053268,0.7578375545971036,0.44854823712796044,exposure_SRQS8F7JWA9MZ_1:date_code,-0.020446225750843663,0.04622463495504514,SRQS8F7JWA9MZ,31899,2041,A5,vegan,NA
-0.014120983948125691,0.012429537731182574,-1.1360827935458697,0.25592191548076765,exposure_SRQS8F7JWA9MZ_2:date_code,-0.03848287790124354,0.010240910004992153,SRQS8F7JWA9MZ,31899,2041,A5,vegan,NA
0.14904907611982915,0.6236743831645956,0.23898540671742358,0.8111168986680203,exposure_SRQS8F7JWA9MZ_1:gendermale,-1.0733527148827782,1.3714508671224364,SRQS8F7JWA9MZ,31899,2041,A5,vegan,NA
-1.5137419059871684,0.44731452884787853,-3.3840660393616626,7.142082240766467e-4,exposure_SRQS8F7JWA9MZ_2:gendermale,-2.39047838252901,-0.6370054294453265,SRQS8F7JWA9MZ,31899,2041,A5,vegan,NA
8.683076343147782,4.6794467719230894,1.8555775428938879,0.06351379709363206,exposure_2HRX9P6HKXA8V_1,-0.4886393298214724,17.854792016117038,2HRX9P6HKXA8V,13271,1964,A5,vegan,NA
-7.375774848848616e-4,5.712532005581234e-4,-1.2911568533257,0.19664929307662452,vegan_price_real,-0.0018572337579787833,3.820787882090601e-4,2HRX9P6HKXA8V,13271,1964,A5,vegan,NA
9.730573299263675e-4,0.0012520425714743712,0.7771759140589938,0.43705499052762503,vegetarian_price_real,-0.0014809461101633998,0.003427060770016135,2HRX9P6HKXA8V,13271,1964,A5,vegan,NA
-0.0033294578602092633,0.001237021578239045,-2.6915115457798997,0.00711290362317835,meat_price_real,-0.005754020153557792,-9.048955668607352e-4,2HRX9P6HKXA8V,13271,1964,A5,vegan,NA
-0.15183338226906615,0.13643012091812814,-1.1129022040534693,0.26575043335657067,weekend,-0.41923641926859734,0.11556965473046502,2HRX9P6HKXA8V,13271,1964,A5,vegan,NA
-0.7187783889743272,0.36262183960974775,-1.9821707091549527,0.04746013777563377,holiday_window,-1.4295171946094327,-0.008039583339221612,2HRX9P6HKXA8V,13271,1964,A5,vegan,NA
0.08070320986449087,0.24892070098082408,0.3242125285140826,0.7457771375583268,month_cat2,-0.4071813640579243,0.568587783786906,2HRX9P6HKXA8V,13271,1964,A5,vegan,NA
-0.4863342933239703,0.36475860700466,-1.3333045032649693,0.1824318964768284,month_cat3,-1.2012611630531038,0.22859257640516323,2HRX9P6HKXA8V,13271,1964,A5,vegan,NA
-0.3214889527185544,0.47803129041022074,-0.6725270064281145,0.501248253242162,month_cat4,-1.258430281922587,0.6154523764854782,2HRX9P6HKXA8V,13271,1964,A5,vegan,NA
-0.13112060808415707,0.656271418937743,-0.1997963103381709,0.8416398870737611,month_cat5,-1.4174125892021334,1.1551713730338191,2HRX9P6HKXA8V,13271,1964,A5,vegan,NA
-0.2351290410149074,0.8294038795821165,-0.28349160982147065,0.7768000123751284,month_cat6,-1.8607606449958556,1.3905025629660408,2HRX9P6HKXA8V,13271,1964,A5,vegan,NA
-0.37006763351429356,0.991208187438959,-0.37335005723717674,0.7088879250322209,month_cat7,-2.3128356808946533,1.572700413866066,2HRX9P6HKXA8V,13271,1964,A5,vegan,NA
-0.38958374232350224,1.168462617696705,-0.33341566638345427,0.7388205389919152,month_cat8,-2.679770473009044,1.9006029883620394,2HRX9P6HKXA8V,13271,1964,A5,vegan,NA
-0.6303777366837108,1.3043358267410656,-0.4832940441870207,0.6288869683076068,month_cat9,-3.1868759570961993,1.926120483728778,2HRX9P6HKXA8V,13271,1964,A5,vegan,NA
-0.6076139827911794,1.4848600020665772,-0.40920624297612107,0.6823883132825996,month_cat10,-3.5179395868416705,2.302711621259312,2HRX9P6HKXA8V,13271,1964,A5,vegan,NA
-0.7484084221630491,1.6059318788062367,-0.466027502187313,0.6411958149072883,month_cat11,-3.8960349046232734,2.3992180602971747,2HRX9P6HKXA8V,13271,1964,A5,vegan,NA
-0.9732173195584783,1.773204475082903,-0.5488466407761448,0.5831106992794148,month_cat12,-4.448698090720969,2.5022634516040116,2HRX9P6HKXA8V,13271,1964,A5,vegan,NA
2.613545448358571,5.796952180721576,0.4508481986534603,0.6520989603861507,year_cat2019,-8.748480825855719,13.975571722572859,2HRX9P6HKXA8V,13271,1964,A5,vegan,NA
1.7323013306910913,3.9812999996345435,0.43510946948235624,0.6634829702670877,year_cat2020,-6.071046668592614,9.535649329974797,2HRX9P6HKXA8V,13271,1964,A5,vegan,NA
0.6865624339152632,2.0648000534948197,0.33250795046871867,0.7395057372980061,year_cat2021,-3.360445670934583,4.733570538765109,2HRX9P6HKXA8V,13271,1964,A5,vegan,NA
0.0073056735398646395,0.004885215547926928,1.495465956044631,0.1347928783536905,date_code,-0.0022693489340721382,0.01688069601380142,2HRX9P6HKXA8V,13271,1964,A5,vegan,NA
0.21395742632924586,0.15573271597943852,1.3738759064440562,0.1694802106685385,day_of_week_cat1,-0.09127869699045366,0.5191935496489454,2HRX9P6HKXA8V,13271,1964,A5,vegan,NA
-0.19385067445544912,0.13636800847619868,-1.4215260354798194,0.1551638901858765,day_of_week_cat2,-0.46113197106879855,0.0734306221579003,2HRX9P6HKXA8V,13271,1964,A5,vegan,NA
-0.14637525970309748,0.1410208168735217,-1.0379691661719563,0.2992844103266645,day_of_week_cat3,-0.4227760607752,0.13002554136900504,2HRX9P6HKXA8V,13271,1964,A5,vegan,NA
-0.1773143743482311,0.16234561657225707,-1.092203030128083,0.2747438709240331,day_of_week_cat4,-0.495511782829855,0.14088303413339276,2HRX9P6HKXA8V,13271,1964,A5,vegan,NA
-0.14304360428180055,0.14610562415527753,-0.9790424229650274,0.32755901863948694,day_of_week_cat5,-0.42941062762614446,0.1433234190625434,2HRX9P6HKXA8V,13271,1964,A5,vegan,NA
-0.009081683045172352,0.050551709109356135,-0.17965135512087976,0.8574262849642258,inflation,-0.10816303289951038,0.08999966680916568,2HRX9P6HKXA8V,13271,1964,A5,vegan,NA
-0.004446046888381451,0.002379495882358012,-1.8684826989385444,0.061694819454085136,exposure_2HRX9P6HKXA8V_1:date_code,-0.009109858817803154,2.177650410402519e-4,2HRX9P6HKXA8V,13271,1964,A5,vegan,NA
0.1656743604346755,0.14621883036026204,1.1330576234707792,0.25719005551999036,exposure_2HRX9P6HKXA8V_1:gendermale,-0.12091454707143809,0.4522632679407891,2HRX9P6HKXA8V,13271,1964,A5,vegan,NA
-80.89270915923407,40.00358448604196,-2.0221365209774924,0.04316224999749081,exposure_L69HYJ4Y3TR91_1,-159.29973475187631,-2.485683566591831,L69HYJ4Y3TR91,4965,472,A5,vegan,NA
9.919653288900654e-4,9.474858015849927e-4,1.0469447956166367,0.2951250398921957,vegan_price_real,-8.651068422165203e-4,0.0028490374999966513,L69HYJ4Y3TR91,4965,472,A5,vegan,NA
-3.674264689601525e-4,0.0021580096497508185,-0.17026173585580517,0.8648043022009927,vegetarian_price_real,-0.004597125382471757,0.003862272444551452,L69HYJ4Y3TR91,4965,472,A5,vegan,NA
5.47344929380536e-4,0.0014610614438654611,0.37462143134271714,0.7079420320004999,meat_price_real,-0.0023163355005957676,0.0034110253593568397,L69HYJ4Y3TR91,4965,472,A5,vegan,NA
0.0025752385695732016,0.18468070341512852,0.013944275292175682,0.9888744385815337,weekend,-0.3593989401240787,0.3645494172632251,L69HYJ4Y3TR91,4965,472,A5,vegan,NA
-0.4632433545689878,0.5431679606336928,-0.8528547118805386,0.3937398789202971,holiday_window,-1.5278525574110255,0.60136584827305,L69HYJ4Y3TR91,4965,472,A5,vegan,NA
-0.11116402293185956,0.3058601403818268,-0.36344723700540277,0.7162708206567312,month_cat2,-0.71064989808024,0.4883218522165209,L69HYJ4Y3TR91,4965,472,A5,vegan,NA
-0.9403001103345332,0.5340138644224108,-1.7608159131815078,0.0782695655702608,month_cat3,-1.9869672846024584,0.10636706393339201,L69HYJ4Y3TR91,4965,472,A5,vegan,NA
-0.9607195047352661,0.7403471000492773,-1.2976609277882238,0.1944038755806647,month_cat4,-2.41179982083185,0.4903608113613174,L69HYJ4Y3TR91,4965,472,A5,vegan,NA
-1.0134296005901433,1.0730693987617002,-0.9444213037475675,0.3449543992038547,month_cat5,-3.1166456221630754,1.0897864209827888,L69HYJ4Y3TR91,4965,472,A5,vegan,NA
-1.2275197279041095,1.256894568892029,-0.976629033401096,0.3287528401301555,month_cat6,-3.691033082932486,1.2359936271242673,L69HYJ4Y3TR91,4965,472,A5,vegan,NA
-1.8520772419192326,1.1456359427809164,-1.6166368152028303,0.10595670016970982,month_cat8,-4.097523689769829,0.3933692059313634,L69HYJ4Y3TR91,4965,472,A5,vegan,NA
-1.8759395886715993,0.9308172793584965,-2.0153682471005108,0.04386607889989428,month_cat9,-3.700341456214252,-0.05153772112894628,L69HYJ4Y3TR91,4965,472,A5,vegan,NA
-1.1339266083806478,0.7615711832253822,-1.4889305600801197,0.13650565521045271,month_cat10,-2.626606127502397,0.35875291074110116,L69HYJ4Y3TR91,4965,472,A5,vegan,NA
-0.9360423898028216,0.45996639862894595,-2.0350234116947425,0.041848517350922994,month_cat11,-1.8375765311155556,-0.0345082484900876,L69HYJ4Y3TR91,4965,472,A5,vegan,NA
-0.18053090610226263,0.3426564179349003,-0.5268569233002396,0.5982929497749834,month_cat12,-0.8521374852546673,0.491075673050142,L69HYJ4Y3TR91,4965,472,A5,vegan,NA
-0.01753421454507631,0.008240763246638059,-2.1277415720236412,0.03335851608406817,date_code,-0.033686110508486904,-0.001382318581665716,L69HYJ4Y3TR91,4965,472,A5,vegan,NA
0.04817787968035603,0.20642582124413908,0.23339076182420135,0.8154579861192288,day_of_week_cat1,-0.35641672995815654,0.4527724893188686,L69HYJ4Y3TR91,4965,472,A5,vegan,NA
-0.3108552638273405,0.1799066467404007,-1.7278698117023676,0.08401156770028767,day_of_week_cat2,-0.6634722914385258,0.04176176378384483,L69HYJ4Y3TR91,4965,472,A5,vegan,NA
-0.19985974692280628,0.20154363381485446,-0.9916450504529701,0.32137070486695507,day_of_week_cat3,-0.594885269199921,0.19516577535430846,L69HYJ4Y3TR91,4965,472,A5,vegan,NA
0.0862636683804503,0.1439759686161136,0.5991532420973468,0.5490706999416929,day_of_week_cat4,-0.1959292301071323,0.3684565668680329,L69HYJ4Y3TR91,4965,472,A5,vegan,NA
-0.22386144626168392,0.20004081664774023,-1.1190788460731511,0.2631065035517763,day_of_week_cat5,-0.6159414468912547,0.1682185543678869,L69HYJ4Y3TR91,4965,472,A5,vegan,NA
0.024310585643320337,0.011993130547876348,2.027042526242247,0.04265806377767286,exposure_L69HYJ4Y3TR91_1:date_code,8.040497694826974e-4,0.04781712151715797,L69HYJ4Y3TR91,4965,472,A5,vegan,NA
-0.20936545761427183,0.27457651171931624,-0.7625031591496584,0.44575975837330534,exposure_L69HYJ4Y3TR91_1:gendermale,-0.7475354205841317,0.32880450535558803,L69HYJ4Y3TR91,4965,472,A5,vegan,NA
17.918705864902016,11.674989020712832,1.5347942369035277,0.12483437887799247,exposure_ED5J990H5VAZT_1,-4.964272615695137,40.80168434549917,ED5J990H5VAZT,16649,1359,A5,vegan,NA
-0.0011485993534958612,2.906988905185865e-4,-3.9511652467845346,7.777159952358373e-5,vegan_price_real,-0.0017183691789122908,-5.788295280794317e-4,ED5J990H5VAZT,16649,1359,A5,vegan,NA
5.851561138163937e-4,6.367123133942002e-4,0.9190274814963612,0.35808119809457656,vegetarian_price_real,-6.628000204362387e-4,0.001833112248069026,ED5J990H5VAZT,16649,1359,A5,vegan,NA
-7.720734683707292e-4,4.4816396097325335e-4,-1.7227477789469263,0.08493414600024421,meat_price_real,-0.0016504748318783057,1.0632789513684738e-4,ED5J990H5VAZT,16649,1359,A5,vegan,NA
0.19745055697553338,0.1983285565101148,0.9955730049669542,0.3194576564498143,weekend,-0.19127341378429163,0.5861745277353584,ED5J990H5VAZT,16649,1359,A5,vegan,NA
0.081871435114474575,0.17895438723735366,0.45749889890034123,0.6473124935453627,holiday_window,-0.26887916387073857,0.43262203409968775,ED5J990H5VAZT,16649,1359,A5,vegan,NA
0.03445168550025969,0.30697598520859704,0.11222925297185381,0.9106416351676063,month_cat2,-0.5672212455085905,0.6361246165091099,ED5J990H5VAZT,16649,1359,A5,vegan,NA
-0.34292114654716477,0.3765158447042394,-0.9107748090031539,0.36241403810511363,month_cat3,-1.0808922021674738,0.3950499090731444,ED5J990H5VAZT,16649,1359,A5,vegan,NA
-0.6201247283155857,0.5561659329376992,-1.1149994841288688,0.2648506427903912,month_cat4,-1.710209956873476,0.4699605002423046,ED5J990H5VAZT,16649,1359,A5,vegan,NA
-1.4957867441637203,0.7579931621584746,-1.9733512369746078,0.04845555916449968,month_cat5,-2.9814533419943303,-0.010120146333110203,ED5J990H5VAZT,16649,1359,A5,vegan,NA
-2.0256134548513165,0.9621554918402542,-2.1052870061335445,0.03526633250419851,month_cat6,-3.9114382188582146,-0.13978869084441836,ED5J990H5VAZT,16649,1359,A5,vegan,NA
-2.208696599687626,1.2133280069285657,-1.8203623315996385,0.06870384485413043,month_cat7,-4.5868194932676145,0.16942629389236252,ED5J990H5VAZT,16649,1359,A5,vegan,NA
-2.494580578674958,1.3347875176665511,-1.8688971432965855,0.0616371258464378,month_cat8,-5.110764113301398,0.12160295595148218,ED5J990H5VAZT,16649,1359,A5,vegan,NA
-3.211314430435232,1.6019062576014262,-2.0046831175025264,0.04499693449030188,month_cat9,-6.3510506953340276,-0.0715781655364367,ED5J990H5VAZT,16649,1359,A5,vegan,NA
-3.614533240212546,1.7813204989402671,-2.029131333953033,0.04244491516720303,month_cat10,-7.10592141813547,-0.12314506228962241,ED5J990H5VAZT,16649,1359,A5,vegan,NA
-3.7461698064678197,1.9093791789984627,-1.9619831658753182,0.04976444418821989,month_cat11,-7.488552997304806,-0.0037866156308328236,ED5J990H5VAZT,16649,1359,A5,vegan,NA
-4.344299792542497,2.0855787679072453,-2.0830188048479914,0.0372495095090025,month_cat12,-8.432034177640698,-0.25656540744429623,ED5J990H5VAZT,16649,1359,A5,vegan,NA
36.07849806270684,15.619272537337878,2.309870576652093,0.02089532047727503,year_cat2016,5.464723889524603,66.69227223588908,ED5J990H5VAZT,16649,1359,A5,vegan,NA
30.827665804968188,13.523685571424918,2.2795313926926832,0.022635496038895073,year_cat2017,4.321242084975349,57.33408952496103,ED5J990H5VAZT,16649,1359,A5,vegan,NA
25.46834343251808,11.293270541891943,2.2551787224121003,0.024122112926453897,year_cat2018,3.333533170409872,47.603153694626286,ED5J990H5VAZT,16649,1359,A5,vegan,NA
20.94453417277467,9.006067085827421,2.3256027268256148,0.020039753981653256,year_cat2019,3.2926426845529235,38.59642566099642,ED5J990H5VAZT,16649,1359,A5,vegan,NA
15.580846653165665,6.701693839733506,2.324911735118183,0.020076680352866055,year_cat2020,2.4455267272879926,28.71616657904334,ED5J990H5VAZT,16649,1359,A5,vegan,NA
9.923693949511293,4.376589901843651,2.2674488979035727,0.023362817283308076,year_cat2021,1.3455777418977366,18.50181015712485,ED5J990H5VAZT,16649,1359,A5,vegan,NA
4.984445324163562,2.2360325559025975,2.229147026954417,0.02580412379964203,year_cat2022,0.6018215145944703,9.367069133732652,ED5J990H5VAZT,16649,1359,A5,vegan,NA
0.009261305254098438,0.005193831098859514,1.7831356233613525,0.07456422878591284,date_code,-9.186036996662091e-4,0.019441214207863086,ED5J990H5VAZT,16649,1359,A5,vegan,NA
-0.02866778625511439,0.18893294100712923,-0.15173524586182477,0.8793957568491199,day_of_week_cat1,-0.3989763506290877,0.3416407781188589,ED5J990H5VAZT,16649,1359,A5,vegan,NA
0.13702270383262613,0.1829538823724264,0.7489466856663834,0.4538893400271683,day_of_week_cat2,-0.22156690561732964,0.49561231328258193,ED5J990H5VAZT,16649,1359,A5,vegan,NA
0.3049105145045519,0.20136069989046712,1.51425037095328,0.12996235061210834,day_of_week_cat3,-0.08975645728076365,0.6995774862898675,ED5J990H5VAZT,16649,1359,A5,vegan,NA
0.0031845693323275187,0.20347454380545282,0.015650947154216825,0.9875128606977199,day_of_week_cat4,-0.39562553652636,0.40199467519101506,ED5J990H5VAZT,16649,1359,A5,vegan,NA
0.09374540518903152,0.13630992843625328,0.6877371756003269,0.4916183048676654,day_of_week_cat5,-0.17342205454602488,0.3609128649240879,ED5J990H5VAZT,16649,1359,A5,vegan,NA
0.15687644254182223,0.06718546361286158,2.334975962148317,0.01954467651355545,inflation,0.025192933860613526,0.2885599512230309,ED5J990H5VAZT,16649,1359,A5,vegan,NA
-0.006252528952041681,0.004083255041838828,-1.5312609396120298,0.12570491508123255,exposure_ED5J990H5VAZT_1:date_code,-0.014255708834045783,0.0017506509299624216,ED5J990H5VAZT,16649,1359,A5,vegan,NA
0.17522330109696221,0.3428296273054262,0.5111089799157181,0.609274748305694,exposure_ED5J990H5VAZT_1:gendermale,-0.4967227684216731,0.8471693706155976,ED5J990H5VAZT,16649,1359,A5,vegan,NA
-0.4533895235081468,0.33092665938851346,-1.3700604367926124,0.17066803651257448,any_exposureTRUE,-1.1020057759096331,0.19522672889333953,pooled,66784,5836,A5,vegan,4
-0.0010494733455284132,1.1001761284213354e-4,-9.539139401564032,1.4402247868350606e-21,vegan_price_real,-0.0012651078666989948,-8.338388243578314e-4,pooled,66784,5836,A5,vegan,4
5.879680916551292e-5,3.071538262552039e-4,0.19142463527919917,0.848192920764752,vegetarian_price_real,-5.432246902946868e-4,6.608183086257125e-4,pooled,66784,5836,A5,vegan,4
-0.0010503231597814575,3.620039906062848e-4,-2.901413208242193,0.003714836699167399,meat_price_real,-0.0017598509813697757,-3.4079533819313937e-4,pooled,66784,5836,A5,vegan,4
0.05377355240799931,0.15179210986894195,0.3542578889932267,0.7231456236626604,weekend,-0.2437389829351269,0.3512860877511255,pooled,66784,5836,A5,vegan,4
-0.1025243840338523,0.23128832593061613,-0.4432752220473439,0.6575666756807284,holiday_window,-0.55584950285786,0.3508007347901553,pooled,66784,5836,A5,vegan,4
0.24645461225771056,0.1314979267256342,1.8742091103225484,0.060901608944303125,month_cat2,-0.01128132412453245,0.5041905486399536,pooled,66784,5836,A5,vegan,4
0.0335557884821467,0.31655017176951483,0.10600464468103084,0.9155786670303006,month_cat3,-0.5868825481861024,0.6539941251503958,pooled,66784,5836,A5,vegan,4
0.28756134613297013,0.39314102426727376,0.731445787599805,0.4645069064693115,month_cat4,-0.48299506143088644,1.0581177536968267,pooled,66784,5836,A5,vegan,4
0.3414022217823832,0.6616555948145136,0.5159817652234783,0.6058671450061527,month_cat5,-0.9554427440540635,1.63824718761883,pooled,66784,5836,A5,vegan,4
0.20572114127830007,0.8260893454021937,0.24903013508562047,0.8033374711325649,month_cat6,-1.4134139757099997,1.8248562582665997,pooled,66784,5836,A5,vegan,4
0.24692056950368835,0.9611269404841473,0.2569073439761322,0.7972503011465425,month_cat7,-1.6368882338452404,2.130729372852617,pooled,66784,5836,A5,vegan,4
0.33835203367764394,1.059400017378391,0.3193808081247115,0.7494377622733184,month_cat8,-1.7380720003840027,2.4147760677392904,pooled,66784,5836,A5,vegan,4
0.1497165915365278,1.2823341822134835,0.11675317839386966,0.9070556481326838,month_cat9,-2.3636584056018997,2.6630915886749555,pooled,66784,5836,A5,vegan,4
0.07562017948879149,1.4239188936778502,0.05310708343329274,0.9576465876557604,month_cat10,-2.7152608521197945,2.8665012110973778,pooled,66784,5836,A5,vegan,4
0.11345533898270209,1.446412492254565,0.07843913101570077,0.9374787473537145,month_cat11,-2.721513145836245,2.948423823801649,pooled,66784,5836,A5,vegan,4
0.11546311475138725,1.7729335727467856,0.0651254601561307,0.9480741091860383,month_cat12,-3.359486687832313,3.590412917335087,pooled,66784,5836,A5,vegan,4
3.348449737690534,12.881629483838926,0.2599399200148896,0.7949101176605726,year_cat2016,-21.89954405063376,28.596443526014827,pooled,66784,5836,A5,vegan,4
2.5680153960325565,11.0209563255333,0.2330120290997788,0.8157520649725577,year_cat2017,-19.03305900201271,24.169089794077824,pooled,66784,5836,A5,vegan,4
1.8971879261688331,9.15934071590732,0.20713149395937705,0.8359071667830115,year_cat2018,-16.055119877009513,19.84949572934718,pooled,66784,5836,A5,vegan,4
2.078712056479822,7.3147187761042085,0.2841820882124106,0.7762708413766218,year_cat2019,-12.258136744684425,16.41556085764407,pooled,66784,5836,A5,vegan,4
2.0303812303882176,5.3474760100996805,0.3796896379812595,0.7041758128685045,year_cat2020,-8.450671749407157,12.511434210183591,pooled,66784,5836,A5,vegan,4
1.6131818261591468,3.4715522218325945,0.46468603180267465,0.6421563127360108,year_cat2021,-5.191060528632738,8.417424180951032,pooled,66784,5836,A5,vegan,4
1.5066583990153064,1.525247794771861,0.9878122126645428,0.32324462528872117,year_cat2022,-1.482827278737541,4.496144076768154,pooled,66784,5836,A5,vegan,4
-4.879483928179735e-4,0.004901272083377204,-0.09955545917821285,0.9206972565022049,date_code,-0.010094441676237293,0.009118544890601347,pooled,66784,5836,A5,vegan,4
0.05180623851176333,0.03202280335770349,1.6177921068643946,0.10570740800955156,day_of_week_cat1,-0.010958456069335501,0.11457093309286216,pooled,66784,5836,A5,vegan,4
-0.027877014032773505,0.1173426156453667,-0.2375693935187496,0.8122150913642596,day_of_week_cat2,-0.2578685406976922,0.20211451263214522,pooled,66784,5836,A5,vegan,4
0.060518595107668736,0.13064824200164374,0.46321782965060737,0.643208237407116,day_of_week_cat3,-0.195551959215553,0.31658914943089045,pooled,66784,5836,A5,vegan,4
0.009156517275045224,0.07974752732367386,0.1148188236342598,0.9085887286294714,day_of_week_cat4,-0.14714863627935557,0.165461670829446,pooled,66784,5836,A5,vegan,4
-0.03544401119892449,0.05371624802258587,-0.6598378052022822,0.5093579197929786,day_of_week_cat5,-0.1407278573231928,0.06983983492534382,pooled,66784,5836,A5,vegan,4
0.015655354773169598,0.017763283578819383,0.8813322550250089,0.3781380128929162,inflation,-0.01916068104131639,0.05047139058765558,pooled,66784,5836,A5,vegan,4
3.086111237068637e-4,1.5372033910762036e-4,2.0076141224929485,0.04468431266611578,any_exposureTRUE:date_code,7.319259055927794e-6,6.099029883577995e-4,pooled,66784,5836,A5,vegan,4
0.005952066186244466,0.1468036715515914,0.04054439594961168,0.9676591132712722,any_exposureTRUE:gendermale,-0.2817831300548747,0.2936872624273636,pooled,66784,5836,A5,vegan,4
