outcome,exposure_group,exposure_type,mean,mean_exp,mean_exp_p10,q2.5,q97.5,rhat,estimate_type,restaurant_id,pred_path,color_group,step_size
total,mpbamod,Count,0.0307850621972,1.0312638224834076,1.0030832496863407,-0.108261675,0.1464438,1.02461036892935,Pooled,POOLED,NA,Total,0.05714285714285715
total,mpbamod,Proportion,0.221759154955,1.2482707018442143,1.0224236288105444,-0.8852469,1.26796575,1.0119905071951,Pooled,POOLED,NA,Total,0.05714285714285715
total,vegan,Count,0.1876410516495,1.2064004021872203,1.018941257285173,-0.152954375,0.486431475,1.03217282885731,Pooled,POOLED,NA,Total,0.05714285714285715
total,vegan,Proportion,0.87409443489875,2.396703939518421,1.0913434317155217,-0.30140645,1.997581,1.0128693353444,Pooled,POOLED,NA,Total,0.05714285714285715
total,vegetarian,Count,0.044727462589425,1.0457428170285767,1.0044827639184053,0.00330644475,0.10023435,1.02545796645636,Pooled,POOLED,NA,Total,0.05714285714285715
total,vegetarian,Proportion,0.9358230513175,2.5493108081264553,1.0981009789678084,-0.12788695,1.794771,1.00789984355775,Pooled,POOLED,NA,Total,0.05714285714285715
nonvegan,mpbamod,Count,0.021734075584225,1.0219719810304606,1.0021757711206478,-0.232290425,0.14399885,1.02172248153063,Pooled,POOLED,NA,Animal,0.05714285714285715
nonvegan,mpbamod,Proportion,0.1658963072635,1.18045069121437,1.0167280027715393,-0.897550575,1.0367735,1.01120456600385,Pooled,POOLED,NA,Animal,0.05714285714285715
nonvegan,vegan,Count,0.158486085551775,1.1717356200571498,1.0159748638602124,-0.21899525,0.4783585,1.0608545877844,Pooled,POOLED,NA,Animal,0.05714285714285715
nonvegan,vegan,Proportion,0.68973722198825,1.9931916974685377,1.0714080545305928,-0.44256995,1.7806285,1.01629986066628,Pooled,POOLED,NA,Animal,0.05714285714285715
nonvegan,vegetarian,Count,0.04279268093005,1.0437214890504662,1.004288437235118,-0.0124678925,0.095619685,1.018935244326,Pooled,POOLED,NA,Animal,0.05714285714285715
nonvegan,vegetarian,Proportion,0.72477785501675,2.064272481252678,1.0751689214866582,-0.0436157125,1.5159475,1.03647430644444,Pooled,POOLED,NA,Animal,0.05714285714285715
meat,mpbamod,Count,0.019912121231925,1.0201116899290337,1.0019931959025423,-0.0826231375,0.131613425,1.02193288153117,Pooled,POOLED,NA,Animal,0.05714285714285715
meat,mpbamod,Proportion,0.5215024297555,1.6845566774569156,1.0535340167087874,-0.316406725,1.1966625,1.00550860518848,Pooled,POOLED,NA,Animal,0.05714285714285715
meat,vegan,Count,0.20236463549275,1.2242943479035666,1.020442608981126,-0.184250625,0.61504065,1.02580915992028,Pooled,POOLED,NA,Animal,0.05714285714285715
meat,vegan,Proportion,0.12744595409674,1.135923474571921,1.012826153874008,-1.11961475,1.39765675,1.03274237024917,Pooled,POOLED,NA,Animal,0.05714285714285715
meat,vegetarian,Count,0.0222066233362025,1.0224550257145315,1.0022231298303745,-0.023736375,0.0689370675,1.00522769877255,Pooled,POOLED,NA,Animal,0.05714285714285715
meat,vegetarian,Proportion,-0.5718000548385,0.5645083775548516,0.9444240525564633,-1.513593,0.518990175,1.0492220139393,Pooled,POOLED,NA,Animal,0.05714285714285715
chicken_fish,mpbamod,Count,0.00577864642968167,1.005795375014297,1.0005780316389064,-0.0991209725,0.0956085474999997,1.00768572338554,Pooled,POOLED,NA,Animal,0.06666666666666667
chicken_fish,mpbamod,Proportion,0.30799159983397,1.3606895588709331,1.0312783611227707,-1.2633875,1.70427625,1.00078508186701,Pooled,POOLED,NA,Animal,0.06666666666666667
chicken_fish,vegan,Count,0.108706688404667,1.1148353082583762,1.010929969244541,-0.16398505,0.40814685,1.00287070629228,Pooled,POOLED,NA,Animal,0.06666666666666667
chicken_fish,vegan,Proportion,-0.205232374846167,0.8144580348595706,0.9796859307732645,-1.65760275,1.323639,1.00320238999202,Pooled,POOLED,NA,Animal,0.06666666666666667
chicken_fish,vegetarian,Count,0.0692846234446,1.0717412084157751,1.0069525196676816,-0.07562966,0.24916155,1.03072467010167,Pooled,POOLED,NA,Animal,0.06666666666666667
chicken_fish,vegetarian,Proportion,-0.7306225997905,0.4816090470358625,0.9295429548992612,-2.349263,1.04958125,1.00229954706793,Pooled,POOLED,NA,Animal,0.06666666666666667
vegetarian,mpbamod,Count,0.0547714335586475,1.0562991525431749,1.0054921703279687,-0.201456425,0.273583325,1.06608340023127,Pooled,POOLED,NA,Plant-based,0.05714285714285715
vegetarian,mpbamod,Proportion,-0.08045111354675,0.9227000100121042,0.9919871639428958,-1.52423875,1.3359705,1.00511630939998,Pooled,POOLED,NA,Plant-based,0.05714285714285715
vegetarian,vegan,Count,0.169237861055275,1.184401828489947,1.0170678046729804,-0.067863025,0.426289125,1.02376963831623,Pooled,POOLED,NA,Plant-based,0.05714285714285715
vegetarian,vegan,Proportion,0.9764075231025,2.654901417455102,1.1025666194411383,0.0783076475000001,1.94249175,1.04992891750951,Pooled,POOLED,NA,Plant-based,0.05714285714285715
vegetarian,vegetarian,Count,0.0634897960781,1.0655486129711669,1.0063691771007055,-0.029189135,0.153325825,1.01351505101277,Pooled,POOLED,NA,Plant-based,0.05714285714285715
vegetarian,vegetarian,Proportion,1.8860931210685,6.593558061316948,1.2075690776922234,0.57369865,2.6212325,1.03788168003397,Pooled,POOLED,NA,Plant-based,0.05714285714285715
vegan,mpbamod,Count,0.03951036083625,1.0403012772203055,1.0039588517165847,-0.09515064,0.1719943,1.00976359991991,Pooled,POOLED,NA,Plant-based,0.05714285714285715
vegan,mpbamod,Proportion,0.0072937928395,1.0073204573355066,1.0007296453457026,-1.1695455,1.1867855,1.01584512445743,Pooled,POOLED,NA,Plant-based,0.05714285714285715
vegan,vegan,Count,0.126576163521,1.1349358885977252,1.012738063040742,-0.0881352975,0.3659422,1.01367583470913,Pooled,POOLED,NA,Plant-based,0.06666666666666667
vegan,vegan,Proportion,1.52601324297667,4.599801925880072,1.1648604847857311,0.19023315,2.55692725,1.00076641190236,Pooled,POOLED,NA,Plant-based,0.06666666666666667
vegan,vegetarian,Count,0.04886597446098,1.0500796038234819,1.0048985563348882,-0.0108371075,0.11390195,1.02697827685503,Pooled,POOLED,NA,Plant-based,0.05714285714285715
vegan,vegetarian,Proportion,1.26185195176,3.5319564472411122,1.134492251321396,0.2246477,2.17138925,1.01170145582976,Pooled,POOLED,NA,Plant-based,0.05714285714285715
total,mpbamod,Count,-0.10536051565782628,NA,0.9898709119458416,-0.2744368457017603,0.04879016416943205,1.0026710443279,Restaurant,2HRX9P6HKXA8V,../../model_fits/finalized_redone_trunc/a1_proportion/total/mpbamod_dishes_count/plots/2HRX9P6HKXA8V.png,Total,0.05714285714285715
total,mpbamod,Count,0.01980262729617973,NA,1.0021405276335686,0.009950330853168092,0.03922071315328133,1.0049037414506,Restaurant,ED5J990H5VAZT,../../model_fits/finalized_redone_trunc/a1_proportion/total/mpbamod_dishes_count/plots/ED5J990H5VAZT.png,Total,0.05714285714285715
total,mpbamod,Count,0,NA,1.00014438629271,-0.030459207484708574,0.02955880224154443,1.00150769986479,Restaurant,JHDN7CF1C03X5,../../model_fits/finalized_redone_trunc/a1_proportion/total/mpbamod_dishes_count/plots/JHDN7CF1C03X5.png,Total,0.05714285714285715
total,mpbamod,Count,0.09531017980432493,NA,1.0091411802514505,-0.020202707317519466,0.2151113796169455,1.00184208186749,Restaurant,L69HYJ4Y3TR91,../../model_fits/finalized_redone_trunc/a1_proportion/total/mpbamod_dishes_count/plots/L69HYJ4Y3TR91.png,Total,0.05714285714285715
total,mpbamod,Count,0.1823215567939546,NA,1.0181075886112223,0.11332868530700327,0.2468600779315258,1.0008533834341,Restaurant,SRQS8F7JWA9MZ,../../model_fits/finalized_redone_trunc/a1_proportion/total/mpbamod_dishes_count/plots/SRQS8F7JWA9MZ.png,Total,0.05714285714285715
total,mpbamod,Count,0.01980262729617973,NA,1.0016418248875791,0,0.03922071315328133,1.00196972669011,Restaurant,W8T41JZK0ZMEP,../../model_fits/finalized_redone_trunc/a1_proportion/total/mpbamod_dishes_count/plots/W8T41JZK0ZMEP.png,Total,0.05714285714285715
total,mpbamod,Proportion,-0.916290731874155,NA,0.9131853653834298,-3.912023005428146,1.1786549963416462,1.00352921596288,Restaurant,2HRX9P6HKXA8V,../../model_fits/finalized_redone_trunc/a1_proportion/total/mpbamod_dishes_prop/plots/2HRX9P6HKXA8V.png,Total,0.05714285714285715
total,mpbamod,Proportion,0.3364722366212129,NA,1.0339461697778511,-0.01005033585350145,0.6678293725756554,1.00188846561414,Restaurant,ED5J990H5VAZT,../../model_fits/finalized_redone_trunc/a1_proportion/total/mpbamod_dishes_prop/plots/ED5J990H5VAZT.png,Total,0.05714285714285715
total,mpbamod,Proportion,-0.5108256237659907,NA,0.9505939231255488,-1.7147984280919266,0.5306282510621704,1.00137827362729,Restaurant,JHDN7CF1C03X5,../../model_fits/finalized_redone_trunc/a1_proportion/total/mpbamod_dishes_prop/plots/JHDN7CF1C03X5.png,Total,0.05714285714285715
total,mpbamod,Proportion,0.7227059828014898,NA,1.075123951169111,-1.5141277326297755,3.170945291110651,1.00458559499168,Restaurant,L69HYJ4Y3TR91,../../model_fits/finalized_redone_trunc/a1_proportion/total/mpbamod_dishes_prop/plots/L69HYJ4Y3TR91.png,Total,0.05714285714285715
total,mpbamod,Proportion,1.6770965609079151,NA,1.1826734965518264,1.0296194171811581,2.330200260027019,1.0022502494334,Restaurant,SRQS8F7JWA9MZ,../../model_fits/finalized_redone_trunc/a1_proportion/total/mpbamod_dishes_prop/plots/SRQS8F7JWA9MZ.png,Total,0.05714285714285715
total,mpbamod,Proportion,0.5306282510621704,NA,1.054188042614749,-0.4155154439616658,1.501852701754163,1.00965394997035,Restaurant,W8T41JZK0ZMEP,../../model_fits/finalized_redone_trunc/a1_proportion/total/mpbamod_dishes_prop/plots/W8T41JZK0ZMEP.png,Total,0.05714285714285715
total,vegan,Count,0.009950330853168092,NA,1.000679701139346,-0.08338160893905101,0.09531017980432493,1.00281047969083,Restaurant,2HRX9P6HKXA8V,../../model_fits/finalized_redone_trunc/a1_proportion/total/vegan_dishes_count/plots/2HRX9P6HKXA8V.png,Total,0.05714285714285715
total,vegan,Count,0.23901690047049992,NA,1.0245870402772568,0.1906203596086497,0.30010459245033816,1.00026077781128,Restaurant,ED5J990H5VAZT,../../model_fits/finalized_redone_trunc/a1_proportion/total/vegan_dishes_count/plots/ED5J990H5VAZT.png,Total,0.05714285714285715
total,vegan,Count,-0.01005033585350145,NA,0.9993484108026519,-0.020202707317519466,0.009950330853168092,0.999712589331484,Restaurant,JHDN7CF1C03X5,../../model_fits/finalized_redone_trunc/a1_proportion/total/vegan_dishes_count/plots/JHDN7CF1C03X5.png,Total,0.05714285714285715
total,vegan,Count,0.11332868530700327,NA,1.0111765292632262,0.058268908123975824,0.16551443847757333,1.0009647506042,Restaurant,L69HYJ4Y3TR91,../../model_fits/finalized_redone_trunc/a1_proportion/total/vegan_dishes_count/plots/L69HYJ4Y3TR91.png,Total,0.05714285714285715
total,vegan,Count,0.8671004876833833,NA,1.0903910573116884,0.7178397931503168,1.0152306797290584,1.00069196801761,Restaurant,SRQS8F7JWA9MZ,../../model_fits/finalized_redone_trunc/a1_proportion/total/vegan_dishes_count/plots/SRQS8F7JWA9MZ.png,Total,0.05714285714285715
total,vegan,Count,0.02955880224154443,NA,1.0027966834588316,0.009950330853168092,0.03922071315328133,1.00055489865228,Restaurant,W8T41JZK0ZMEP,../../model_fits/finalized_redone_trunc/a1_proportion/total/vegan_dishes_count/plots/W8T41JZK0ZMEP.png,Total,0.05714285714285715
total,vegan,Proportion,0.02955880224154443,NA,1.0025649893879116,-1.6094379124341003,1.6272778305624314,1.00175909152119,Restaurant,2HRX9P6HKXA8V,../../model_fits/finalized_redone_trunc/a1_proportion/total/vegan_dishes_prop/plots/2HRX9P6HKXA8V.png,Total,0.05714285714285715
total,vegan,Proportion,1.5390154481375546,NA,1.1663776715350773,0.4885800148186709,2.578700529074361,1.00146393014038,Restaurant,ED5J990H5VAZT,../../model_fits/finalized_redone_trunc/a1_proportion/total/vegan_dishes_prop/plots/ED5J990H5VAZT.png,Total,0.05714285714285715
total,vegan,Proportion,-0.7765287894989963,NA,0.9259677428863843,-1.6607312068216509,0.1570037488096647,1.0003659644828,Restaurant,JHDN7CF1C03X5,../../model_fits/finalized_redone_trunc/a1_proportion/total/vegan_dishes_prop/plots/JHDN7CF1C03X5.png,Total,0.05714285714285715
total,vegan,Proportion,3.2386784521643803,NA,1.3824900998294178,1.4816045409242156,5.006158622069178,1.00576068765653,Restaurant,L69HYJ4Y3TR91,../../model_fits/finalized_redone_trunc/a1_proportion/total/vegan_dishes_prop/plots/L69HYJ4Y3TR91.png,Total,0.05714285714285715
total,vegan,Proportion,1.8547342683894434,NA,1.2038593327536449,1.297463147413275,2.444084655267745,1.00184978592887,Restaurant,SRQS8F7JWA9MZ,../../model_fits/finalized_redone_trunc/a1_proportion/total/vegan_dishes_prop/plots/SRQS8F7JWA9MZ.png,Total,0.05714285714285715
total,vegan,Proportion,1.2119409739751128,NA,1.1288000520490062,0.30010459245033816,2.1713368063840917,1.00210174166612,Restaurant,W8T41JZK0ZMEP,../../model_fits/finalized_redone_trunc/a1_proportion/total/vegan_dishes_prop/plots/W8T41JZK0ZMEP.png,Total,0.05714285714285715
total,vegetarian,Count,0.009950330853168092,NA,1.0007304878019532,-0.06187540371808753,0.0769610411361284,1.00858424979854,Restaurant,2HRX9P6HKXA8V,../../model_fits/finalized_redone_trunc/a1_proportion/total/vegetarian_dishes_count/plots/2HRX9P6HKXA8V.png,Total,0.05714285714285715
total,vegetarian,Count,0.10436001532424286,NA,1.0104397066264503,0.08617769624105241,0.131028262406404,1.00044271490254,Restaurant,ED5J990H5VAZT,../../model_fits/finalized_redone_trunc/a1_proportion/total/vegetarian_dishes_count/plots/ED5J990H5VAZT.png,Total,0.05714285714285715
total,vegetarian,Count,0,NA,1.0003413305263023,-0.01005033585350145,0.01980262729617973,1.0007436301694,Restaurant,JHDN7CF1C03X5,../../model_fits/finalized_redone_trunc/a1_proportion/total/vegetarian_dishes_count/plots/JHDN7CF1C03X5.png,Total,0.05714285714285715
total,vegetarian,Count,0.06765864847381486,NA,1.006617403247401,0.02955880224154443,0.10436001532424286,1.00794047108607,Restaurant,L69HYJ4Y3TR91,../../model_fits/finalized_redone_trunc/a1_proportion/total/vegetarian_dishes_count/plots/L69HYJ4Y3TR91.png,Total,0.05714285714285715
total,vegetarian,Count,0.058268908123975824,NA,1.00604253831909,0.03922071315328133,0.08617769624105241,1.0031119224842,Restaurant,SRQS8F7JWA9MZ,../../model_fits/finalized_redone_trunc/a1_proportion/total/vegetarian_dishes_count/plots/SRQS8F7JWA9MZ.png,Total,0.05714285714285715
total,vegetarian,Count,0.01980262729617973,NA,1.0018575892713752,0.009950330853168092,0.02955880224154443,1.00060944923047,Restaurant,W8T41JZK0ZMEP,../../model_fits/finalized_redone_trunc/a1_proportion/total/vegetarian_dishes_count/plots/W8T41JZK0ZMEP.png,Total,0.05714285714285715
total,vegetarian,Proportion,0.43178241642553783,NA,1.0438579622399218,-1.3470736479666092,1.6808279085207734,1.0064553162769,Restaurant,2HRX9P6HKXA8V,../../model_fits/finalized_redone_trunc/a1_proportion/total/vegetarian_dishes_prop/plots/2HRX9P6HKXA8V.png,Total,0.05714285714285715
total,vegetarian,Proportion,1.4398351280479205,NA,1.1548069543228003,0.5653138090500605,2.4706386779902956,1.01193458523088,Restaurant,ED5J990H5VAZT,../../model_fits/finalized_redone_trunc/a1_proportion/total/vegetarian_dishes_prop/plots/ED5J990H5VAZT.png,Total,0.05714285714285715
total,vegetarian,Proportion,0.37843643572024505,NA,1.0383742150913897,-0.6348782724359695,1.2267122912954254,1.01454089613666,Restaurant,JHDN7CF1C03X5,../../model_fits/finalized_redone_trunc/a1_proportion/total/vegetarian_dishes_prop/plots/JHDN7CF1C03X5.png,Total,0.05714285714285715
total,vegetarian,Proportion,1.766441661243765,NA,1.1932306264245447,0.5068176023684519,3.7157647828953184,1.02293123712029,Restaurant,L69HYJ4Y3TR91,../../model_fits/finalized_redone_trunc/a1_proportion/total/vegetarian_dishes_prop/plots/L69HYJ4Y3TR91.png,Total,0.05714285714285715
total,vegetarian,Proportion,0.9516578757114463,NA,1.1000143788217194,0.5423242908253617,1.3812818192963463,1.00048367458432,Restaurant,SRQS8F7JWA9MZ,../../model_fits/finalized_redone_trunc/a1_proportion/total/vegetarian_dishes_prop/plots/SRQS8F7JWA9MZ.png,Total,0.05714285714285715
total,vegetarian,Proportion,1.5769147207285403,NA,1.1706965757733718,0.6575200029167941,2.758109400974947,1.00972816111389,Restaurant,W8T41JZK0ZMEP,../../model_fits/finalized_redone_trunc/a1_proportion/total/vegetarian_dishes_prop/plots/W8T41JZK0ZMEP.png,Total,0.05714285714285715
nonvegan,mpbamod,Count,-0.09431067947124129,NA,0.9906412461174102,-0.2613647641344075,0.058268908123975824,1.00145994979798,Restaurant,2HRX9P6HKXA8V,../../model_fits/finalized_redone_trunc/a1_proportion/nonvegan/mpbamod_dishes_count/plots/2HRX9P6HKXA8V.png,Animal,0.05714285714285715
nonvegan,mpbamod,Count,0.01980262729617973,NA,1.0019123713884193,0,0.03922071315328133,1.00051753582691,Restaurant,ED5J990H5VAZT,../../model_fits/finalized_redone_trunc/a1_proportion/nonvegan/mpbamod_dishes_count/plots/ED5J990H5VAZT.png,Animal,0.05714285714285715
nonvegan,mpbamod,Count,0,NA,1.0002896238769512,-0.030459207484708574,0.02955880224154443,1.00216613461077,Restaurant,JHDN7CF1C03X5,../../model_fits/finalized_redone_trunc/a1_proportion/nonvegan/mpbamod_dishes_count/plots/JHDN7CF1C03X5.png,Animal,0.05714285714285715
nonvegan,mpbamod,Count,0.06765864847381486,NA,1.0070585529660079,-0.06187540371808753,0.20701416938432612,1.00715646816109,Restaurant,L69HYJ4Y3TR91,../../model_fits/finalized_redone_trunc/a1_proportion/nonvegan/mpbamod_dishes_count/plots/L69HYJ4Y3TR91.png,Animal,0.05714285714285715
nonvegan,mpbamod,Count,0.1823215567939546,NA,1.0188227457349706,0.12221763272424911,0.25464221837358075,1.00257042287047,Restaurant,SRQS8F7JWA9MZ,../../model_fits/finalized_redone_trunc/a1_proportion/nonvegan/mpbamod_dishes_count/plots/SRQS8F7JWA9MZ.png,Animal,0.05714285714285715
nonvegan,mpbamod,Count,0.01980262729617973,NA,1.0020325079188839,0,0.03922071315328133,1.00047282565876,Restaurant,W8T41JZK0ZMEP,../../model_fits/finalized_redone_trunc/a1_proportion/nonvegan/mpbamod_dishes_count/plots/W8T41JZK0ZMEP.png,Animal,0.05714285714285715
nonvegan,mpbamod,Proportion,-1.0788096613719298,NA,0.8981531960122336,-3.912023005428146,1.0224509277025455,1.0024786225662,Restaurant,2HRX9P6HKXA8V,../../model_fits/finalized_redone_trunc/a1_proportion/nonvegan/mpbamod_dishes_prop/plots/2HRX9P6HKXA8V.png,Animal,0.05714285714285715
nonvegan,mpbamod,Proportion,0.28517894223366247,NA,1.0289388077013932,-0.06187540371808753,0.6418538861723947,1.00770509194278,Restaurant,ED5J990H5VAZT,../../model_fits/finalized_redone_trunc/a1_proportion/nonvegan/mpbamod_dishes_prop/plots/ED5J990H5VAZT.png,Animal,0.05714285714285715
nonvegan,mpbamod,Proportion,-0.13926206733350766,NA,0.9867281053073828,-1.2378743560016174,0.9745596399981308,1.01235692069139,Restaurant,JHDN7CF1C03X5,../../model_fits/finalized_redone_trunc/a1_proportion/nonvegan/mpbamod_dishes_prop/plots/JHDN7CF1C03X5.png,Animal,0.05714285714285715
nonvegan,mpbamod,Proportion,0.4824261492442928,NA,1.0492813729449404,-1.7719568419318752,3.045474365448805,1.00260355559401,Restaurant,L69HYJ4Y3TR91,../../model_fits/finalized_redone_trunc/a1_proportion/nonvegan/mpbamod_dishes_prop/plots/L69HYJ4Y3TR91.png,Animal,0.05714285714285715
nonvegan,mpbamod,Proportion,1.7298840655099674,NA,1.1887533800639087,1.0577902941478545,2.4069451083182885,1.00089020089094,Restaurant,SRQS8F7JWA9MZ,../../model_fits/finalized_redone_trunc/a1_proportion/nonvegan/mpbamod_dishes_prop/plots/SRQS8F7JWA9MZ.png,Animal,0.05714285714285715
nonvegan,mpbamod,Proportion,-0.16251892949777494,NA,0.9844250682919266,-1.2039728043259361,0.8919980393051105,1.00344933914527,Restaurant,W8T41JZK0ZMEP,../../model_fits/finalized_redone_trunc/a1_proportion/nonvegan/mpbamod_dishes_prop/plots/W8T41JZK0ZMEP.png,Animal,0.05714285714285715
nonvegan,vegan,Count,0.009950330853168092,NA,1.0013002817453305,-0.08338160893905101,0.10436001532424286,1.0011037818454,Restaurant,2HRX9P6HKXA8V,../../model_fits/finalized_redone_trunc/a1_proportion/nonvegan/vegan_dishes_count/plots/2HRX9P6HKXA8V.png,Animal,0.05714285714285715
nonvegan,vegan,Count,0.23901690047049992,NA,1.0238979977669063,0.1823215567939546,0.29266961396282004,1.00100634099216,Restaurant,ED5J990H5VAZT,../../model_fits/finalized_redone_trunc/a1_proportion/nonvegan/vegan_dishes_count/plots/ED5J990H5VAZT.png,Animal,0.05714285714285715
nonvegan,vegan,Count,-0.01005033585350145,NA,0.9987005492798311,-0.030459207484708574,0,0.999923313073786,Restaurant,JHDN7CF1C03X5,../../model_fits/finalized_redone_trunc/a1_proportion/nonvegan/vegan_dishes_count/plots/JHDN7CF1C03X5.png,Animal,0.05714285714285715
nonvegan,vegan,Count,0.09531017980432493,NA,1.009175019936533,0.03922071315328133,0.13976194237515863,1.0050097936646,Restaurant,L69HYJ4Y3TR91,../../model_fits/finalized_redone_trunc/a1_proportion/nonvegan/vegan_dishes_count/plots/L69HYJ4Y3TR91.png,Animal,0.05714285714285715
nonvegan,vegan,Count,0.8153648132841944,NA,1.084988815017873,0.6678293725756554,0.9707789171582248,1.00062344886799,Restaurant,SRQS8F7JWA9MZ,../../model_fits/finalized_redone_trunc/a1_proportion/nonvegan/vegan_dishes_count/plots/SRQS8F7JWA9MZ.png,Animal,0.05714285714285715
nonvegan,vegan,Count,0.03922071315328133,NA,1.003524085080785,0.01980262729617973,0.04879016416943205,1.00373239301576,Restaurant,W8T41JZK0ZMEP,../../model_fits/finalized_redone_trunc/a1_proportion/nonvegan/vegan_dishes_count/plots/W8T41JZK0ZMEP.png,Animal,0.05714285714285715
nonvegan,vegan,Proportion,0.04879016416943205,NA,1.0049050779110542,-1.5141277326297755,1.501852701754163,1.00012645538623,Restaurant,2HRX9P6HKXA8V,../../model_fits/finalized_redone_trunc/a1_proportion/nonvegan/vegan_dishes_prop/plots/2HRX9P6HKXA8V.png,Animal,0.05714285714285715
nonvegan,vegan,Proportion,1.3837912309017721,NA,1.1483457453166979,0.3364722366212129,2.4362414778067194,1.00157654697256,Restaurant,ED5J990H5VAZT,../../model_fits/finalized_redone_trunc/a1_proportion/nonvegan/vegan_dishes_prop/plots/ED5J990H5VAZT.png,Animal,0.05714285714285715
nonvegan,vegan,Proportion,-1.0788096613719298,NA,0.8977892376265005,-2.0402208285265546,-0.10536051565782628,1.00063410102128,Restaurant,JHDN7CF1C03X5,../../model_fits/finalized_redone_trunc/a1_proportion/nonvegan/vegan_dishes_prop/plots/JHDN7CF1C03X5.png,Animal,0.05714285714285715
nonvegan,vegan,Proportion,2.5718485799218085,NA,1.2933253352643568,0.8020015854720274,4.505239347363042,1.00433544445577,Restaurant,L69HYJ4Y3TR91,../../model_fits/finalized_redone_trunc/a1_proportion/nonvegan/vegan_dishes_prop/plots/L69HYJ4Y3TR91.png,Animal,0.05714285714285715
nonvegan,vegan,Proportion,1.691939133945844,NA,1.1844294963743514,1.1631508098056809,2.2617630984737906,1.00057558427499,Restaurant,SRQS8F7JWA9MZ,../../model_fits/finalized_redone_trunc/a1_proportion/nonvegan/vegan_dishes_prop/plots/SRQS8F7JWA9MZ.png,Animal,0.05714285714285715
nonvegan,vegan,Proportion,0.9242589015233319,NA,1.097038336416333,-0.06187540371808753,1.9572739077056285,1.00791667718654,Restaurant,W8T41JZK0ZMEP,../../model_fits/finalized_redone_trunc/a1_proportion/nonvegan/vegan_dishes_prop/plots/W8T41JZK0ZMEP.png,Animal,0.05714285714285715
nonvegan,vegetarian,Count,0.009950330853168092,NA,1.0014361533447291,-0.05129329438755058,0.0769610411361284,1.00410253363992,Restaurant,2HRX9P6HKXA8V,../../model_fits/finalized_redone_trunc/a1_proportion/nonvegan/vegetarian_dishes_count/plots/2HRX9P6HKXA8V.png,Animal,0.05714285714285715
nonvegan,vegetarian,Count,0.10436001532424286,NA,1.0102492411571136,0.0769610411361284,0.12221763272424911,1.00126934636385,Restaurant,ED5J990H5VAZT,../../model_fits/finalized_redone_trunc/a1_proportion/nonvegan/vegetarian_dishes_count/plots/ED5J990H5VAZT.png,Animal,0.05714285714285715
nonvegan,vegetarian,Count,0,NA,0.999932352017197,-0.01005033585350145,0.009950330853168092,1.00061011145939,Restaurant,JHDN7CF1C03X5,../../model_fits/finalized_redone_trunc/a1_proportion/nonvegan/vegetarian_dishes_count/plots/JHDN7CF1C03X5.png,Animal,0.05714285714285715
nonvegan,vegetarian,Count,0.058268908123975824,NA,1.0058870627980128,0.01980262729617973,0.09531017980432493,1.00400247476887,Restaurant,L69HYJ4Y3TR91,../../model_fits/finalized_redone_trunc/a1_proportion/nonvegan/vegetarian_dishes_count/plots/L69HYJ4Y3TR91.png,Animal,0.05714285714285715
nonvegan,vegetarian,Count,0.06765864847381486,NA,1.0064116896715523,0.03922071315328133,0.08617769624105241,1.00092349310069,Restaurant,SRQS8F7JWA9MZ,../../model_fits/finalized_redone_trunc/a1_proportion/nonvegan/vegetarian_dishes_count/plots/SRQS8F7JWA9MZ.png,Animal,0.05714285714285715
nonvegan,vegetarian,Count,0.02955880224154443,NA,1.0024897868521108,0.009950330853168092,0.03922071315328133,1.01009382351672,Restaurant,W8T41JZK0ZMEP,../../model_fits/finalized_redone_trunc/a1_proportion/nonvegan/vegetarian_dishes_count/plots/W8T41JZK0ZMEP.png,Animal,0.05714285714285715
nonvegan,vegetarian,Proportion,0.34358970439007686,NA,1.0350910907784712,-1.3093333199837622,1.5129270120532565,1.02095316519052,Restaurant,2HRX9P6HKXA8V,../../model_fits/finalized_redone_trunc/a1_proportion/nonvegan/vegetarian_dishes_prop/plots/2HRX9P6HKXA8V.png,Animal,0.05714285714285715
nonvegan,vegetarian,Proportion,1.2499017362143359,NA,1.1331625678246704,0.4054651081081644,2.3174737054877963,1.00176184450764,Restaurant,ED5J990H5VAZT,../../model_fits/finalized_redone_trunc/a1_proportion/nonvegan/vegetarian_dishes_prop/plots/ED5J990H5VAZT.png,Animal,0.05714285714285715
nonvegan,vegetarian,Proportion,0.11332868530700327,NA,1.0116891036625821,-0.916290731874155,1.0331844833456545,1.02165835255882,Restaurant,JHDN7CF1C03X5,../../model_fits/finalized_redone_trunc/a1_proportion/nonvegan/vegetarian_dishes_prop/plots/JHDN7CF1C03X5.png,Animal,0.05714285714285715
nonvegan,vegetarian,Proportion,1.3164082336557241,NA,1.140607622551303,0.01980262729617973,3.2402458506043934,1.00478580899006,Restaurant,L69HYJ4Y3TR91,../../model_fits/finalized_redone_trunc/a1_proportion/nonvegan/vegetarian_dishes_prop/plots/L69HYJ4Y3TR91.png,Animal,0.05714285714285715
nonvegan,vegetarian,Proportion,0.9555114450274363,NA,1.1002717570162492,0.5364933705145685,1.3887912413184778,1.00208450867949,Restaurant,SRQS8F7JWA9MZ,../../model_fits/finalized_redone_trunc/a1_proportion/nonvegan/vegetarian_dishes_prop/plots/SRQS8F7JWA9MZ.png,Animal,0.05714285714285715
nonvegan,vegetarian,Proportion,0.7080357930536959,NA,1.0731211512813772,-0.2613647641344075,1.6974487897568136,1.00367636320652,Restaurant,W8T41JZK0ZMEP,../../model_fits/finalized_redone_trunc/a1_proportion/nonvegan/vegetarian_dishes_prop/plots/W8T41JZK0ZMEP.png,Animal,0.05714285714285715
meat,mpbamod,Count,-0.030459207484708574,NA,0.9972543304375716,-0.19845093872383832,0.09531017980432493,1.0077159350856,Restaurant,2HRX9P6HKXA8V,../../model_fits/finalized_redone_trunc/a1_proportion/meat/mpbamod_dishes_count/plots/2HRX9P6HKXA8V.png,Animal,0.05714285714285715
meat,mpbamod,Count,0.01980262729617973,NA,1.00182831087239,0,0.03922071315328133,1.00100015973338,Restaurant,ED5J990H5VAZT,../../model_fits/finalized_redone_trunc/a1_proportion/meat/mpbamod_dishes_count/plots/ED5J990H5VAZT.png,Animal,0.05714285714285715
meat,mpbamod,Count,0,NA,1.000071058305013,-0.030459207484708574,0.02955880224154443,1.00022160790297,Restaurant,JHDN7CF1C03X5,../../model_fits/finalized_redone_trunc/a1_proportion/meat/mpbamod_dishes_count/plots/JHDN7CF1C03X5.png,Animal,0.05714285714285715
meat,mpbamod,Count,0.02955880224154443,NA,1.0032222892467415,-0.09431067947124129,0.16551443847757333,1.00529691349106,Restaurant,L69HYJ4Y3TR91,../../model_fits/finalized_redone_trunc/a1_proportion/meat/mpbamod_dishes_count/plots/L69HYJ4Y3TR91.png,Animal,0.05714285714285715
meat,mpbamod,Count,0.12221763272424911,NA,1.0122730033987375,0.03922071315328133,0.19885085874516517,1.00562808285876,Restaurant,SRQS8F7JWA9MZ,../../model_fits/finalized_redone_trunc/a1_proportion/meat/mpbamod_dishes_count/plots/SRQS8F7JWA9MZ.png,Animal,0.05714285714285715
meat,mpbamod,Count,0,NA,1.0000123788096644,-0.020202707317519466,0.01980262729617973,1.00189130576359,Restaurant,W8T41JZK0ZMEP,../../model_fits/finalized_redone_trunc/a1_proportion/meat/mpbamod_dishes_count/plots/W8T41JZK0ZMEP.png,Animal,0.05714285714285715
meat,mpbamod,Proportion,0.1823215567939546,NA,1.0186987579636344,-2.0402208285265546,1.4973884086254774,1.01016862785676,Restaurant,2HRX9P6HKXA8V,../../model_fits/finalized_redone_trunc/a1_proportion/meat/mpbamod_dishes_prop/plots/2HRX9P6HKXA8V.png,Animal,0.05714285714285715
meat,mpbamod,Proportion,0.3576744442718159,NA,1.0364446650366683,-0.15082288973458366,0.8153648132841944,1.00926888613884,Restaurant,ED5J990H5VAZT,../../model_fits/finalized_redone_trunc/a1_proportion/meat/mpbamod_dishes_prop/plots/ED5J990H5VAZT.png,Animal,0.05714285714285715
meat,mpbamod,Proportion,0.7929925155296614,NA,1.0823269381052036,-0.12783337150988489,1.7715567619105355,1.00376110596664,Restaurant,JHDN7CF1C03X5,../../model_fits/finalized_redone_trunc/a1_proportion/meat/mpbamod_dishes_prop/plots/JHDN7CF1C03X5.png,Animal,0.05714285714285715
meat,mpbamod,Proportion,0.4885800148186709,NA,1.0502640614137486,-1.5606477482646683,2.128231705849268,1.00672771888271,Restaurant,L69HYJ4Y3TR91,../../model_fits/finalized_redone_trunc/a1_proportion/meat/mpbamod_dishes_prop/plots/L69HYJ4Y3TR91.png,Animal,0.05714285714285715
meat,mpbamod,Proportion,1.128171090909654,NA,1.1194937990376315,0.4885800148186709,1.824549292051046,1.01148531988288,Restaurant,SRQS8F7JWA9MZ,../../model_fits/finalized_redone_trunc/a1_proportion/meat/mpbamod_dishes_prop/plots/SRQS8F7JWA9MZ.png,Animal,0.05714285714285715
meat,mpbamod,Proportion,0.4637340162321402,NA,1.0473710880758034,-0.5621189181535413,1.3711807233098425,1.00605538397518,Restaurant,W8T41JZK0ZMEP,../../model_fits/finalized_redone_trunc/a1_proportion/meat/mpbamod_dishes_prop/plots/W8T41JZK0ZMEP.png,Animal,0.05714285714285715
meat,vegan,Count,-0.020202707317519466,NA,0.9979551371566895,-0.12783337150988489,0.0769610411361284,1.00196905039339,Restaurant,2HRX9P6HKXA8V,../../model_fits/finalized_redone_trunc/a1_proportion/meat/vegan_dishes_count/plots/2HRX9P6HKXA8V.png,Animal,0.05714285714285715
meat,vegan,Count,0.1570037488096647,NA,1.0155776110772907,0.0769610411361284,0.23111172096338664,1.00146644541606,Restaurant,ED5J990H5VAZT,../../model_fits/finalized_redone_trunc/a1_proportion/meat/vegan_dishes_count/plots/ED5J990H5VAZT.png,Animal,0.05714285714285715
meat,vegan,Count,-0.030459207484708574,NA,0.9971904829110243,-0.040821994520255166,-0.01005033585350145,1.00019162310557,Restaurant,JHDN7CF1C03X5,../../model_fits/finalized_redone_trunc/a1_proportion/meat/vegan_dishes_count/plots/JHDN7CF1C03X5.png,Animal,0.05714285714285715
meat,vegan,Count,0.08617769624105241,NA,1.0082644837698902,0.01980262729617973,0.14842000511827322,0.999725155092152,Restaurant,L69HYJ4Y3TR91,../../model_fits/finalized_redone_trunc/a1_proportion/meat/vegan_dishes_count/plots/L69HYJ4Y3TR91.png,Animal,0.05714285714285715
meat,vegan,Count,0.959350221334602,NA,1.1004930338192136,0.7929925155296614,1.1346227261911428,1.01362267061712,Restaurant,SRQS8F7JWA9MZ,../../model_fits/finalized_redone_trunc/a1_proportion/meat/vegan_dishes_count/plots/SRQS8F7JWA9MZ.png,Animal,0.05714285714285715
meat,vegan,Count,-0.01005033585350145,NA,0.9991838132676787,-0.020202707317519466,0.009950330853168092,1.00705894194429,Restaurant,W8T41JZK0ZMEP,../../model_fits/finalized_redone_trunc/a1_proportion/meat/vegan_dishes_count/plots/W8T41JZK0ZMEP.png,Animal,0.05714285714285715
meat,vegan,Proportion,-0.6931471805599453,NA,0.932865673613612,-2.4079456086518722,0.9745596399981308,1.00271351631673,Restaurant,2HRX9P6HKXA8V,../../model_fits/finalized_redone_trunc/a1_proportion/meat/vegan_dishes_prop/plots/2HRX9P6HKXA8V.png,Animal,0.05714285714285715
meat,vegan,Proportion,0.371563556432483,NA,1.0380835114557265,-1.1394342831883648,1.824549292051046,1.00572516205068,Restaurant,ED5J990H5VAZT,../../model_fits/finalized_redone_trunc/a1_proportion/meat/vegan_dishes_prop/plots/ED5J990H5VAZT.png,Animal,0.05714285714285715
meat,vegan,Proportion,-1.8325814637483102,NA,0.8312435148825988,-2.8134107167600364,-0.941608539858445,0.999883827339602,Restaurant,JHDN7CF1C03X5,../../model_fits/finalized_redone_trunc/a1_proportion/meat/vegan_dishes_prop/plots/JHDN7CF1C03X5.png,Animal,0.05714285714285715
meat,vegan,Proportion,2.458733775483977,NA,1.2786849651920846,0.26236426446749106,4.79123472906088,1.00104877540021,Restaurant,L69HYJ4Y3TR91,../../model_fits/finalized_redone_trunc/a1_proportion/meat/vegan_dishes_prop/plots/L69HYJ4Y3TR91.png,Animal,0.05714285714285715
meat,vegan,Proportion,2.2874714551839976,NA,1.257066715023986,1.667706820558076,2.9317269435780786,1.00148772913044,Restaurant,SRQS8F7JWA9MZ,../../model_fits/finalized_redone_trunc/a1_proportion/meat/vegan_dishes_prop/plots/SRQS8F7JWA9MZ.png,Animal,0.05714285714285715
meat,vegan,Proportion,-0.941608539858445,NA,0.9090396902920641,-2.0402208285265546,0.131028262406404,1.00125292740758,Restaurant,W8T41JZK0ZMEP,../../model_fits/finalized_redone_trunc/a1_proportion/meat/vegan_dishes_prop/plots/W8T41JZK0ZMEP.png,Animal,0.05714285714285715
meat,vegetarian,Count,0.009950330853168092,NA,1.000789983186296,-0.05129329438755058,0.06765864847381486,1.00297768791454,Restaurant,2HRX9P6HKXA8V,../../model_fits/finalized_redone_trunc/a1_proportion/meat/vegetarian_dishes_count/plots/2HRX9P6HKXA8V.png,Animal,0.05714285714285715
meat,vegetarian,Count,0.06765864847381486,NA,1.0063588834706871,0.03922071315328133,0.09531017980432493,1.00028469399166,Restaurant,ED5J990H5VAZT,../../model_fits/finalized_redone_trunc/a1_proportion/meat/vegetarian_dishes_count/plots/ED5J990H5VAZT.png,Animal,0.05714285714285715
meat,vegetarian,Count,-0.01005033585350145,NA,0.9985033056516159,-0.030459207484708574,0,1.00124757931718,Restaurant,JHDN7CF1C03X5,../../model_fits/finalized_redone_trunc/a1_proportion/meat/vegetarian_dishes_count/plots/JHDN7CF1C03X5.png,Animal,0.05714285714285715
meat,vegetarian,Count,0.03922071315328133,NA,1.0037453288402278,-0.01005033585350145,0.08617769624105241,1.00304630482722,Restaurant,L69HYJ4Y3TR91,../../model_fits/finalized_redone_trunc/a1_proportion/meat/vegetarian_dishes_count/plots/L69HYJ4Y3TR91.png,Animal,0.05714285714285715
meat,vegetarian,Count,0.03922071315328133,NA,1.0039772301441308,0.009950330853168092,0.06765864847381486,1.00347612897543,Restaurant,SRQS8F7JWA9MZ,../../model_fits/finalized_redone_trunc/a1_proportion/meat/vegetarian_dishes_count/plots/SRQS8F7JWA9MZ.png,Animal,0.05714285714285715
meat,vegetarian,Count,-0.01005033585350145,NA,0.9993410830337689,-0.020202707317519466,0.009950330853168092,1.00052589849525,Restaurant,W8T41JZK0ZMEP,../../model_fits/finalized_redone_trunc/a1_proportion/meat/vegetarian_dishes_count/plots/W8T41JZK0ZMEP.png,Animal,0.05714285714285715
meat,vegetarian,Proportion,-0.2613647641344075,NA,0.9738057290927321,-1.8325814637483102,1.415853163361435,1.0084157602675,Restaurant,2HRX9P6HKXA8V,../../model_fits/finalized_redone_trunc/a1_proportion/meat/vegetarian_dishes_prop/plots/2HRX9P6HKXA8V.png,Animal,0.05714285714285715
meat,vegetarian,Proportion,-0.9675840262617056,NA,0.9072319785606799,-2.3025850929940455,0.43178241642553783,1.00389783585123,Restaurant,ED5J990H5VAZT,../../model_fits/finalized_redone_trunc/a1_proportion/meat/vegetarian_dishes_prop/plots/ED5J990H5VAZT.png,Animal,0.05714285714285715
meat,vegetarian,Proportion,-1.2729656758128873,NA,0.8813173291304283,-2.2072749131897207,-0.35667494393873245,1.00026949297714,Restaurant,JHDN7CF1C03X5,../../model_fits/finalized_redone_trunc/a1_proportion/meat/vegetarian_dishes_prop/plots/JHDN7CF1C03X5.png,Animal,0.05714285714285715
meat,vegetarian,Proportion,0.35065687161316933,NA,1.0356177501235744,-1.4271163556401458,2.583997552432231,1.00101852968159,Restaurant,L69HYJ4Y3TR91,../../model_fits/finalized_redone_trunc/a1_proportion/meat/vegetarian_dishes_prop/plots/L69HYJ4Y3TR91.png,Animal,0.05714285714285715
meat,vegetarian,Proportion,0.5766133643039938,NA,1.05954245271323,0.13976194237515863,1.0331844833456545,0.999807467146916,Restaurant,SRQS8F7JWA9MZ,../../model_fits/finalized_redone_trunc/a1_proportion/meat/vegetarian_dishes_prop/plots/SRQS8F7JWA9MZ.png,Animal,0.05714285714285715
meat,vegetarian,Proportion,-2.120263536200091,NA,0.8087720843298968,-3.506557897319982,-0.8209805520698302,1.0015203078657,Restaurant,W8T41JZK0ZMEP,../../model_fits/finalized_redone_trunc/a1_proportion/meat/vegetarian_dishes_prop/plots/W8T41JZK0ZMEP.png,Animal,0.05714285714285715
chicken_fish,mpbamod,Count,0,NA,1.0003334954006222,-0.15082288973458366,0.14842000511827322,1.00451461746586,Restaurant,2HRX9P6HKXA8V,../../model_fits/finalized_redone_trunc/a1_proportion/chicken_fish/mpbamod_dishes_count/plots/2HRX9P6HKXA8V.png,Animal,0.06666666666666667
chicken_fish,mpbamod,Count,-0.020202707317519466,NA,0.9984220115480766,-0.06187540371808753,0.02955880224154443,1.00726044385407,Restaurant,ED5J990H5VAZT,../../model_fits/finalized_redone_trunc/a1_proportion/chicken_fish/mpbamod_dishes_count/plots/ED5J990H5VAZT.png,Animal,0.06666666666666667
chicken_fish,mpbamod,Count,0.02955880224154443,NA,1.0031166631529325,0,0.06765864847381486,1.00085203378269,Restaurant,JHDN7CF1C03X5,../../model_fits/finalized_redone_trunc/a1_proportion/chicken_fish/mpbamod_dishes_count/plots/JHDN7CF1C03X5.png,Animal,0.06666666666666667
chicken_fish,mpbamod,Count,-0.030459207484708574,NA,0.99738607576326,-0.3285040669720361,0.12221763272424911,1.00766484040018,Restaurant,L69HYJ4Y3TR91,../../model_fits/finalized_redone_trunc/a1_proportion/chicken_fish/mpbamod_dishes_count/plots/L69HYJ4Y3TR91.png,Animal,0.06666666666666667
chicken_fish,mpbamod,Count,0.009950330853168092,NA,1.0012413824652027,-0.01005033585350145,0.03922071315328133,1.00057782700639,Restaurant,W8T41JZK0ZMEP,../../model_fits/finalized_redone_trunc/a1_proportion/chicken_fish/mpbamod_dishes_count/plots/W8T41JZK0ZMEP.png,Animal,0.06666666666666667
chicken_fish,mpbamod,Proportion,0.0769610411361284,NA,1.0073120368092114,-3.506557897319982,3.2499868198932536,1.0021081610892,Restaurant,2HRX9P6HKXA8V,../../model_fits/finalized_redone_trunc/a1_proportion/chicken_fish/mpbamod_dishes_prop/plots/2HRX9P6HKXA8V.png,Animal,0.06666666666666667
chicken_fish,mpbamod,Proportion,-1.1394342831883648,NA,0.8936574913400557,-2.120263536200091,-0.11653381625595151,1.00041249677008,Restaurant,ED5J990H5VAZT,../../model_fits/finalized_redone_trunc/a1_proportion/chicken_fish/mpbamod_dishes_prop/plots/ED5J990H5VAZT.png,Animal,0.06666666666666667
chicken_fish,mpbamod,Proportion,2.9750192319564492,NA,1.3464638656274845,1.4134230285081433,4.498252903642014,1.00019841734816,Restaurant,JHDN7CF1C03X5,../../model_fits/finalized_redone_trunc/a1_proportion/chicken_fish/mpbamod_dishes_prop/plots/JHDN7CF1C03X5.png,Animal,0.06666666666666667
chicken_fish,mpbamod,Proportion,-0.5108256237659907,NA,0.949573589684726,-Inf,3.209633243501268,1.0001520880962,Restaurant,L69HYJ4Y3TR91,../../model_fits/finalized_redone_trunc/a1_proportion/chicken_fish/mpbamod_dishes_prop/plots/L69HYJ4Y3TR91.png,Animal,0.06666666666666667
chicken_fish,mpbamod,Proportion,0.6931471805599453,NA,1.0715131069408286,-0.6733445532637656,2.0412203288596382,0.999942907560298,Restaurant,W8T41JZK0ZMEP,../../model_fits/finalized_redone_trunc/a1_proportion/chicken_fish/mpbamod_dishes_prop/plots/W8T41JZK0ZMEP.png,Animal,0.06666666666666667
chicken_fish,vegan,Count,-0.05129329438755058,NA,0.9948506544364334,-0.21072103131565253,0.10436001532424286,1.00163656189111,Restaurant,2HRX9P6HKXA8V,../../model_fits/finalized_redone_trunc/a1_proportion/chicken_fish/vegan_dishes_count/plots/2HRX9P6HKXA8V.png,Animal,0.06666666666666667
chicken_fish,vegan,Count,0.41871033485818504,NA,1.042612509723102,0.1906203596086497,0.6575200029167941,1.00379887083133,Restaurant,ED5J990H5VAZT,../../model_fits/finalized_redone_trunc/a1_proportion/chicken_fish/vegan_dishes_count/plots/ED5J990H5VAZT.png,Animal,0.06666666666666667
chicken_fish,vegan,Count,-0.05129329438755058,NA,0.9947671745004752,-0.07257069283483537,-0.030459207484708574,1.00093093893411,Restaurant,JHDN7CF1C03X5,../../model_fits/finalized_redone_trunc/a1_proportion/chicken_fish/vegan_dishes_count/plots/JHDN7CF1C03X5.png,Animal,0.06666666666666667
chicken_fish,vegan,Count,0.17395330712343798,NA,1.0173686266997721,-0.01005033585350145,0.3576744442718159,1.00115324654931,Restaurant,L69HYJ4Y3TR91,../../model_fits/finalized_redone_trunc/a1_proportion/chicken_fish/vegan_dishes_count/plots/L69HYJ4Y3TR91.png,Animal,0.06666666666666667
chicken_fish,vegan,Count,0.009950330853168092,NA,1.0014492718541999,-0.01005033585350145,0.03922071315328133,1.00202450324549,Restaurant,W8T41JZK0ZMEP,../../model_fits/finalized_redone_trunc/a1_proportion/chicken_fish/vegan_dishes_count/plots/W8T41JZK0ZMEP.png,Animal,0.06666666666666667
chicken_fish,vegan,Proportion,-1.1394342831883648,NA,0.8909880429109546,-3.912023005428146,1.2781522025001875,1.00027447723068,Restaurant,2HRX9P6HKXA8V,../../model_fits/finalized_redone_trunc/a1_proportion/chicken_fish/vegan_dishes_prop/plots/2HRX9P6HKXA8V.png,Animal,0.06666666666666667
chicken_fish,vegan,Proportion,0.7654678421395714,NA,1.0796993331485416,-2.3025850929940455,4.4898715616246285,1.00101655804435,Restaurant,ED5J990H5VAZT,../../model_fits/finalized_redone_trunc/a1_proportion/chicken_fish/vegan_dishes_prop/plots/ED5J990H5VAZT.png,Animal,0.06666666666666667
chicken_fish,vegan,Proportion,-2.8134107167600364,NA,0.7491534441573571,-3.912023005428146,-1.7147984280919266,1.00138226097201,Restaurant,JHDN7CF1C03X5,../../model_fits/finalized_redone_trunc/a1_proportion/chicken_fish/vegan_dishes_prop/plots/JHDN7CF1C03X5.png,Animal,0.06666666666666667
chicken_fish,vegan,Proportion,1.0402767116551463,NA,1.1097652956326394,-2.4079456086518722,5.461243713040235,1.00197967565379,Restaurant,L69HYJ4Y3TR91,../../model_fits/finalized_redone_trunc/a1_proportion/chicken_fish/vegan_dishes_prop/plots/L69HYJ4Y3TR91.png,Animal,0.06666666666666667
chicken_fish,vegan,Proportion,0.6097655716208943,NA,1.0630367914852794,-0.6931471805599453,1.9740810260220096,1.0006232987943,Restaurant,W8T41JZK0ZMEP,../../model_fits/finalized_redone_trunc/a1_proportion/chicken_fish/vegan_dishes_prop/plots/W8T41JZK0ZMEP.png,Animal,0.06666666666666667
chicken_fish,vegetarian,Count,0.03922071315328133,NA,1.0041188348698349,-0.08338160893905101,0.1570037488096647,1.00162758212583,Restaurant,2HRX9P6HKXA8V,../../model_fits/finalized_redone_trunc/a1_proportion/chicken_fish/vegetarian_dishes_count/plots/2HRX9P6HKXA8V.png,Animal,0.06666666666666667
chicken_fish,vegetarian,Count,0.11332868530700327,NA,1.0116614463955749,0.03922071315328133,0.19885085874516517,1.00028655243895,Restaurant,ED5J990H5VAZT,../../model_fits/finalized_redone_trunc/a1_proportion/chicken_fish/vegetarian_dishes_count/plots/ED5J990H5VAZT.png,Animal,0.06666666666666667
chicken_fish,vegetarian,Count,-0.030459207484708574,NA,0.9971661021970287,-0.040821994520255166,-0.01005033585350145,1.00034610536528,Restaurant,JHDN7CF1C03X5,../../model_fits/finalized_redone_trunc/a1_proportion/chicken_fish/vegetarian_dishes_count/plots/JHDN7CF1C03X5.png,Animal,0.06666666666666667
chicken_fish,vegetarian,Count,0.1823215567939546,NA,1.0185004553390395,0.03922071315328133,0.35065687161316933,1.01090814550011,Restaurant,L69HYJ4Y3TR91,../../model_fits/finalized_redone_trunc/a1_proportion/chicken_fish/vegetarian_dishes_count/plots/L69HYJ4Y3TR91.png,Animal,0.06666666666666667
chicken_fish,vegetarian,Count,0.009950330853168092,NA,1.000990752682937,0,0.01980262729617973,1.00030401954159,Restaurant,W8T41JZK0ZMEP,../../model_fits/finalized_redone_trunc/a1_proportion/chicken_fish/vegetarian_dishes_count/plots/W8T41JZK0ZMEP.png,Animal,0.06666666666666667
chicken_fish,vegetarian,Proportion,-0.11653381625595151,NA,0.9889269448581877,-2.659260036932778,2.7376090033437546,1.00039417270281,Restaurant,2HRX9P6HKXA8V,../../model_fits/finalized_redone_trunc/a1_proportion/chicken_fish/vegetarian_dishes_prop/plots/2HRX9P6HKXA8V.png,Animal,0.06666666666666667
chicken_fish,vegetarian,Proportion,-Inf,NA,0.57934142797517,-Inf,-1.7147984280919266,1.00323777357085,Restaurant,ED5J990H5VAZT,../../model_fits/finalized_redone_trunc/a1_proportion/chicken_fish/vegetarian_dishes_prop/plots/ED5J990H5VAZT.png,Animal,0.06666666666666667
chicken_fish,vegetarian,Proportion,-2.5257286443082556,NA,0.7795609001415459,-3.506557897319982,-1.3862943611198906,1.00222384862904,Restaurant,JHDN7CF1C03X5,../../model_fits/finalized_redone_trunc/a1_proportion/chicken_fish/vegetarian_dishes_prop/plots/JHDN7CF1C03X5.png,Animal,0.06666666666666667
chicken_fish,vegetarian,Proportion,0.6471032420585384,NA,1.0669973641183417,-3.912023005428146,7.168217736160032,1.00660261072827,Restaurant,L69HYJ4Y3TR91,../../model_fits/finalized_redone_trunc/a1_proportion/chicken_fish/vegetarian_dishes_prop/plots/L69HYJ4Y3TR91.png,Animal,0.06666666666666667
chicken_fish,vegetarian,Proportion,0.02955880224154443,NA,1.0033658048763814,-1.6607312068216509,1.7833912195575383,1.00204434874014,Restaurant,W8T41JZK0ZMEP,../../model_fits/finalized_redone_trunc/a1_proportion/chicken_fish/vegetarian_dishes_prop/plots/W8T41JZK0ZMEP.png,Animal,0.06666666666666667
vegetarian,mpbamod,Count,-0.19845093872383832,NA,0.9806677931792702,-0.40047756659712525,0,1.00219328983484,Restaurant,2HRX9P6HKXA8V,../../model_fits/finalized_redone_trunc/a1_proportion/vegetarian/mpbamod_dishes_count/plots/2HRX9P6HKXA8V.png,Plant-based,0.05714285714285715
vegetarian,mpbamod,Count,0.01980262729617973,NA,1.0022447945420214,0.009950330853168092,0.03922071315328133,1.00776680739006,Restaurant,ED5J990H5VAZT,../../model_fits/finalized_redone_trunc/a1_proportion/vegetarian/mpbamod_dishes_count/plots/ED5J990H5VAZT.png,Plant-based,0.05714285714285715
vegetarian,mpbamod,Count,0,NA,0.99986662129591,-0.030459207484708574,0.02955880224154443,1.00100310569389,Restaurant,JHDN7CF1C03X5,../../model_fits/finalized_redone_trunc/a1_proportion/vegetarian/mpbamod_dishes_count/plots/JHDN7CF1C03X5.png,Plant-based,0.05714285714285715
vegetarian,mpbamod,Count,0.13976194237515863,NA,1.0141631128306832,-0.01005033585350145,0.30010459245033816,1.00339414990148,Restaurant,L69HYJ4Y3TR91,../../model_fits/finalized_redone_trunc/a1_proportion/vegetarian/mpbamod_dishes_count/plots/L69HYJ4Y3TR91.png,Plant-based,0.05714285714285715
vegetarian,mpbamod,Count,0.36464311358790924,NA,1.0374206588750157,0.28517894223366247,0.4574248470388755,1.00312312239288,Restaurant,SRQS8F7JWA9MZ,../../model_fits/finalized_redone_trunc/a1_proportion/vegetarian/mpbamod_dishes_count/plots/SRQS8F7JWA9MZ.png,Plant-based,0.05714285714285715
vegetarian,mpbamod,Count,0.009950330853168092,NA,1.0014542145544696,0,0.02955880224154443,1.00294665865271,Restaurant,W8T41JZK0ZMEP,../../model_fits/finalized_redone_trunc/a1_proportion/vegetarian/mpbamod_dishes_count/plots/W8T41JZK0ZMEP.png,Plant-based,0.05714285714285715
vegetarian,mpbamod,Proportion,-3.2188758248682006,NA,0.7246176534775763,-Inf,-0.030459207484708574,1.00315978045172,Restaurant,2HRX9P6HKXA8V,../../model_fits/finalized_redone_trunc/a1_proportion/vegetarian/mpbamod_dishes_prop/plots/2HRX9P6HKXA8V.png,Plant-based,0.05714285714285715
vegetarian,mpbamod,Proportion,0.35065687161316933,NA,1.0356354925133522,0.06765864847381486,0.6259384308664954,1.00140173955214,Restaurant,ED5J990H5VAZT,../../model_fits/finalized_redone_trunc/a1_proportion/vegetarian/mpbamod_dishes_prop/plots/ED5J990H5VAZT.png,Plant-based,0.05714285714285715
vegetarian,mpbamod,Proportion,-3.2188758248682006,NA,0.727938088533533,-4.605170185988091,-1.8971199848858813,1.00045456127922,Restaurant,JHDN7CF1C03X5,../../model_fits/finalized_redone_trunc/a1_proportion/vegetarian/mpbamod_dishes_prop/plots/JHDN7CF1C03X5.png,Plant-based,0.05714285714285715
vegetarian,mpbamod,Proportion,1.3402504226184837,NA,1.1434835124263811,-2.2072749131897207,5.12455904041457,1.00031505827753,Restaurant,L69HYJ4Y3TR91,../../model_fits/finalized_redone_trunc/a1_proportion/vegetarian/mpbamod_dishes_prop/plots/L69HYJ4Y3TR91.png,Plant-based,0.05714285714285715
vegetarian,mpbamod,Proportion,3.3697067145707846,NA,1.400684177203872,2.5400259490090797,4.22053658745986,1.00180859772225,Restaurant,SRQS8F7JWA9MZ,../../model_fits/finalized_redone_trunc/a1_proportion/vegetarian/mpbamod_dishes_prop/plots/SRQS8F7JWA9MZ.png,Plant-based,0.05714285714285715
vegetarian,mpbamod,Proportion,0.4824261492442928,NA,1.0493045290480103,-0.4780358009429998,1.4973884086254774,1.00033827752203,Restaurant,W8T41JZK0ZMEP,../../model_fits/finalized_redone_trunc/a1_proportion/vegetarian/mpbamod_dishes_prop/plots/W8T41JZK0ZMEP.png,Plant-based,0.05714285714285715
vegetarian,vegan,Count,0.02955880224154443,NA,1.002930688869556,-0.07257069283483537,0.131028262406404,1.00074974431862,Restaurant,2HRX9P6HKXA8V,../../model_fits/finalized_redone_trunc/a1_proportion/vegetarian/vegan_dishes_count/plots/2HRX9P6HKXA8V.png,Plant-based,0.05714285714285715
vegetarian,vegan,Count,0.26236426446749106,NA,1.026977169662315,0.20701416938432612,0.3293037471426003,1.00101572078938,Restaurant,ED5J990H5VAZT,../../model_fits/finalized_redone_trunc/a1_proportion/vegetarian/vegan_dishes_count/plots/ED5J990H5VAZT.png,Plant-based,0.05714285714285715
vegetarian,vegan,Count,0.02955880224154443,NA,1.0029883535908681,0.009950330853168092,0.04879016416943205,1.00258395701606,Restaurant,JHDN7CF1C03X5,../../model_fits/finalized_redone_trunc/a1_proportion/vegetarian/vegan_dishes_count/plots/JHDN7CF1C03X5.png,Plant-based,0.05714285714285715
vegetarian,vegan,Count,0.12221763272424911,NA,1.012623639287571,0.06765864847381486,0.1823215567939546,1.0015388160601,Restaurant,L69HYJ4Y3TR91,../../model_fits/finalized_redone_trunc/a1_proportion/vegetarian/vegan_dishes_count/plots/L69HYJ4Y3TR91.png,Plant-based,0.05714285714285715
vegetarian,vegan,Count,0.4762341789963717,NA,1.0488278385185554,0.3074846997479607,0.6626879730752367,1.00085527062933,Restaurant,SRQS8F7JWA9MZ,../../model_fits/finalized_redone_trunc/a1_proportion/vegetarian/vegan_dishes_count/plots/SRQS8F7JWA9MZ.png,Plant-based,0.05714285714285715
vegetarian,vegan,Count,0.01980262729617973,NA,1.0024421402624661,0.009950330853168092,0.03922071315328133,1.00263532367418,Restaurant,W8T41JZK0ZMEP,../../model_fits/finalized_redone_trunc/a1_proportion/vegetarian/vegan_dishes_count/plots/W8T41JZK0ZMEP.png,Plant-based,0.05714285714285715
vegetarian,vegan,Proportion,0.6575200029167941,NA,1.067732604191457,-0.9942522733438669,2.1004689088719113,1.0012425203694,Restaurant,2HRX9P6HKXA8V,../../model_fits/finalized_redone_trunc/a1_proportion/vegetarian/vegan_dishes_prop/plots/2HRX9P6HKXA8V.png,Plant-based,0.05714285714285715
vegetarian,vegan,Proportion,1.5851452198650557,NA,1.1716780671799616,0.6575200029167941,2.5556757206762075,1.00352593791776,Restaurant,ED5J990H5VAZT,../../model_fits/finalized_redone_trunc/a1_proportion/vegetarian/vegan_dishes_prop/plots/ED5J990H5VAZT.png,Plant-based,0.05714285714285715
vegetarian,vegan,Proportion,0.9162907318741551,NA,1.0960642408792056,-0.01005033585350145,1.9110228900548727,1.00171103655426,Restaurant,JHDN7CF1C03X5,../../model_fits/finalized_redone_trunc/a1_proportion/vegetarian/vegan_dishes_prop/plots/JHDN7CF1C03X5.png,Plant-based,0.05714285714285715
vegetarian,vegan,Proportion,2.7427736371605955,NA,1.3155615584234133,0.8285518175661483,4.971478578895062,1.00214494900885,Restaurant,L69HYJ4Y3TR91,../../model_fits/finalized_redone_trunc/a1_proportion/vegetarian/vegan_dishes_prop/plots/L69HYJ4Y3TR91.png,Plant-based,0.05714285714285715
vegetarian,vegan,Proportion,0.13976194237515863,NA,1.0144967704911405,-0.4942963218147801,0.8197798314933114,1.00243419854512,Restaurant,SRQS8F7JWA9MZ,../../model_fits/finalized_redone_trunc/a1_proportion/vegetarian/vegan_dishes_prop/plots/SRQS8F7JWA9MZ.png,Plant-based,0.05714285714285715
vegetarian,vegan,Proportion,1.1474024528375417,NA,1.1214061485757523,0.25464221837358075,2.012232791986386,1.00068166929962,Restaurant,W8T41JZK0ZMEP,../../model_fits/finalized_redone_trunc/a1_proportion/vegetarian/vegan_dishes_prop/plots/W8T41JZK0ZMEP.png,Plant-based,0.05714285714285715
vegetarian,vegetarian,Count,0.009950330853168092,NA,1.0007928810499924,-0.07257069283483537,0.08617769624105241,1.00232034037701,Restaurant,2HRX9P6HKXA8V,../../model_fits/finalized_redone_trunc/a1_proportion/vegetarian/vegetarian_dishes_count/plots/2HRX9P6HKXA8V.png,Plant-based,0.05714285714285715
vegetarian,vegetarian,Count,0.131028262406404,NA,1.0132055777240256,0.10436001532424286,0.1570037488096647,1.00170108363002,Restaurant,ED5J990H5VAZT,../../model_fits/finalized_redone_trunc/a1_proportion/vegetarian/vegetarian_dishes_count/plots/ED5J990H5VAZT.png,Plant-based,0.05714285714285715
vegetarian,vegetarian,Count,0.03922071315328133,NA,1.0035668839253182,0.01980262729617973,0.04879016416943205,1.00103442991806,Restaurant,JHDN7CF1C03X5,../../model_fits/finalized_redone_trunc/a1_proportion/vegetarian/vegetarian_dishes_count/plots/JHDN7CF1C03X5.png,Plant-based,0.05714285714285715
vegetarian,vegetarian,Count,0.06765864847381486,NA,1.007222558258031,0.02955880224154443,0.11332868530700327,1.00196803542016,Restaurant,L69HYJ4Y3TR91,../../model_fits/finalized_redone_trunc/a1_proportion/vegetarian/vegetarian_dishes_count/plots/L69HYJ4Y3TR91.png,Plant-based,0.05714285714285715
vegetarian,vegetarian,Count,0.13976194237515863,NA,1.014395155261693,0.11332868530700327,0.1823215567939546,1.00082662346189,Restaurant,SRQS8F7JWA9MZ,../../model_fits/finalized_redone_trunc/a1_proportion/vegetarian/vegetarian_dishes_count/plots/SRQS8F7JWA9MZ.png,Plant-based,0.05714285714285715
vegetarian,vegetarian,Count,0.01980262729617973,NA,1.002002138960738,0.009950330853168092,0.02955880224154443,1.00024308247835,Restaurant,W8T41JZK0ZMEP,../../model_fits/finalized_redone_trunc/a1_proportion/vegetarian/vegetarian_dishes_count/plots/W8T41JZK0ZMEP.png,Plant-based,0.05714285714285715
vegetarian,vegetarian,Proportion,1.4011829736136412,NA,1.1502714343905143,-0.8915981192837836,2.6282852326333477,1.05527021717424,Restaurant,2HRX9P6HKXA8V,../../model_fits/finalized_redone_trunc/a1_proportion/vegetarian/vegetarian_dishes_prop/plots/2HRX9P6HKXA8V.png,Plant-based,0.05714285714285715
vegetarian,vegetarian,Proportion,2.3233676321765744,NA,1.2615099601823252,1.6054298910365616,3.1875915348284343,1.01399916308653,Restaurant,ED5J990H5VAZT,../../model_fits/finalized_redone_trunc/a1_proportion/vegetarian/vegetarian_dishes_prop/plots/ED5J990H5VAZT.png,Plant-based,0.05714285714285715
vegetarian,vegetarian,Proportion,2.1329823086078656,NA,1.2378075455612856,1.2947271675944,2.9161477942111484,1.00533724688431,Restaurant,JHDN7CF1C03X5,../../model_fits/finalized_redone_trunc/a1_proportion/vegetarian/vegetarian_dishes_prop/plots/JHDN7CF1C03X5.png,Plant-based,0.05714285714285715
vegetarian,vegetarian,Proportion,2.354228326145884,NA,1.2654271891122408,1.220829921392359,3.8079949350040985,1.01435938674296,Restaurant,L69HYJ4Y3TR91,../../model_fits/finalized_redone_trunc/a1_proportion/vegetarian/vegetarian_dishes_prop/plots/L69HYJ4Y3TR91.png,Plant-based,0.05714285714285715
vegetarian,vegetarian,Proportion,2.203869120054888,NA,1.246550128405279,1.6639260977181702,2.7434173449395014,1.00475768309787,Restaurant,SRQS8F7JWA9MZ,../../model_fits/finalized_redone_trunc/a1_proportion/vegetarian/vegetarian_dishes_prop/plots/SRQS8F7JWA9MZ.png,Plant-based,0.05714285714285715
vegetarian,vegetarian,Proportion,2.187174241482718,NA,1.244520400912841,1.3029127521808397,3.1813816204406202,1.01168735615472,Restaurant,W8T41JZK0ZMEP,../../model_fits/finalized_redone_trunc/a1_proportion/vegetarian/vegetarian_dishes_prop/plots/W8T41JZK0ZMEP.png,Plant-based,0.05714285714285715
vegan,mpbamod,Count,-0.07257069283483537,NA,0.9926117259068327,-0.2613647641344075,0.06765864847381486,1.00549676097757,Restaurant,2HRX9P6HKXA8V,../../model_fits/finalized_redone_trunc/a1_proportion/vegan/mpbamod_dishes_count/plots/2HRX9P6HKXA8V.png,Plant-based,0.05714285714285715
vegan,mpbamod,Count,0.03922071315328133,NA,1.0038916950637007,0.01980262729617973,0.058268908123975824,1.00076307738673,Restaurant,ED5J990H5VAZT,../../model_fits/finalized_redone_trunc/a1_proportion/vegan/mpbamod_dishes_count/plots/ED5J990H5VAZT.png,Plant-based,0.05714285714285715
vegan,mpbamod,Count,-0.01005033585350145,NA,0.9993849057987515,-0.05129329438755058,0.03922071315328133,1.00102474458355,Restaurant,JHDN7CF1C03X5,../../model_fits/finalized_redone_trunc/a1_proportion/vegan/mpbamod_dishes_count/plots/JHDN7CF1C03X5.png,Plant-based,0.05714285714285715
vegan,mpbamod,Count,0.131028262406404,NA,1.0129345956258027,-0.030459207484708574,0.3576744442718159,1.0045537040151,Restaurant,L69HYJ4Y3TR91,../../model_fits/finalized_redone_trunc/a1_proportion/vegan/mpbamod_dishes_count/plots/L69HYJ4Y3TR91.png,Plant-based,0.05714285714285715
vegan,mpbamod,Count,0.13976194237515863,NA,1.0139030413033312,0.02955880224154443,0.25464221837358075,1.00114866435568,Restaurant,SRQS8F7JWA9MZ,../../model_fits/finalized_redone_trunc/a1_proportion/vegan/mpbamod_dishes_count/plots/SRQS8F7JWA9MZ.png,Plant-based,0.05714285714285715
vegan,mpbamod,Count,0.009950330853168092,NA,1.0005450725859244,-0.01005033585350145,0.01980262729617973,1.0003391045865,Restaurant,W8T41JZK0ZMEP,../../model_fits/finalized_redone_trunc/a1_proportion/vegan/mpbamod_dishes_count/plots/W8T41JZK0ZMEP.png,Plant-based,0.05714285714285715
vegan,mpbamod,Proportion,-1.0216512475319814,NA,0.902444369705488,-3.912023005428146,1.3164082336557241,1.01236289164066,Restaurant,2HRX9P6HKXA8V,../../model_fits/finalized_redone_trunc/a1_proportion/vegan/mpbamod_dishes_prop/plots/2HRX9P6HKXA8V.png,Plant-based,0.05714285714285715
vegan,mpbamod,Proportion,0.8020015854720274,NA,1.0835349802388,0.37843643572024505,1.264126727145683,1.00387567057307,Restaurant,ED5J990H5VAZT,../../model_fits/finalized_redone_trunc/a1_proportion/vegan/mpbamod_dishes_prop/plots/ED5J990H5VAZT.png,Plant-based,0.05714285714285715
vegan,mpbamod,Proportion,-2.120263536200091,NA,0.8087741728004834,-3.912023005428146,-0.37106368139083207,1.00925545786703,Restaurant,JHDN7CF1C03X5,../../model_fits/finalized_redone_trunc/a1_proportion/vegan/mpbamod_dishes_prop/plots/JHDN7CF1C03X5.png,Plant-based,0.05714285714285715
vegan,mpbamod,Proportion,0.712949807856125,NA,1.0740652006227447,-2.2072749131897207,4.184337600748806,1.00286513485703,Restaurant,L69HYJ4Y3TR91,../../model_fits/finalized_redone_trunc/a1_proportion/vegan/mpbamod_dishes_prop/plots/L69HYJ4Y3TR91.png,Plant-based,0.05714285714285715
vegan,mpbamod,Proportion,1.4036429994545037,NA,1.150712699717668,0.3576744442718159,2.477378383367209,1.00067469471109,Restaurant,SRQS8F7JWA9MZ,../../model_fits/finalized_redone_trunc/a1_proportion/vegan/mpbamod_dishes_prop/plots/SRQS8F7JWA9MZ.png,Plant-based,0.05714285714285715
vegan,mpbamod,Proportion,0.3920420877760237,NA,1.039747079460559,-0.579818495252942,1.366091653802371,1.00555861790984,Restaurant,W8T41JZK0ZMEP,../../model_fits/finalized_redone_trunc/a1_proportion/vegan/mpbamod_dishes_prop/plots/W8T41JZK0ZMEP.png,Plant-based,0.05714285714285715
vegan,vegan,Count,0.058268908123975824,NA,1.0056721419191401,-0.040821994520255166,0.1570037488096647,1.00177185608143,Restaurant,2HRX9P6HKXA8V,../../model_fits/finalized_redone_trunc/a1_proportion/vegan/vegan_dishes_count/plots/2HRX9P6HKXA8V.png,Plant-based,0.06666666666666667
vegan,vegan,Count,0.35065687161316933,NA,1.0359209539496979,0.23901690047049992,0.47000362924573563,1.0007180767494,Restaurant,ED5J990H5VAZT,../../model_fits/finalized_redone_trunc/a1_proportion/vegan/vegan_dishes_count/plots/ED5J990H5VAZT.png,Plant-based,0.06666666666666667
vegan,vegan,Count,0.02955880224154443,NA,1.003035875290273,0.009950330853168092,0.058268908123975824,1.00033561884374,Restaurant,JHDN7CF1C03X5,../../model_fits/finalized_redone_trunc/a1_proportion/vegan/vegan_dishes_count/plots/JHDN7CF1C03X5.png,Plant-based,0.06666666666666667
vegan,vegan,Count,0.1906203596086497,NA,1.0191080033201032,0.10436001532424286,0.27763173659827955,1.00105812183447,Restaurant,L69HYJ4Y3TR91,../../model_fits/finalized_redone_trunc/a1_proportion/vegan/vegan_dishes_count/plots/L69HYJ4Y3TR91.png,Plant-based,0.06666666666666667
vegan,vegan,Count,0.02955880224154443,NA,1.0026830470207433,0.009950330853168092,0.03922071315328133,1.00021950344204,Restaurant,W8T41JZK0ZMEP,../../model_fits/finalized_redone_trunc/a1_proportion/vegan/vegan_dishes_count/plots/W8T41JZK0ZMEP.png,Plant-based,0.06666666666666667
vegan,vegan,Proportion,1.275362800412609,NA,1.1359886190031903,-0.4780358009429998,2.727199019940971,1.00183071461657,Restaurant,2HRX9P6HKXA8V,../../model_fits/finalized_redone_trunc/a1_proportion/vegan/vegan_dishes_prop/plots/2HRX9P6HKXA8V.png,Plant-based,0.06666666666666667
vegan,vegan,Proportion,2.3960754360813845,NA,1.2707118240036437,0.9400072584914712,4.485372622532496,1.0029052831112,Restaurant,ED5J990H5VAZT,../../model_fits/finalized_redone_trunc/a1_proportion/vegan/vegan_dishes_prop/plots/ED5J990H5VAZT.png,Plant-based,0.06666666666666667
vegan,vegan,Proportion,1.3609765531356006,NA,1.1458788042483266,0.20701416938432612,2.423031246069913,1.00101695092159,Restaurant,JHDN7CF1C03X5,../../model_fits/finalized_redone_trunc/a1_proportion/vegan/vegan_dishes_prop/plots/JHDN7CF1C03X5.png,Plant-based,0.06666666666666667
vegan,vegan,Proportion,3.0661907372025525,NA,1.3588508628297986,1.000631880307906,6.721594361265462,1.00257480712699,Restaurant,L69HYJ4Y3TR91,../../model_fits/finalized_redone_trunc/a1_proportion/vegan/vegan_dishes_prop/plots/L69HYJ4Y3TR91.png,Plant-based,0.06666666666666667
vegan,vegan,Proportion,1.6351056591826783,NA,1.1776564256897917,0.6981347220709843,2.599722324216582,1.00063017137027,Restaurant,W8T41JZK0ZMEP,../../model_fits/finalized_redone_trunc/a1_proportion/vegan/vegan_dishes_prop/plots/W8T41JZK0ZMEP.png,Plant-based,0.06666666666666667
vegan,vegetarian,Count,0,NA,0.9997210571711996,-0.08338160893905101,0.06765864847381486,1.00367370095922,Restaurant,2HRX9P6HKXA8V,../../model_fits/finalized_redone_trunc/a1_proportion/vegan/vegetarian_dishes_count/plots/2HRX9P6HKXA8V.png,Plant-based,0.05714285714285715
vegan,vegetarian,Count,0.12221763272424911,NA,1.0123422352896996,0.08617769624105241,0.16551443847757333,1.00159482561857,Restaurant,ED5J990H5VAZT,../../model_fits/finalized_redone_trunc/a1_proportion/vegan/vegetarian_dishes_count/plots/ED5J990H5VAZT.png,Plant-based,0.05714285714285715
vegan,vegetarian,Count,0.01980262729617973,NA,1.0021100812050217,0,0.03922071315328133,1.00273312561184,Restaurant,JHDN7CF1C03X5,../../model_fits/finalized_redone_trunc/a1_proportion/vegan/vegetarian_dishes_count/plots/JHDN7CF1C03X5.png,Plant-based,0.05714285714285715
vegan,vegetarian,Count,0.10436001532424286,NA,1.0105011489724607,0.04879016416943205,0.16551443847757333,1.0067548742121,Restaurant,L69HYJ4Y3TR91,../../model_fits/finalized_redone_trunc/a1_proportion/vegan/vegetarian_dishes_count/plots/L69HYJ4Y3TR91.png,Plant-based,0.05714285714285715
vegan,vegetarian,Count,0.04879016416943205,NA,1.004734225362001,0,0.09531017980432493,1.00028280749176,Restaurant,SRQS8F7JWA9MZ,../../model_fits/finalized_redone_trunc/a1_proportion/vegan/vegetarian_dishes_count/plots/SRQS8F7JWA9MZ.png,Plant-based,0.05714285714285715
vegan,vegetarian,Count,0.009950330853168092,NA,1.000890592486211,0,0.01980262729617973,1.00030937339613,Restaurant,W8T41JZK0ZMEP,../../model_fits/finalized_redone_trunc/a1_proportion/vegan/vegetarian_dishes_count/plots/W8T41JZK0ZMEP.png,Plant-based,0.05714285714285715
vegan,vegetarian,Proportion,0.7701082216960737,NA,1.079889926667535,-1.0498221244986778,2.2159372862683733,1.00470725839913,Restaurant,2HRX9P6HKXA8V,../../model_fits/finalized_redone_trunc/a1_proportion/vegan/vegetarian_dishes_prop/plots/2HRX9P6HKXA8V.png,Plant-based,0.05714285714285715
vegan,vegetarian,Proportion,2.052840859882657,NA,1.2278498730041953,0.8064758658669485,3.7201358437644907,1.00088069969364,Restaurant,ED5J990H5VAZT,../../model_fits/finalized_redone_trunc/a1_proportion/vegan/vegetarian_dishes_prop/plots/ED5J990H5VAZT.png,Plant-based,0.05714285714285715
vegan,vegetarian,Proportion,1.308332819650179,NA,1.1397709219625654,0.25464221837358075,2.3813962734183356,1.00275208211783,Restaurant,JHDN7CF1C03X5,../../model_fits/finalized_redone_trunc/a1_proportion/vegan/vegetarian_dishes_prop/plots/JHDN7CF1C03X5.png,Plant-based,0.05714285714285715
vegan,vegetarian,Proportion,2.2731562823032334,NA,1.2551981278371003,0.5933268452777344,5.052288942696368,1.00587329022431,Restaurant,L69HYJ4Y3TR91,../../model_fits/finalized_redone_trunc/a1_proportion/vegan/vegetarian_dishes_prop/plots/L69HYJ4Y3TR91.png,Plant-based,0.05714285714285715
vegan,vegetarian,Proportion,0.8796267475025636,NA,1.0919067821866122,0.09531017980432493,1.665818245870208,1.00027334621668,Restaurant,SRQS8F7JWA9MZ,../../model_fits/finalized_redone_trunc/a1_proportion/vegan/vegetarian_dishes_prop/plots/SRQS8F7JWA9MZ.png,Plant-based,0.05714285714285715
vegan,vegetarian,Proportion,1.665818245870208,NA,1.1813365243614748,0.5596157879354227,2.9637254774189046,1.00292511325367,Restaurant,W8T41JZK0ZMEP,../../model_fits/finalized_redone_trunc/a1_proportion/vegan/vegetarian_dishes_prop/plots/W8T41JZK0ZMEP.png,Plant-based,0.05714285714285715
