outcome,exposure_type,mean,mean_exp,mean_exp_p10,q2.5,q97.5,rhat,estimate_type,restaurant_id,source,pred_path,color_group,n_rest_in_group,rest_rank,step_size
Breakfast,Count,0.5123040990477,1.6691326146085306,1.052565386836218,-0.67433375,1.5076565,1.03017608585881,Pooled,POOLED,finalized_redone_trunc,../../model_fits/finalized_redone_trunc/t2_a2_proportion_t/breakfast_p/breakfast_dishes_count/plots/all_restaurants_weekly.png,Animal,11,NA,0.15
Breakfast,Presence,1.1902259651885,3.2878240572337023,1.1263953706150096,-0.2806566,2.473976,1.03929795693809,Pooled,POOLED,finalized_redone_trunc,../../model_fits/finalized_redone_trunc/t2_a2_proportion_t/breakfast_p/breakfast_dishes_presence/plots/all_restaurants_weekly.png,Animal,11,NA,0.15
Chicken,Count,0.07640822537945,1.0794031239792226,1.0076700881126759,-0.0808086125,0.2340765,1.01474424609042,Pooled,POOLED,finalized_redone_trunc,../../model_fits/finalized_redone_trunc/t2_a2_proportion_t/chicken_p/chicken_dishes_count/plots/all_restaurants_weekly.png,Animal,6,NA,0.15
Chicken,Presence,1.4410152729955,4.224983151520977,1.1550013667420997,-0.058177205,2.77085225,1.0023350263566,Pooled,POOLED,finalized_redone_trunc,../../model_fits/finalized_redone_trunc/t2_a2_proportion_t/chicken_p/chicken_dishes_presence/plots/all_restaurants_weekly.png,Animal,6,NA,0.15
Dairy,Count,0.082659815601,1.0861722468392365,1.0083002391113831,-0.015976805,0.198441875,1.02207786911368,Pooled,POOLED,finalized_redone_trunc,../../model_fits/finalized_redone_trunc/t2_a2_proportion_t/dairy_p/dairy_dishes_count/plots/all_restaurants_weekly.png,Animal,10,NA,0.15
Dairy,Presence,0.905179284945167,2.4723751429668948,1.0947411345261333,0.119713575,1.81040025,1.0107209270943,Pooled,POOLED,finalized_redone_trunc,../../model_fits/finalized_redone_trunc/t2_a2_proportion_t/dairy_p/dairy_dishes_presence/plots/all_restaurants_weekly.png,Animal,10,NA,0.15
Egg,Count,0.0551692274891667,1.056719425520347,1.0055321689917787,-0.00590525625,0.1395119,1.03273005007463,Pooled,POOLED,finalized_redone_trunc,../../model_fits/finalized_redone_trunc/t2_a2_proportion_t/egg_p/egg_dishes_count/plots/all_restaurants_weekly.png,Animal,5,NA,0.15
Egg,Presence,0.12987100307465,1.1386814874394342,1.0130717989607978,-0.157657725,0.58833815,1.02033701124177,Pooled,POOLED,finalized_redone_trunc,../../model_fits/finalized_redone_trunc/t2_a2_proportion_t/egg_p/egg_dishes_presence/plots/all_restaurants_weekly.png,Animal,5,NA,0.15
Untextured,Count,0.236038472551333,1.2662230240600922,1.0238846228335596,0.0460351875,0.72407315,1.02174494963019,Pooled,POOLED,finalized_redone_trunc,../../model_fits/finalized_redone_trunc/t2_a2_proportion_t/untextured_p/untextured_dishes_count/plots/all_restaurants_weekly.png,Animal,12,NA,0.15
Untextured,Presence,1.62343846575,5.070495100277244,1.1762646263568772,0.62995095,2.55123925,1.01196527918298,Pooled,POOLED,finalized_redone_trunc,../../model_fits/finalized_redone_trunc/t2_a2_proportion_t/untextured_p/untextured_dishes_presence/plots/all_restaurants_weekly.png,Animal,12,NA,0.15
Total (A1),Count,0.0250009081480733,1.0253160516628028,1.0025032186479277,-0.02528442535,0.0778036911,1.65253236270234,Pooled,POOLED,finalized_redone_trunc,NA,Total,0,NA,0.15
Total (A1),Presence,-0.279569693348414,0.7561090302087722,0.9724302102197314,-1.350718455,0.8715409625,1.0046709875783,Pooled,POOLED,finalized_redone_trunc,NA,Total,0,NA,0.15
Breakfast,Count,-0.23572233352106983,NA,0.9772252878291672,-0.4155154439616658,-0.040821994520255166,1.00200121534261,Restaurant,2HRX9P6HKXA8V,finalized_redone_trunc,../../model_fits/finalized_redone_trunc/t2_a2_proportion_t/breakfast_p/breakfast_dishes_count/plots/2HRX9P6HKXA8V.png,Animal,11,11,0.15
Breakfast,Count,-0.21072103131565253,NA,0.9790019427245934,-0.2876820724517809,-0.13926206733350766,1.00258867041997,Restaurant,78AY09MVJVTYE,finalized_redone_trunc,../../model_fits/finalized_redone_trunc/t2_a2_proportion_t/breakfast_p/breakfast_dishes_count/plots/78AY09MVJVTYE.png,Animal,11,10,0.15
Breakfast,Count,0.26236426446749106,NA,1.0264361836834017,-0.08338160893905101,0.6259384308664954,1.00476394816189,Restaurant,9XKJD8DQTH559,finalized_redone_trunc,../../model_fits/finalized_redone_trunc/t2_a2_proportion_t/breakfast_p/breakfast_dishes_count/plots/9XKJD8DQTH559.png,Animal,11,6,0.15
Breakfast,Count,0.03922071315328133,NA,1.0042257539360326,-0.2231435513142097,0.3293037471426003,1.00321651835784,Restaurant,CB2KHY1C2G9PT,finalized_redone_trunc,../../model_fits/finalized_redone_trunc/t2_a2_proportion_t/breakfast_p/breakfast_dishes_count/plots/CB2KHY1C2G9PT.png,Animal,11,7,0.15
Breakfast,Count,-0.020202707317519466,NA,0.997773510330803,-0.12783337150988489,0.06765864847381486,1.00922568171937,Restaurant,ED5J990H5VAZT,finalized_redone_trunc,../../model_fits/finalized_redone_trunc/t2_a2_proportion_t/breakfast_p/breakfast_dishes_count/plots/ED5J990H5VAZT.png,Animal,11,8,0.15
Breakfast,Count,6.329703080051881,NA,1.8831947926003707,4.320151230955794,8.845382648903898,1.01952331890509,Restaurant,EMBVNVD207CC6,finalized_redone_trunc,../../model_fits/finalized_redone_trunc/t2_a2_proportion_t/breakfast_p/breakfast_dishes_count/plots/EMBVNVD207CC6.png,Animal,11,1,0.15
Breakfast,Count,-0.09431067947124129,NA,0.9908358545100914,-0.4155154439616658,0.22314355131420976,1.00366605655876,Restaurant,L69HYJ4Y3TR91,finalized_redone_trunc,../../model_fits/finalized_redone_trunc/t2_a2_proportion_t/breakfast_p/breakfast_dishes_count/plots/L69HYJ4Y3TR91.png,Animal,11,9,0.15
Breakfast,Count,0.62057648772511,NA,1.064243331597701,0.4382549309311553,0.8372475245337022,1.01075255647695,Restaurant,LBZEEFSBJNB3Z,finalized_redone_trunc,../../model_fits/finalized_redone_trunc/t2_a2_proportion_t/breakfast_p/breakfast_dishes_count/plots/LBZEEFSBJNB3Z.png,Animal,11,5,0.15
Breakfast,Count,0.8458682675776092,NA,1.0883102748485523,0.4574248470388755,1.2892326482767593,1.01051798804652,Restaurant,LQ5EH4BKGV61T,finalized_redone_trunc,../../model_fits/finalized_redone_trunc/t2_a2_proportion_t/breakfast_p/breakfast_dishes_count/plots/LQ5EH4BKGV61T.png,Animal,11,3,0.15
Breakfast,Count,0.9001613499442714,NA,1.094254149922059,-1.8325814637483102,3.856933039110186,1.01993526702703,Restaurant,SAFK7ND1HR6XS,finalized_redone_trunc,../../model_fits/finalized_redone_trunc/t2_a2_proportion_t/breakfast_p/breakfast_dishes_count/plots/SAFK7ND1HR6XS.png,Animal,11,2,0.15
Breakfast,Count,0.6418538861723947,NA,1.0661041359348429,0.4252677354043441,0.8628899551470398,1.00112556708626,Restaurant,V3Q26BHF3SE2H,finalized_redone_trunc,../../model_fits/finalized_redone_trunc/t2_a2_proportion_t/breakfast_p/breakfast_dishes_count/plots/V3Q26BHF3SE2H.png,Animal,11,4,0.15
Breakfast,Presence,3.8126445614478675,NA,1.464149124861461,-0.9942522733438669,9.381428233089839,1.00953855311003,Restaurant,2HRX9P6HKXA8V,finalized_redone_trunc,../../model_fits/finalized_redone_trunc/t2_a2_proportion_t/breakfast_p/breakfast_dishes_presence/plots/2HRX9P6HKXA8V.png,Animal,11,2,0.15
Breakfast,Presence,-0.18632957819149348,NA,0.9812040654536004,-0.2876820724517809,-0.09431067947124129,1.00066408495887,Restaurant,78AY09MVJVTYE,finalized_redone_trunc,../../model_fits/finalized_redone_trunc/t2_a2_proportion_t/breakfast_p/breakfast_dishes_presence/plots/78AY09MVJVTYE.png,Animal,11,10,0.15
Breakfast,Presence,0.27763173659827955,NA,1.0279090201981262,-0.08338160893905101,0.6471032420585384,1.00768910124591,Restaurant,9XKJD8DQTH559,finalized_redone_trunc,../../model_fits/finalized_redone_trunc/t2_a2_proportion_t/breakfast_p/breakfast_dishes_presence/plots/9XKJD8DQTH559.png,Animal,11,7,0.15
Breakfast,Presence,0.19885085874516517,NA,1.0197392279168618,-Inf,4.890800154313742,1.01185242712743,Restaurant,CB2KHY1C2G9PT,finalized_redone_trunc,../../model_fits/finalized_redone_trunc/t2_a2_proportion_t/breakfast_p/breakfast_dishes_presence/plots/CB2KHY1C2G9PT.png,Animal,11,8,0.15
Breakfast,Presence,-0.4620354595965587,NA,0.9543678649752899,-0.7133498878774648,-0.2231435513142097,1.00463568695476,Restaurant,ED5J990H5VAZT,finalized_redone_trunc,../../model_fits/finalized_redone_trunc/t2_a2_proportion_t/breakfast_p/breakfast_dishes_presence/plots/ED5J990H5VAZT.png,Animal,11,11,0.15
Breakfast,Presence,7.467016718429264,NA,2.11002867019682,5.315125318197404,10.336122527508246,1.0085241510093,Restaurant,EMBVNVD207CC6,finalized_redone_trunc,../../model_fits/finalized_redone_trunc/t2_a2_proportion_t/breakfast_p/breakfast_dishes_presence/plots/EMBVNVD207CC6.png,Animal,11,1,0.15
Breakfast,Presence,-0.11653381625595151,NA,0.9883381303939521,-0.4462871026284195,0.20701416938432612,1.00523794085061,Restaurant,L69HYJ4Y3TR91,finalized_redone_trunc,../../model_fits/finalized_redone_trunc/t2_a2_proportion_t/breakfast_p/breakfast_dishes_presence/plots/L69HYJ4Y3TR91.png,Animal,11,9,0.15
Breakfast,Presence,3.427189961936409,NA,1.4087672830663416,2.561867690924129,4.481645699702594,1.0076917029868,Restaurant,LBZEEFSBJNB3Z,finalized_redone_trunc,../../model_fits/finalized_redone_trunc/t2_a2_proportion_t/breakfast_p/breakfast_dishes_presence/plots/LBZEEFSBJNB3Z.png,Animal,11,4,0.15
Breakfast,Presence,3.596490004820589,NA,1.4328114282049547,2.0294631718735947,5.224939896743261,1.00183426585239,Restaurant,LQ5EH4BKGV61T,finalized_redone_trunc,../../model_fits/finalized_redone_trunc/t2_a2_proportion_t/breakfast_p/breakfast_dishes_presence/plots/LQ5EH4BKGV61T.png,Animal,11,3,0.15
Breakfast,Presence,2.1150499691472033,NA,1.2355803404624175,-2.995732273553991,7.369411666740044,1.00556530503484,Restaurant,SAFK7ND1HR6XS,finalized_redone_trunc,../../model_fits/finalized_redone_trunc/t2_a2_proportion_t/breakfast_p/breakfast_dishes_presence/plots/SAFK7ND1HR6XS.png,Animal,11,6,0.15
Breakfast,Presence,2.8124102164264526,NA,1.3247796519142616,2.0955609235597192,3.5926438462331105,1.01107155322485,Restaurant,V3Q26BHF3SE2H,finalized_redone_trunc,../../model_fits/finalized_redone_trunc/t2_a2_proportion_t/breakfast_p/breakfast_dishes_presence/plots/V3Q26BHF3SE2H.png,Animal,11,5,0.15
Chicken,Count,0.09531017980432493,NA,1.009704864075483,0.02955880224154443,0.17395330712343798,1.00100780003826,Restaurant,9XKJD8DQTH559,finalized_redone_trunc,../../model_fits/finalized_redone_trunc/t2_a2_proportion_t/chicken_p/chicken_dishes_count/plots/9XKJD8DQTH559.png,Animal,6,2,0.15
Chicken,Count,0.06765864847381486,NA,1.0070030404432897,0.02955880224154443,0.11332868530700327,1.00956633619886,Restaurant,JHDN7CF1C03X5,finalized_redone_trunc,../../model_fits/finalized_redone_trunc/t2_a2_proportion_t/chicken_p/chicken_dishes_count/plots/JHDN7CF1C03X5.png,Animal,6,5,0.15
Chicken,Count,0.08617769624105241,NA,1.008966647789088,-0.21072103131565253,0.4574248470388755,1.00653392794671,Restaurant,LBZEEFSBJNB3Z,finalized_redone_trunc,../../model_fits/finalized_redone_trunc/t2_a2_proportion_t/chicken_p/chicken_dishes_count/plots/LBZEEFSBJNB3Z.png,Animal,6,3,0.15
Chicken,Count,0.08617769624105241,NA,1.0085957762184063,-0.19845093872383832,0.3987761199573678,1.00668170885033,Restaurant,SAFK7ND1HR6XS,finalized_redone_trunc,../../model_fits/finalized_redone_trunc/t2_a2_proportion_t/chicken_p/chicken_dishes_count/plots/SAFK7ND1HR6XS.png,Animal,6,4,0.15
Chicken,Count,0,NA,0.9996182912266415,-0.11653381625595151,0.09531017980432493,1.01488973839625,Restaurant,V3Q26BHF3SE2H,finalized_redone_trunc,../../model_fits/finalized_redone_trunc/t2_a2_proportion_t/chicken_p/chicken_dishes_count/plots/V3Q26BHF3SE2H.png,Animal,6,6,0.15
Chicken,Count,0.12221763272424911,NA,1.0121738228426382,0.04879016416943205,0.20701416938432612,1.00062586347506,Restaurant,W8T41JZK0ZMEP,finalized_redone_trunc,../../model_fits/finalized_redone_trunc/t2_a2_proportion_t/chicken_p/chicken_dishes_count/plots/W8T41JZK0ZMEP.png,Animal,6,1,0.15
Chicken,Presence,3.8264651170664994,NA,1.4661586667321507,2.0918640616783932,5.654627243858056,1.00269507172095,Restaurant,9XKJD8DQTH559,finalized_redone_trunc,../../model_fits/finalized_redone_trunc/t2_a2_proportion_t/chicken_p/chicken_dishes_presence/plots/9XKJD8DQTH559.png,Animal,6,1,0.15
Chicken,Presence,3.007166651179654,NA,1.3508459614782269,-0.18632957819149348,6.877739272238541,1.00091031322187,Restaurant,JHDN7CF1C03X5,finalized_redone_trunc,../../model_fits/finalized_redone_trunc/t2_a2_proportion_t/chicken_p/chicken_dishes_presence/plots/JHDN7CF1C03X5.png,Animal,6,2,0.15
Chicken,Presence,2.065596134857783,NA,1.2293994987804728,-1.0216512475319814,5.683681802949198,1.00103355268897,Restaurant,LBZEEFSBJNB3Z,finalized_redone_trunc,../../model_fits/finalized_redone_trunc/t2_a2_proportion_t/chicken_p/chicken_dishes_presence/plots/LBZEEFSBJNB3Z.png,Animal,6,5,0.15
Chicken,Presence,2.2607208888953467,NA,1.253605544879529,-1.0788096613719298,5.817349226861126,1.00079612300322,Restaurant,SAFK7ND1HR6XS,finalized_redone_trunc,../../model_fits/finalized_redone_trunc/t2_a2_proportion_t/chicken_p/chicken_dishes_presence/plots/SAFK7ND1HR6XS.png,Animal,6,3,0.15
Chicken,Presence,2.196112848483529,NA,1.2455917393273728,1.1474024528375417,3.4085039568445934,1.00213318173367,Restaurant,V3Q26BHF3SE2H,finalized_redone_trunc,../../model_fits/finalized_redone_trunc/t2_a2_proportion_t/chicken_p/chicken_dishes_presence/plots/V3Q26BHF3SE2H.png,Animal,6,4,0.15
Chicken,Presence,0.3364722366212129,NA,1.0344121637543686,0.13976194237515863,0.5481214085096876,1.00081823236432,Restaurant,W8T41JZK0ZMEP,finalized_redone_trunc,../../model_fits/finalized_redone_trunc/t2_a2_proportion_t/chicken_p/chicken_dishes_presence/plots/W8T41JZK0ZMEP.png,Animal,6,6,0.15
Dairy,Count,0.3293037471426003,NA,1.033302702902953,0.131028262406404,0.5068176023684519,1.01608545141918,Restaurant,9XKJD8DQTH559,finalized_redone_trunc,../../model_fits/finalized_redone_trunc/t2_a2_proportion_t/dairy_p/dairy_dishes_count/plots/9XKJD8DQTH559.png,Animal,10,1,0.15
Dairy,Count,0.03922071315328133,NA,1.003716311503973,-0.10536051565782628,0.16551443847757333,1.00084055863915,Restaurant,C0BE4NDSW26QN,finalized_redone_trunc,../../model_fits/finalized_redone_trunc/t2_a2_proportion_t/dairy_p/dairy_dishes_count/plots/C0BE4NDSW26QN.png,Animal,10,7,0.15
Dairy,Count,0.04879016416943205,NA,1.0046085294426335,0.009950330853168092,0.08617769624105241,1.00176526838466,Restaurant,ED5J990H5VAZT,finalized_redone_trunc,../../model_fits/finalized_redone_trunc/t2_a2_proportion_t/dairy_p/dairy_dishes_count/plots/ED5J990H5VAZT.png,Animal,10,5,0.15
Dairy,Count,0.12221763272424911,NA,1.0122403831055269,-0.01005033585350145,0.27763173659827955,1.03184241093957,Restaurant,EMBVNVD207CC6,finalized_redone_trunc,../../model_fits/finalized_redone_trunc/t2_a2_proportion_t/dairy_p/dairy_dishes_count/plots/EMBVNVD207CC6.png,Animal,10,2,0.15
Dairy,Count,0.04879016416943205,NA,1.0045555739887049,0.009950330853168092,0.0769610411361284,1.0000880460273,Restaurant,JHDN7CF1C03X5,finalized_redone_trunc,../../model_fits/finalized_redone_trunc/t2_a2_proportion_t/dairy_p/dairy_dishes_count/plots/JHDN7CF1C03X5.png,Animal,10,6,0.15
Dairy,Count,0,NA,1.0002321161890084,-0.07257069283483537,0.0769610411361284,1.01097476057465,Restaurant,LBZEEFSBJNB3Z,finalized_redone_trunc,../../model_fits/finalized_redone_trunc/t2_a2_proportion_t/dairy_p/dairy_dishes_count/plots/LBZEEFSBJNB3Z.png,Animal,10,9,0.15
Dairy,Count,0.09531017980432493,NA,1.0098271539375048,-0.19845093872383832,0.4382549309311553,1.00582261438459,Restaurant,LFZFT3VASXPED,finalized_redone_trunc,../../model_fits/finalized_redone_trunc/t2_a2_proportion_t/dairy_p/dairy_dishes_count/plots/LFZFT3VASXPED.png,Animal,10,4,0.15
Dairy,Count,0.11332868530700327,NA,1.0115694899812002,-0.12783337150988489,0.3920420877760237,1.00566611603791,Restaurant,SAFK7ND1HR6XS,finalized_redone_trunc,../../model_fits/finalized_redone_trunc/t2_a2_proportion_t/dairy_p/dairy_dishes_count/plots/SAFK7ND1HR6XS.png,Animal,10,3,0.15
Dairy,Count,-0.020202707317519466,NA,0.9982275746672912,-0.12783337150988489,0.08617769624105241,1.00104520752112,Restaurant,V3Q26BHF3SE2H,finalized_redone_trunc,../../model_fits/finalized_redone_trunc/t2_a2_proportion_t/dairy_p/dairy_dishes_count/plots/V3Q26BHF3SE2H.png,Animal,10,10,0.15
Dairy,Count,0.02955880224154443,NA,1.00331330502032,0.009950330853168092,0.058268908123975824,1.00390860948262,Restaurant,W8T41JZK0ZMEP,finalized_redone_trunc,../../model_fits/finalized_redone_trunc/t2_a2_proportion_t/dairy_p/dairy_dishes_count/plots/W8T41JZK0ZMEP.png,Animal,10,8,0.15
Dairy,Presence,0.8285518175661483,NA,1.0863044615255655,0.5007752879124892,1.1568811967920856,1.00048490257787,Restaurant,9XKJD8DQTH559,finalized_redone_trunc,../../model_fits/finalized_redone_trunc/t2_a2_proportion_t/dairy_p/dairy_dishes_presence/plots/9XKJD8DQTH559.png,Animal,10,8,0.15
Dairy,Presence,1.0224509277025455,NA,1.107719493966233,-0.7985076962177716,2.9902170928658807,1.00517675955765,Restaurant,C0BE4NDSW26QN,finalized_redone_trunc,../../model_fits/finalized_redone_trunc/t2_a2_proportion_t/dairy_p/dairy_dishes_presence/plots/C0BE4NDSW26QN.png,Animal,10,7,0.15
Dairy,Presence,0.058268908123975824,NA,1.0059011834537408,-0.07257069283483537,0.19885085874516517,1.00060720826738,Restaurant,ED5J990H5VAZT,finalized_redone_trunc,../../model_fits/finalized_redone_trunc/t2_a2_proportion_t/dairy_p/dairy_dishes_presence/plots/ED5J990H5VAZT.png,Animal,10,9,0.15
Dairy,Presence,2.0425181875752383,NA,1.2265997602490986,1.144222799920162,3.0223742045004123,1.0020758557435,Restaurant,EMBVNVD207CC6,finalized_redone_trunc,../../model_fits/finalized_redone_trunc/t2_a2_proportion_t/dairy_p/dairy_dishes_presence/plots/EMBVNVD207CC6.png,Animal,10,1,0.15
Dairy,Presence,1.3887912413184778,NA,1.1490215872485214,-0.4620354595965587,3.5139306516493947,1.02161704956889,Restaurant,JHDN7CF1C03X5,finalized_redone_trunc,../../model_fits/finalized_redone_trunc/t2_a2_proportion_t/dairy_p/dairy_dishes_presence/plots/JHDN7CF1C03X5.png,Animal,10,3,0.15
Dairy,Presence,1.4011829736136412,NA,1.1504884649700842,-0.3285040669720361,3.5759906720353185,1.02035398233169,Restaurant,LBZEEFSBJNB3Z,finalized_redone_trunc,../../model_fits/finalized_redone_trunc/t2_a2_proportion_t/dairy_p/dairy_dishes_presence/plots/LBZEEFSBJNB3Z.png,Animal,10,2,0.15
Dairy,Presence,1.2267122912954254,NA,1.1303729779631868,-0.5621189181535413,3.2767673032839784,1.00492199159183,Restaurant,LFZFT3VASXPED,finalized_redone_trunc,../../model_fits/finalized_redone_trunc/t2_a2_proportion_t/dairy_p/dairy_dishes_presence/plots/LFZFT3VASXPED.png,Animal,10,5,0.15
Dairy,Presence,1.0715836162801904,NA,1.1129616783350107,-0.6733445532637656,3.015044584586364,1.00733732615629,Restaurant,SAFK7ND1HR6XS,finalized_redone_trunc,../../model_fits/finalized_redone_trunc/t2_a2_proportion_t/dairy_p/dairy_dishes_presence/plots/SAFK7ND1HR6XS.png,Animal,10,6,0.15
Dairy,Presence,-0.18632957819149348,NA,0.9817099799808898,-0.4307829160924542,0.06765864847381486,1.00059554887124,Restaurant,V3Q26BHF3SE2H,finalized_redone_trunc,../../model_fits/finalized_redone_trunc/t2_a2_proportion_t/dairy_p/dairy_dishes_presence/plots/V3Q26BHF3SE2H.png,Animal,10,10,0.15
Dairy,Presence,1.3454723665996355,NA,1.1440836579717153,-0.40047756659712525,3.4937765629552486,1.01041356809208,Restaurant,W8T41JZK0ZMEP,finalized_redone_trunc,../../model_fits/finalized_redone_trunc/t2_a2_proportion_t/dairy_p/dairy_dishes_presence/plots/W8T41JZK0ZMEP.png,Animal,10,4,0.15
Egg,Count,0.06765864847381486,NA,1.0067420505311646,0.009950330853168092,0.14842000511827322,1.00552521702983,Restaurant,78AY09MVJVTYE,finalized_redone_trunc,../../model_fits/finalized_redone_trunc/t2_a2_proportion_t/egg_p/egg_dishes_count/plots/78AY09MVJVTYE.png,Animal,5,1,0.15
Egg,Count,0.02955880224154443,NA,1.0032804928312435,0,0.06765864847381486,1.01277388121505,Restaurant,ED5J990H5VAZT,finalized_redone_trunc,../../model_fits/finalized_redone_trunc/t2_a2_proportion_t/egg_p/egg_dishes_count/plots/ED5J990H5VAZT.png,Animal,5,5,0.15
Egg,Count,0.03922071315328133,NA,1.0040866564405508,-0.040821994520255166,0.10436001532424286,1.00158137165739,Restaurant,LBZEEFSBJNB3Z,finalized_redone_trunc,../../model_fits/finalized_redone_trunc/t2_a2_proportion_t/egg_p/egg_dishes_count/plots/LBZEEFSBJNB3Z.png,Animal,5,4,0.15
Egg,Count,0.06765864847381486,NA,1.007008737257334,0.02955880224154443,0.131028262406404,1.01002967809778,Restaurant,V3Q26BHF3SE2H,finalized_redone_trunc,../../model_fits/finalized_redone_trunc/t2_a2_proportion_t/egg_p/egg_dishes_count/plots/V3Q26BHF3SE2H.png,Animal,5,2,0.15
Egg,Count,0.058268908123975824,NA,1.0055569797520991,0.02955880224154443,0.08617769624105241,1.00009575366493,Restaurant,W8T41JZK0ZMEP,finalized_redone_trunc,../../model_fits/finalized_redone_trunc/t2_a2_proportion_t/egg_p/egg_dishes_count/plots/W8T41JZK0ZMEP.png,Animal,5,3,0.15
Egg,Presence,0.08617769624105241,NA,1.0087954647000097,0,0.1823215567939546,1.00237037283173,Restaurant,78AY09MVJVTYE,finalized_redone_trunc,../../model_fits/finalized_redone_trunc/t2_a2_proportion_t/egg_p/egg_dishes_presence/plots/78AY09MVJVTYE.png,Animal,5,5,0.15
Egg,Presence,0.09531017980432493,NA,1.009342814269184,-0.06187540371808753,0.25464221837358075,1.00140083921507,Restaurant,ED5J990H5VAZT,finalized_redone_trunc,../../model_fits/finalized_redone_trunc/t2_a2_proportion_t/egg_p/egg_dishes_presence/plots/ED5J990H5VAZT.png,Animal,5,4,0.15
Egg,Presence,0.22314355131420976,NA,1.0222978693635119,-0.2876820724517809,1.8050046959780757,1.0143646906247,Restaurant,LBZEEFSBJNB3Z,finalized_redone_trunc,../../model_fits/finalized_redone_trunc/t2_a2_proportion_t/egg_p/egg_dishes_presence/plots/LBZEEFSBJNB3Z.png,Animal,5,1,0.15
Egg,Presence,0.131028262406404,NA,1.0134679008370382,-0.08338160893905101,0.412109650826833,1.00921594339451,Restaurant,V3Q26BHF3SE2H,finalized_redone_trunc,../../model_fits/finalized_redone_trunc/t2_a2_proportion_t/egg_p/egg_dishes_presence/plots/V3Q26BHF3SE2H.png,Animal,5,2,0.15
Egg,Presence,0.131028262406404,NA,1.013046725450083,-0.4620354595965587,0.7884573603642703,1.03839545314556,Restaurant,W8T41JZK0ZMEP,finalized_redone_trunc,../../model_fits/finalized_redone_trunc/t2_a2_proportion_t/egg_p/egg_dishes_presence/plots/W8T41JZK0ZMEP.png,Animal,5,3,0.15
Untextured,Count,0.17395330712343798,NA,1.0178718302046112,0.08617769624105241,0.2700271372130602,1.00017568735827,Restaurant,1SQPTEGYPH0GA,finalized_redone_trunc,../../model_fits/finalized_redone_trunc/t2_a2_proportion_t/untextured_p/untextured_dishes_count/plots/1SQPTEGYPH0GA.png,Animal,12,6,0.15
Untextured,Count,0.0769610411361284,NA,1.0077137217978178,0.02955880224154443,0.12221763272424911,0.999920558778355,Restaurant,9XKJD8DQTH559,finalized_redone_trunc,../../model_fits/finalized_redone_trunc/t2_a2_proportion_t/untextured_p/untextured_dishes_count/plots/9XKJD8DQTH559.png,Animal,12,11,0.15
Untextured,Count,0.16551443847757333,NA,1.0166123885309022,-0.040821994520255166,0.37843643572024505,1.00055291215551,Restaurant,C0BE4NDSW26QN,finalized_redone_trunc,../../model_fits/finalized_redone_trunc/t2_a2_proportion_t/untextured_p/untextured_dishes_count/plots/C0BE4NDSW26QN.png,Animal,12,7,0.15
Untextured,Count,-0.08338160893905101,NA,0.9916682422502192,-0.18632957819149348,0.02955880224154443,1.00282151810237,Restaurant,CB2KHY1C2G9PT,finalized_redone_trunc,../../model_fits/finalized_redone_trunc/t2_a2_proportion_t/untextured_p/untextured_dishes_count/plots/CB2KHY1C2G9PT.png,Animal,12,12,0.15
Untextured,Count,0.8372475245337022,NA,1.0871509301407913,0.01980262729617973,3.7407600759909254,1.02723563602912,Restaurant,EMBVNVD207CC6,finalized_redone_trunc,../../model_fits/finalized_redone_trunc/t2_a2_proportion_t/untextured_p/untextured_dishes_count/plots/EMBVNVD207CC6.png,Animal,12,1,0.15
Untextured,Count,0.12221763272424911,NA,1.0119342638974724,0.02955880224154443,0.22314355131420976,1.00135910228468,Restaurant,JHDN7CF1C03X5,finalized_redone_trunc,../../model_fits/finalized_redone_trunc/t2_a2_proportion_t/untextured_p/untextured_dishes_count/plots/JHDN7CF1C03X5.png,Animal,12,9,0.15
Untextured,Count,0.4054651081081644,NA,1.0417091856879557,-0.10536051565782628,1.541159071680806,1.01468052397313,Restaurant,LFZFT3VASXPED,finalized_redone_trunc,../../model_fits/finalized_redone_trunc/t2_a2_proportion_t/untextured_p/untextured_dishes_count/plots/LFZFT3VASXPED.png,Animal,12,2,0.15
Untextured,Count,0.22314355131420976,NA,1.0225707821214414,-0.10536051565782628,0.7839015438284094,1.01464297322953,Restaurant,LQ5EH4BKGV61T,finalized_redone_trunc,../../model_fits/finalized_redone_trunc/t2_a2_proportion_t/untextured_p/untextured_dishes_count/plots/LQ5EH4BKGV61T.png,Animal,12,5,0.15
Untextured,Count,0.11332868530700327,NA,1.0111678975890661,-0.01005033585350145,0.23111172096338664,1.00045313832555,Restaurant,S8MT0YGD2KTN9,finalized_redone_trunc,../../model_fits/finalized_redone_trunc/t2_a2_proportion_t/untextured_p/untextured_dishes_count/plots/S8MT0YGD2KTN9.png,Animal,12,10,0.15
Untextured,Count,0.3148107398400336,NA,1.0318295044786636,-0.2744368457017603,1.4816045409242156,1.01086721974932,Restaurant,SAFK7ND1HR6XS,finalized_redone_trunc,../../model_fits/finalized_redone_trunc/t2_a2_proportion_t/untextured_p/untextured_dishes_count/plots/SAFK7ND1HR6XS.png,Animal,12,4,0.15
Untextured,Count,0.16551443847757333,NA,1.0169054186665858,0.06765864847381486,0.2700271372130602,1.00126469788833,Restaurant,SRQS8F7JWA9MZ,finalized_redone_trunc,../../model_fits/finalized_redone_trunc/t2_a2_proportion_t/untextured_p/untextured_dishes_count/plots/SRQS8F7JWA9MZ.png,Animal,12,8,0.15
Untextured,Count,0.371563556432483,NA,1.0376368097168727,0.23901690047049992,0.5128236264286637,1.00450635504269,Restaurant,W8T41JZK0ZMEP,finalized_redone_trunc,../../model_fits/finalized_redone_trunc/t2_a2_proportion_t/untextured_p/untextured_dishes_count/plots/W8T41JZK0ZMEP.png,Animal,12,3,0.15
Untextured,Presence,3.248434627109745,NA,1.383827711680739,2.540814281726296,4.074141854904581,1.00018595032768,Restaurant,1SQPTEGYPH0GA,finalized_redone_trunc,../../model_fits/finalized_redone_trunc/t2_a2_proportion_t/untextured_p/untextured_dishes_presence/plots/1SQPTEGYPH0GA.png,Animal,12,3,0.15
Untextured,Presence,0.9400072584914712,NA,1.0983921635211682,-0.527632742082372,2.73696154459663,1.00157341336767,Restaurant,9XKJD8DQTH559,finalized_redone_trunc,../../model_fits/finalized_redone_trunc/t2_a2_proportion_t/untextured_p/untextured_dishes_presence/plots/9XKJD8DQTH559.png,Animal,12,10,0.15
Untextured,Presence,1.5769147207285403,NA,1.170745022616696,-0.7985076962177716,3.9693480720474157,1.00409260443102,Restaurant,C0BE4NDSW26QN,finalized_redone_trunc,../../model_fits/finalized_redone_trunc/t2_a2_proportion_t/untextured_p/untextured_dishes_presence/plots/C0BE4NDSW26QN.png,Animal,12,7,0.15
Untextured,Presence,0.9707789171582248,NA,1.1019982803719723,-1.8971199848858813,3.4553698605505483,1.00303353611257,Restaurant,CB2KHY1C2G9PT,finalized_redone_trunc,../../model_fits/finalized_redone_trunc/t2_a2_proportion_t/untextured_p/untextured_dishes_presence/plots/CB2KHY1C2G9PT.png,Animal,12,9,0.15
Untextured,Presence,4.336506119372072,NA,1.5428799201097725,2.4997952622817508,6.586585362369367,1.0028754680885,Restaurant,EMBVNVD207CC6,finalized_redone_trunc,../../model_fits/finalized_redone_trunc/t2_a2_proportion_t/untextured_p/untextured_dishes_presence/plots/EMBVNVD207CC6.png,Animal,12,1,0.15
Untextured,Presence,2.155244505095337,NA,1.2405029149304665,0.6523251860396901,3.940999113664663,1.0004907514927,Restaurant,JHDN7CF1C03X5,finalized_redone_trunc,../../model_fits/finalized_redone_trunc/t2_a2_proportion_t/untextured_p/untextured_dishes_presence/plots/JHDN7CF1C03X5.png,Animal,12,5,0.15
Untextured,Presence,2.647592232065096,NA,1.3031518214595348,0.0769610411361284,5.247865823051939,1.0078084881666,Restaurant,LFZFT3VASXPED,finalized_redone_trunc,../../model_fits/finalized_redone_trunc/t2_a2_proportion_t/untextured_p/untextured_dishes_presence/plots/LFZFT3VASXPED.png,Animal,12,4,0.15
Untextured,Presence,0.6830968447064438,NA,1.070713995825222,-0.2613647641344075,1.7884205679625405,1.00539214347436,Restaurant,LQ5EH4BKGV61T,finalized_redone_trunc,../../model_fits/finalized_redone_trunc/t2_a2_proportion_t/untextured_p/untextured_dishes_presence/plots/LQ5EH4BKGV61T.png,Animal,12,11,0.15
Untextured,Presence,3.5953926110204724,NA,1.4326705476911255,2.4915511925066687,4.96501011606998,1.00103396956505,Restaurant,S8MT0YGD2KTN9,finalized_redone_trunc,../../model_fits/finalized_redone_trunc/t2_a2_proportion_t/untextured_p/untextured_dishes_presence/plots/S8MT0YGD2KTN9.png,Animal,12,2,0.15
Untextured,Presence,2.012232791986386,NA,1.2229697721079436,-0.4780358009429998,4.572646994282532,1.00574609134971,Restaurant,SAFK7ND1HR6XS,finalized_redone_trunc,../../model_fits/finalized_redone_trunc/t2_a2_proportion_t/untextured_p/untextured_dishes_presence/plots/SAFK7ND1HR6XS.png,Animal,12,6,0.15
Untextured,Presence,0.14842000511827322,NA,1.015325428018466,0.04879016416943205,0.25464221837358075,1.00186036082605,Restaurant,SRQS8F7JWA9MZ,finalized_redone_trunc,../../model_fits/finalized_redone_trunc/t2_a2_proportion_t/untextured_p/untextured_dishes_presence/plots/SRQS8F7JWA9MZ.png,Animal,12,12,0.15
Untextured,Presence,1.252762968495368,NA,1.1335964518250825,0.8712933659434193,1.6789639750827108,1.00212598892709,Restaurant,W8T41JZK0ZMEP,finalized_redone_trunc,../../model_fits/finalized_redone_trunc/t2_a2_proportion_t/untextured_p/untextured_dishes_presence/plots/W8T41JZK0ZMEP.png,Animal,12,8,0.15
