outcome,exposure_group,exposure_type,mean,q2.5,q97.5,mean_exp,mean_exp_p10,rhat,estimate_type,restaurant_id,q16,q84,pred_path,color_group,left_ok,right_ok,color_group_inner,color_group_innerdark,color_group_restwash,q1_lo,q1_hi
nonvegan,Exposure: Vegan,Form: Count,1.0082187197595296,0.8852847943861101,1.136181576165437,1.0082187197595296,1.00081884807318,NA,Pooled,POOLED,0.9478770458586763,1.0683056653704825,../../model_fits/finalized_redone_trunc_cp/t2_a1_proportion/nonvegan/vegan_dishes_count/plots/all_restaurants_weekly.png,Animal,TRUE,TRUE,Animal_inner,Animal_innerdark,Animal_restwash,0.9478770458586763,1.0683056653704825
nonvegan,Exposure: Vegan,Form: Proportion,0.9898353701098683,0.8961824754554127,1.081675419183202,0.902879277480778,0.9898353701098683,NA,Pooled,POOLED,0.9440225986833185,1.0359924292739884,../../model_fits/finalized_redone_trunc_cp/t2_a1_proportion/nonvegan/vegan_dishes_prop/plots/all_restaurants_weekly.png,Animal,TRUE,TRUE,Animal_inner,Animal_innerdark,Animal_restwash,0.9440225986833185,1.0359924292739884
meat,Exposure: Vegan,Form: Count,1.0036040535384194,0.8706041293700127,1.1568591812069164,1.0036040535384194,1.0003598221704724,NA,Pooled,POOLED,0.9353932756303326,1.0762648604892548,../../model_fits/finalized_redone_trunc_cp/t2_a1_proportion/meat/vegan_dishes_count/plots/all_restaurants_weekly.png,Animal,TRUE,TRUE,Animal_inner,Animal_innerdark,Animal_restwash,0.9353932756303326,1.0762648604892548
meat,Exposure: Vegan,Form: Proportion,0.9654458771449339,0.8613778871872025,1.087373282388626,0.7035246562974496,0.9654458771449339,NA,Pooled,POOLED,0.9143156233478829,1.02093168686657,../../model_fits/finalized_redone_trunc_cp/t2_a1_proportion/meat/vegan_dishes_prop/plots/all_restaurants_weekly.png,Animal,TRUE,TRUE,Animal_inner,Animal_innerdark,Animal_restwash,0.9143156233478829,1.02093168686657
chicken_fish,Exposure: Vegan,Form: Count,0.9511926464016384,0.8496182570971765,1.059560972985018,0.9511926464016384,0.9950086320341196,NA,Pooled,POOLED,0.8961870084546255,1.0099760592708467,../../model_fits/finalized_redone_trunc_cp/t2_a1_proportion/chicken_fish/vegan_dishes_count/plots/all_restaurants_weekly.png,Animal,TRUE,TRUE,Animal_inner,Animal_innerdark,Animal_restwash,0.8961870084546255,1.0099760592708467
chicken_fish,Exposure: Vegan,Form: Proportion,0.9116321432277057,0.7917001676858375,1.0471783648400075,0.39645718741175645,0.9116321432277057,NA,Pooled,POOLED,0.847148475417727,0.9793599634888501,../../model_fits/finalized_redone_trunc_cp/t2_a1_proportion/chicken_fish/vegan_dishes_prop/plots/all_restaurants_weekly.png,Animal,TRUE,TRUE,Animal_inner,Animal_innerdark,Animal_restwash,0.847148475417727,0.9793599634888501
vegetarian,Exposure: Vegan,Form: Count,0.9855734346955798,0.8851111983625071,1.0847853260595544,0.9855734346955798,0.9985478913315536,NA,Pooled,POOLED,0.9326083257377865,1.0412166329506425,../../model_fits/finalized_redone_trunc/t2_a1_proportion/vegetarian/vegan_dishes_count/plots/all_restaurants_weekly.png,Plant-based,TRUE,TRUE,Plant-based_inner,Plant-based_innerdark,Plant-based_restwash,0.9326083257377865,1.0412166329506425
vegetarian,Exposure: Vegan,Form: Proportion,0.9860997496724858,0.9041799628078966,1.0813155588626446,0.8693776788131657,0.9860997496724858,NA,Pooled,POOLED,0.944320401362113,1.0319059089863716,../../model_fits/finalized_redone_trunc/t2_a1_proportion/vegetarian/vegan_dishes_prop/plots/all_restaurants_weekly.png,Plant-based,TRUE,TRUE,Plant-based_inner,Plant-based_innerdark,Plant-based_restwash,0.944320401362113,1.0319059089863716
vegan,Exposure: Vegan,Form: Count,1.0191259172119569,0.9155823429650082,1.1543475668103078,1.0191259172119569,1.0018963273588533,NA,Pooled,POOLED,0.9624858540683933,1.094352875180824,../../model_fits/finalized_redone_trunc/t2_a1_proportion/vegan/vegan_dishes_count/plots/all_restaurants_weekly.png,Plant-based,TRUE,TRUE,Plant-based_inner,Plant-based_innerdark,Plant-based_restwash,0.9624858540683933,1.094352875180824
vegan,Exposure: Vegan,Form: Proportion,1.0323716023059066,0.9128490279728416,1.1657764051703707,1.3751830093900024,1.0323716023059066,NA,Pooled,POOLED,0.9711065252136165,1.0954739240653624,../../model_fits/finalized_redone_trunc/t2_a1_proportion/vegan/vegan_dishes_prop/plots/all_restaurants_weekly.png,Plant-based,TRUE,TRUE,Plant-based_inner,Plant-based_innerdark,Plant-based_restwash,0.9711065252136165,1.0954739240653624
nonvegan,Exposure: Vegan,Form: Count,0.9881317894483823,0.947736971688451,1.031095754926979,0.9881317894483823,0.9988067924389233,NA,Restaurant,1SQPTEGYPH0GA,0.968061629977607,1.0094336550431338,../../model_fits/finalized_redone_trunc_cp/t2_a1_proportion/nonvegan/vegan_dishes_count/plots/1SQPTEGYPH0GA.png,Animal,TRUE,TRUE,Animal_inner,Animal_innerdark,Animal_restwash,0.968061629977607,1.0094336550431338
nonvegan,Exposure: Vegan,Form: Count,0.9966749487673741,0.8865631339180948,1.121436146267914,0.9966749487673741,0.9996669963080416,NA,Restaurant,2HRX9P6HKXA8V,0.9382891806509354,1.0582998604890383,../../model_fits/finalized_redone_trunc_cp/t2_a1_proportion/nonvegan/vegan_dishes_count/plots/2HRX9P6HKXA8V.png,Animal,TRUE,TRUE,Animal_inner,Animal_innerdark,Animal_restwash,0.9382891806509354,1.0582998604890383
nonvegan,Exposure: Vegan,Form: Count,0.9934449849608633,0.9658389947144151,1.0224205336239987,0.9934449849608633,0.9993425568605101,NA,Restaurant,78AY09MVJVTYE,0.9788595318876184,1.0088443633301356,../../model_fits/finalized_redone_trunc_cp/t2_a1_proportion/nonvegan/vegan_dishes_count/plots/78AY09MVJVTYE.png,Animal,TRUE,TRUE,Animal_inner,Animal_innerdark,Animal_restwash,0.9788595318876184,1.0088443633301356
nonvegan,Exposure: Vegan,Form: Count,0.9959013674159993,0.9743219428722888,1.016787841464923,0.9959013674159993,0.9995893788279588,NA,Restaurant,9XKJD8DQTH559,0.9856232657991029,1.0069598085556628,../../model_fits/finalized_redone_trunc_cp/t2_a1_proportion/nonvegan/vegan_dishes_count/plots/9XKJD8DQTH559.png,Animal,TRUE,TRUE,Animal_inner,Animal_innerdark,Animal_restwash,0.9856232657991029,1.0069598085556628
nonvegan,Exposure: Vegan,Form: Count,0.9963733975653024,0.9476969540359094,1.043985241013218,0.9963733975653024,0.999636746542519,NA,Restaurant,C0BE4NDSW26QN,0.9726757427468018,1.0220145400754443,../../model_fits/finalized_redone_trunc_cp/t2_a1_proportion/nonvegan/vegan_dishes_count/plots/C0BE4NDSW26QN.png,Animal,TRUE,TRUE,Animal_inner,Animal_innerdark,Animal_restwash,0.9726757427468018,1.0220145400754443
nonvegan,Exposure: Vegan,Form: Count,0.9984012618455841,0.9756800922820112,1.0209451593435608,0.9984012618455841,0.9998400110495973,NA,Restaurant,CB2KHY1C2G9PT,0.9863380870473687,1.0092727154949193,../../model_fits/finalized_redone_trunc_cp/t2_a1_proportion/nonvegan/vegan_dishes_count/plots/CB2KHY1C2G9PT.png,Animal,TRUE,TRUE,Animal_inner,Animal_innerdark,Animal_restwash,0.9863380870473687,1.0092727154949193
nonvegan,Exposure: Vegan,Form: Count,0.9881234743543599,0.9217606726528209,1.0572703809416475,0.9881234743543599,0.9988059519433611,NA,Restaurant,ED5J990H5VAZT,0.9526451339381915,1.02230008957308,../../model_fits/finalized_redone_trunc_cp/t2_a1_proportion/nonvegan/vegan_dishes_count/plots/ED5J990H5VAZT.png,Animal,TRUE,TRUE,Animal_inner,Animal_innerdark,Animal_restwash,0.9526451339381915,1.02230008957308
nonvegan,Exposure: Vegan,Form: Count,1.0323362576044102,0.8726796513280307,1.2245054041466505,1.0323362576044102,1.003187513852716,NA,Restaurant,EMBVNVD207CC6,0.9486390227334695,1.1312405717130911,../../model_fits/finalized_redone_trunc_cp/t2_a1_proportion/nonvegan/vegan_dishes_count/plots/EMBVNVD207CC6.png,Animal,TRUE,TRUE,Animal_inner,Animal_innerdark,Animal_restwash,0.9486390227334695,1.1312405717130911
nonvegan,Exposure: Vegan,Form: Count,0.9935664529569234,0.9687189928887222,1.0167621694618698,0.9935664529569234,0.99935477509717,NA,Restaurant,JHDN7CF1C03X5,0.9811628603191391,1.0057400584037304,../../model_fits/finalized_redone_trunc_cp/t2_a1_proportion/nonvegan/vegan_dishes_count/plots/JHDN7CF1C03X5.png,Animal,TRUE,TRUE,Animal_inner,Animal_innerdark,Animal_restwash,0.9811628603191391,1.0057400584037304
nonvegan,Exposure: Vegan,Form: Count,0.990969107198306,0.9251558884637987,1.0528131131647744,0.990969107198306,0.9990932195241186,NA,Restaurant,L69HYJ4Y3TR91,0.9583714918010139,1.0215515828891881,../../model_fits/finalized_redone_trunc_cp/t2_a1_proportion/nonvegan/vegan_dishes_count/plots/L69HYJ4Y3TR91.png,Animal,TRUE,TRUE,Animal_inner,Animal_innerdark,Animal_restwash,0.9583714918010139,1.0215515828891881
nonvegan,Exposure: Vegan,Form: Count,1.0156780052919057,0.9457518080572586,1.0904713546756246,1.0156780052919057,1.0015568481317023,NA,Restaurant,LBZEEFSBJNB3Z,0.9765883576639245,1.054710782020722,../../model_fits/finalized_redone_trunc_cp/t2_a1_proportion/nonvegan/vegan_dishes_count/plots/LBZEEFSBJNB3Z.png,Animal,TRUE,TRUE,Animal_inner,Animal_innerdark,Animal_restwash,0.9765883576639245,1.054710782020722
nonvegan,Exposure: Vegan,Form: Count,1.0058993577248514,0.7893205449513826,1.2492601117612772,1.0058993577248514,1.000588375489993,NA,Restaurant,LFZFT3VASXPED,0.8933295316804368,1.1310313463550083,../../model_fits/finalized_redone_trunc_cp/t2_a1_proportion/nonvegan/vegan_dishes_count/plots/LFZFT3VASXPED.png,Animal,TRUE,TRUE,Animal_inner,Animal_innerdark,Animal_restwash,0.8933295316804368,1.1310313463550083
nonvegan,Exposure: Vegan,Form: Count,0.9708777652912061,0.7755415849685909,1.2199311009264973,0.9708777652912061,0.9970488927032434,NA,Restaurant,LQ5EH4BKGV61T,0.8732931984189062,1.0967388436259966,../../model_fits/finalized_redone_trunc_cp/t2_a1_proportion/nonvegan/vegan_dishes_count/plots/LQ5EH4BKGV61T.png,Animal,TRUE,TRUE,Animal_inner,Animal_innerdark,Animal_restwash,0.8732931984189062,1.0967388436259966
nonvegan,Exposure: Vegan,Form: Count,1.0238357851573197,0.9138399107237264,1.1520312070385812,1.0238357851573197,1.0023583914102758,NA,Restaurant,S8MT0YGD2KTN9,0.9635032309366716,1.0896981533864605,../../model_fits/finalized_redone_trunc_cp/t2_a1_proportion/nonvegan/vegan_dishes_count/plots/S8MT0YGD2KTN9.png,Animal,TRUE,TRUE,Animal_inner,Animal_innerdark,Animal_restwash,0.9635032309366716,1.0896981533864605
nonvegan,Exposure: Vegan,Form: Count,1.0107522241186624,0.715760052191644,1.363417639856189,1.0107522241186624,1.0010700551008762,NA,Restaurant,SAFK7ND1HR6XS,0.8548632803971029,1.1839686016122395,../../model_fits/finalized_redone_trunc_cp/t2_a1_proportion/nonvegan/vegan_dishes_count/plots/SAFK7ND1HR6XS.png,Animal,TRUE,TRUE,Animal_inner,Animal_innerdark,Animal_restwash,0.8548632803971029,1.1839686016122395
nonvegan,Exposure: Vegan,Form: Count,0.9295621966181047,0.7847801628461891,1.1208483738857098,0.9295621966181047,0.9927224545188925,NA,Restaurant,SRQS8F7JWA9MZ,0.848024420029726,1.022741887346632,../../model_fits/finalized_redone_trunc_cp/t2_a1_proportion/nonvegan/vegan_dishes_count/plots/SRQS8F7JWA9MZ.png,Animal,TRUE,TRUE,Animal_inner,Animal_innerdark,Animal_restwash,0.848024420029726,1.022741887346632
nonvegan,Exposure: Vegan,Form: Count,0.9639697784679486,0.9028595231948776,1.03974545433639,0.9639697784679486,0.9963371910102673,NA,Restaurant,V3Q26BHF3SE2H,0.9326298561821195,1.0005272621538481,../../model_fits/finalized_redone_trunc_cp/t2_a1_proportion/nonvegan/vegan_dishes_count/plots/V3Q26BHF3SE2H.png,Animal,TRUE,TRUE,Animal_inner,Animal_innerdark,Animal_restwash,0.9326298561821195,1.0005272621538481
nonvegan,Exposure: Vegan,Form: Count,1.0084820539907917,0.9890616714968543,1.027744227123034,1.0084820539907917,1.000844985148972,NA,Restaurant,W8T41JZK0ZMEP,0.9985533861959506,1.0184612358488305,../../model_fits/finalized_redone_trunc_cp/t2_a1_proportion/nonvegan/vegan_dishes_count/plots/W8T41JZK0ZMEP.png,Animal,TRUE,TRUE,Animal_inner,Animal_innerdark,Animal_restwash,0.9985533861959506,1.0184612358488305
nonvegan,Exposure: Vegan,Form: Proportion,0.9935170654863952,0.8358082252262711,1.1733097075460384,0.9370296066165947,0.9935170654863952,NA,Restaurant,1SQPTEGYPH0GA,0.9127295400676585,1.0835731647737041,../../model_fits/finalized_redone_trunc_cp/t2_a1_proportion/nonvegan/vegan_dishes_prop/plots/1SQPTEGYPH0GA.png,Animal,TRUE,TRUE,Animal_inner,Animal_innerdark,Animal_restwash,0.9127295400676585,1.0835731647737041
nonvegan,Exposure: Vegan,Form: Proportion,0.9939600035623168,0.8103358200954753,1.212006901545037,0.9412155413440586,0.9939600035623168,NA,Restaurant,2HRX9P6HKXA8V,0.8935712892962144,1.099439049925426,../../model_fits/finalized_redone_trunc_cp/t2_a1_proportion/nonvegan/vegan_dishes_prop/plots/2HRX9P6HKXA8V.png,Animal,TRUE,TRUE,Animal_inner,Animal_innerdark,Animal_restwash,0.8935712892962144,1.099439049925426
nonvegan,Exposure: Vegan,Form: Proportion,0.9969903481099578,0.9272581574921996,1.0709474504823142,0.9703078370970919,0.9969903481099578,NA,Restaurant,78AY09MVJVTYE,0.9600064984619197,1.0338987655546263,../../model_fits/finalized_redone_trunc_cp/t2_a1_proportion/nonvegan/vegan_dishes_prop/plots/78AY09MVJVTYE.png,Animal,TRUE,TRUE,Animal_inner,Animal_innerdark,Animal_restwash,0.9600064984619197,1.0338987655546263
nonvegan,Exposure: Vegan,Form: Proportion,0.9712214090549747,0.8392714518583155,1.13525842671284,0.74676244983459,0.9712214090549747,NA,Restaurant,9XKJD8DQTH559,0.8999476867324793,1.0504733141692402,../../model_fits/finalized_redone_trunc_cp/t2_a1_proportion/nonvegan/vegan_dishes_prop/plots/9XKJD8DQTH559.png,Animal,TRUE,TRUE,Animal_inner,Animal_innerdark,Animal_restwash,0.8999476867324793,1.0504733141692402
nonvegan,Exposure: Vegan,Form: Proportion,0.9953728678140034,0.8296868500535819,1.1921200141062387,0.9546803515006331,0.9953728678140034,NA,Restaurant,C0BE4NDSW26QN,0.911557939391384,1.0847120719277328,../../model_fits/finalized_redone_trunc_cp/t2_a1_proportion/nonvegan/vegan_dishes_prop/plots/C0BE4NDSW26QN.png,Animal,TRUE,TRUE,Animal_inner,Animal_innerdark,Animal_restwash,0.911557939391384,1.0847120719277328
nonvegan,Exposure: Vegan,Form: Proportion,0.9870573932991467,0.9091585705217449,1.0708264635277458,0.8778575695285753,0.9870573932991467,NA,Restaurant,CB2KHY1C2G9PT,0.9456793891855,1.0298361107040825,../../model_fits/finalized_redone_trunc_cp/t2_a1_proportion/nonvegan/vegan_dishes_prop/plots/CB2KHY1C2G9PT.png,Animal,TRUE,TRUE,Animal_inner,Animal_innerdark,Animal_restwash,0.9456793891855,1.0298361107040825
nonvegan,Exposure: Vegan,Form: Proportion,0.9891942362796509,0.8649996465829202,1.1247781908183045,0.8970481853744102,0.9891942362796509,NA,Restaurant,ED5J990H5VAZT,0.924369044046507,1.0566820894409445,../../model_fits/finalized_redone_trunc_cp/t2_a1_proportion/nonvegan/vegan_dishes_prop/plots/ED5J990H5VAZT.png,Animal,TRUE,TRUE,Animal_inner,Animal_innerdark,Animal_restwash,0.924369044046507,1.0566820894409445
nonvegan,Exposure: Vegan,Form: Proportion,0.9886025106609204,0.9023540359045996,1.08417521953521,0.8916965587948302,0.9886025106609204,NA,Restaurant,EMBVNVD207CC6,0.9440531913641496,1.0364518422050897,../../model_fits/finalized_redone_trunc_cp/t2_a1_proportion/nonvegan/vegan_dishes_prop/plots/EMBVNVD207CC6.png,Animal,TRUE,TRUE,Animal_inner,Animal_innerdark,Animal_restwash,0.9440531913641496,1.0364518422050897
nonvegan,Exposure: Vegan,Form: Proportion,0.9633321075346106,0.8455706376236292,1.0977581953960767,0.6882723994328134,0.9633321075346106,NA,Restaurant,JHDN7CF1C03X5,0.9016294488075182,1.0285049069123104,../../model_fits/finalized_redone_trunc_cp/t2_a1_proportion/nonvegan/vegan_dishes_prop/plots/JHDN7CF1C03X5.png,Animal,TRUE,TRUE,Animal_inner,Animal_innerdark,Animal_restwash,0.9016294488075182,1.0285049069123104
nonvegan,Exposure: Vegan,Form: Proportion,0.949262966720373,0.7705792102939291,1.178271866759416,0.594107975026431,0.949262966720373,NA,Restaurant,L69HYJ4Y3TR91,0.853889823339,1.060293223273659,../../model_fits/finalized_redone_trunc_cp/t2_a1_proportion/nonvegan/vegan_dishes_prop/plots/L69HYJ4Y3TR91.png,Animal,TRUE,TRUE,Animal_inner,Animal_innerdark,Animal_restwash,0.853889823339,1.060293223273659
nonvegan,Exposure: Vegan,Form: Proportion,1.0594420641761613,0.8597464612072979,1.300162147161114,1.7814437837594093,1.0594420641761613,NA,Restaurant,LBZEEFSBJNB3Z,0.9525379708179915,1.1737601633805326,../../model_fits/finalized_redone_trunc_cp/t2_a1_proportion/nonvegan/vegan_dishes_prop/plots/LBZEEFSBJNB3Z.png,Animal,TRUE,TRUE,Animal_inner,Animal_innerdark,Animal_restwash,0.9525379708179915,1.1737601633805326
nonvegan,Exposure: Vegan,Form: Proportion,0.9666032908640788,0.6910170515264051,1.380314949872302,0.7120044269237172,0.9666032908640788,NA,Restaurant,LFZFT3VASXPED,0.8116743866059162,1.1591782591478281,../../model_fits/finalized_redone_trunc_cp/t2_a1_proportion/nonvegan/vegan_dishes_prop/plots/LFZFT3VASXPED.png,Animal,TRUE,TRUE,Animal_inner,Animal_innerdark,Animal_restwash,0.8116743866059162,1.1591782591478281
nonvegan,Exposure: Vegan,Form: Proportion,1.0029531600110073,0.7779491195331538,1.3146413476994203,1.0299271586669907,1.0029531600110073,NA,Restaurant,LQ5EH4BKGV61T,0.893366100172892,1.1512344439414994,../../model_fits/finalized_redone_trunc_cp/t2_a1_proportion/nonvegan/vegan_dishes_prop/plots/LQ5EH4BKGV61T.png,Animal,TRUE,TRUE,Animal_inner,Animal_innerdark,Animal_restwash,0.893366100172892,1.1512344439414994
nonvegan,Exposure: Vegan,Form: Proportion,0.9966202681946722,0.7607395505657626,1.2872336530661739,0.9667120930204806,0.9966202681946722,NA,Restaurant,S8MT0YGD2KTN9,0.8708435916860487,1.1363772560022023,../../model_fits/finalized_redone_trunc_cp/t2_a1_proportion/nonvegan/vegan_dishes_prop/plots/S8MT0YGD2KTN9.png,Animal,TRUE,TRUE,Animal_inner,Animal_innerdark,Animal_restwash,0.8708435916860487,1.1363772560022023
nonvegan,Exposure: Vegan,Form: Proportion,0.9946526681513589,0.7256342758361203,1.358664388500645,0.9477952320554224,0.9946526681513589,NA,Restaurant,SAFK7ND1HR6XS,0.8505666118855942,1.170280177206833,../../model_fits/finalized_redone_trunc_cp/t2_a1_proportion/nonvegan/vegan_dishes_prop/plots/SAFK7ND1HR6XS.png,Animal,TRUE,TRUE,Animal_inner,Animal_innerdark,Animal_restwash,0.8505666118855942,1.170280177206833
nonvegan,Exposure: Vegan,Form: Proportion,0.9850226235527032,0.9202425976059565,1.0540820661916335,0.8599279261920466,0.9850226235527032,NA,Restaurant,SRQS8F7JWA9MZ,0.9522580412361569,1.0197488121800542,../../model_fits/finalized_redone_trunc_cp/t2_a1_proportion/nonvegan/vegan_dishes_prop/plots/SRQS8F7JWA9MZ.png,Animal,TRUE,TRUE,Animal_inner,Animal_innerdark,Animal_restwash,0.9522580412361569,1.0197488121800542
nonvegan,Exposure: Vegan,Form: Proportion,0.9502657278250743,0.845975122784796,1.0770909212974435,0.6004137968839074,0.9502657278250743,NA,Restaurant,V3Q26BHF3SE2H,0.897741886060797,1.0083837367248936,../../model_fits/finalized_redone_trunc_cp/t2_a1_proportion/nonvegan/vegan_dishes_prop/plots/V3Q26BHF3SE2H.png,Animal,TRUE,TRUE,Animal_inner,Animal_innerdark,Animal_restwash,0.897741886060797,1.0083837367248936
nonvegan,Exposure: Vegan,Form: Proportion,0.9768286413540324,0.8545918756082794,1.1108255709652977,0.7910134164344353,0.9768286413540324,NA,Restaurant,W8T41JZK0ZMEP,0.909765699248948,1.0451704461081786,../../model_fits/finalized_redone_trunc_cp/t2_a1_proportion/nonvegan/vegan_dishes_prop/plots/W8T41JZK0ZMEP.png,Animal,TRUE,TRUE,Animal_inner,Animal_innerdark,Animal_restwash,0.909765699248948,1.0451704461081786
meat,Exposure: Vegan,Form: Count,0.9572165582175632,0.9207504904440287,1.0007615828570666,0.9572165582175632,0.9956369832830169,NA,Restaurant,1SQPTEGYPH0GA,0.9378110652862537,0.9776722893150047,../../model_fits/finalized_redone_trunc_cp/t2_a1_proportion/meat/vegan_dishes_count/plots/1SQPTEGYPH0GA.png,Animal,TRUE,TRUE,Animal_inner,Animal_innerdark,Animal_restwash,0.9378110652862537,0.9776722893150047
meat,Exposure: Vegan,Form: Count,0.9375363589590074,0.8308893115050899,1.0579050961407523,0.9375363589590074,0.993570782531532,NA,Restaurant,2HRX9P6HKXA8V,0.8812078301823172,0.9952708209092039,../../model_fits/finalized_redone_trunc_cp/t2_a1_proportion/meat/vegan_dishes_count/plots/2HRX9P6HKXA8V.png,Animal,TRUE,TRUE,Animal_inner,Animal_innerdark,Animal_restwash,0.8812078301823172,0.9952708209092039
meat,Exposure: Vegan,Form: Count,0.9989972704695789,0.9698862047529938,1.0305256563652483,0.9989972704695789,0.99989968177221,NA,Restaurant,78AY09MVJVTYE,0.9835236863927447,1.0153310705590533,../../model_fits/finalized_redone_trunc_cp/t2_a1_proportion/meat/vegan_dishes_count/plots/78AY09MVJVTYE.png,Animal,TRUE,TRUE,Animal_inner,Animal_innerdark,Animal_restwash,0.9835236863927447,1.0153310705590533
meat,Exposure: Vegan,Form: Count,0.9952574306654663,0.9755813102589703,1.018585959211829,0.9952574306654663,0.9995247278775933,NA,Restaurant,9XKJD8DQTH559,0.9856382421035819,1.0065671067417326,../../model_fits/finalized_redone_trunc_cp/t2_a1_proportion/meat/vegan_dishes_count/plots/9XKJD8DQTH559.png,Animal,TRUE,TRUE,Animal_inner,Animal_innerdark,Animal_restwash,0.9856382421035819,1.0065671067417326
meat,Exposure: Vegan,Form: Count,0.9931215838457179,0.9444296375038016,1.0420005585760501,0.9931215838457179,0.9993100199957533,NA,Restaurant,C0BE4NDSW26QN,0.9677730413608623,1.0187476876714463,../../model_fits/finalized_redone_trunc_cp/t2_a1_proportion/meat/vegan_dishes_count/plots/C0BE4NDSW26QN.png,Animal,TRUE,TRUE,Animal_inner,Animal_innerdark,Animal_restwash,0.9677730413608623,1.0187476876714463
meat,Exposure: Vegan,Form: Count,0.9940436846015133,0.9715556728242437,1.016159775329561,0.9940436846015133,0.9994027659153166,NA,Restaurant,CB2KHY1C2G9PT,0.9822305996378298,1.0055490251615031,../../model_fits/finalized_redone_trunc_cp/t2_a1_proportion/meat/vegan_dishes_count/plots/CB2KHY1C2G9PT.png,Animal,TRUE,TRUE,Animal_inner,Animal_innerdark,Animal_restwash,0.9822305996378298,1.0055490251615031
meat,Exposure: Vegan,Form: Count,0.8983149440158107,0.8266633603506862,0.9731920982054981,0.8983149440158107,0.9893338357792315,NA,Restaurant,ED5J990H5VAZT,0.862972195259952,0.9344654567399042,../../model_fits/finalized_redone_trunc_cp/t2_a1_proportion/meat/vegan_dishes_count/plots/ED5J990H5VAZT.png,Animal,TRUE,TRUE,Animal_inner,Animal_innerdark,Animal_restwash,0.862972195259952,0.9344654567399042
meat,Exposure: Vegan,Form: Count,1.0197176650401234,0.8608566830280157,1.2244516639266378,1.0197176650401234,1.0019544865237038,NA,Restaurant,EMBVNVD207CC6,0.9317259900648223,1.1200239820249107,../../model_fits/finalized_redone_trunc_cp/t2_a1_proportion/meat/vegan_dishes_count/plots/EMBVNVD207CC6.png,Animal,TRUE,TRUE,Animal_inner,Animal_innerdark,Animal_restwash,0.9317259900648223,1.1200239820249107
meat,Exposure: Vegan,Form: Count,0.9753388850246664,0.9506722282859595,0.996742658909133,0.9753388850246664,0.9975060855856343,NA,Restaurant,JHDN7CF1C03X5,0.9632900117198513,0.9870706599292478,../../model_fits/finalized_redone_trunc_cp/t2_a1_proportion/meat/vegan_dishes_count/plots/JHDN7CF1C03X5.png,Animal,TRUE,TRUE,Animal_inner,Animal_innerdark,Animal_restwash,0.9632900117198513,0.9870706599292478
meat,Exposure: Vegan,Form: Count,0.9918246067909464,0.9216232717679527,1.0669518447416104,0.9918246067909464,0.999179437345816,NA,Restaurant,L69HYJ4Y3TR91,0.9522889906206041,1.0303180052176386,../../model_fits/finalized_redone_trunc_cp/t2_a1_proportion/meat/vegan_dishes_count/plots/L69HYJ4Y3TR91.png,Animal,TRUE,TRUE,Animal_inner,Animal_innerdark,Animal_restwash,0.9522889906206041,1.0303180052176386
meat,Exposure: Vegan,Form: Count,1.082926522546778,0.9983631191531918,1.1644049314315255,1.082926522546778,1.0079985306403008,NA,Restaurant,LBZEEFSBJNB3Z,1.0425539299920097,1.1270688107501492,../../model_fits/finalized_redone_trunc_cp/t2_a1_proportion/meat/vegan_dishes_count/plots/LBZEEFSBJNB3Z.png,Animal,TRUE,TRUE,Animal_inner,Animal_innerdark,Animal_restwash,1.0425539299920097,1.1270688107501492
meat,Exposure: Vegan,Form: Count,1.018086878881988,0.8061987819730567,1.2844606781162942,1.018086878881988,1.0017941332546005,NA,Restaurant,LFZFT3VASXPED,0.9087727184000342,1.147062083987401,../../model_fits/finalized_redone_trunc_cp/t2_a1_proportion/meat/vegan_dishes_count/plots/LFZFT3VASXPED.png,Animal,TRUE,TRUE,Animal_inner,Animal_innerdark,Animal_restwash,0.9087727184000342,1.147062083987401
meat,Exposure: Vegan,Form: Count,1.0539086821084849,0.8279120300641793,1.3591520451430283,1.0539086821084849,1.0052643891557358,NA,Restaurant,LQ5EH4BKGV61T,0.9274158772839834,1.2015787111677458,../../model_fits/finalized_redone_trunc_cp/t2_a1_proportion/meat/vegan_dishes_count/plots/LQ5EH4BKGV61T.png,Animal,TRUE,TRUE,Animal_inner,Animal_innerdark,Animal_restwash,0.9274158772839834,1.2015787111677458
meat,Exposure: Vegan,Form: Count,1.0274685701411541,0.9134686083074456,1.146050703407613,1.0274685701411541,1.0027134826728517,NA,Restaurant,S8MT0YGD2KTN9,0.9674689397375229,1.091794041725724,../../model_fits/finalized_redone_trunc_cp/t2_a1_proportion/meat/vegan_dishes_count/plots/S8MT0YGD2KTN9.png,Animal,TRUE,TRUE,Animal_inner,Animal_innerdark,Animal_restwash,0.9674689397375229,1.091794041725724
meat,Exposure: Vegan,Form: Count,0.9958906914105641,0.7115976204245779,1.378188757185072,0.9958906914105641,0.9995883072687191,NA,Restaurant,SAFK7ND1HR6XS,0.8427399040401733,1.1606071000451745,../../model_fits/finalized_redone_trunc_cp/t2_a1_proportion/meat/vegan_dishes_count/plots/SAFK7ND1HR6XS.png,Animal,TRUE,TRUE,Animal_inner,Animal_innerdark,Animal_restwash,0.8427399040401733,1.1606071000451745
meat,Exposure: Vegan,Form: Count,1.0253742008837623,0.8605865165067929,1.22325566067942,1.0253742008837623,1.0025089040454582,NA,Restaurant,SRQS8F7JWA9MZ,0.9349689339194841,1.1227326570307423,../../model_fits/finalized_redone_trunc_cp/t2_a1_proportion/meat/vegan_dishes_count/plots/SRQS8F7JWA9MZ.png,Animal,TRUE,TRUE,Animal_inner,Animal_innerdark,Animal_restwash,0.9349689339194841,1.1227326570307423
meat,Exposure: Vegan,Form: Count,0.9399170794125704,0.8779286837221526,1.0124219865914679,0.9399170794125704,0.9938227957615309,NA,Restaurant,V3Q26BHF3SE2H,0.9062751192538788,0.976974588305833,../../model_fits/finalized_redone_trunc_cp/t2_a1_proportion/meat/vegan_dishes_count/plots/V3Q26BHF3SE2H.png,Animal,TRUE,TRUE,Animal_inner,Animal_innerdark,Animal_restwash,0.9062751192538788,0.976974588305833
meat,Exposure: Vegan,Form: Count,0.9657607568110779,0.9458127608644795,0.9835934063268127,0.9657607568110779,0.996522147866477,NA,Restaurant,W8T41JZK0ZMEP,0.9561357358716933,0.9750094526578442,../../model_fits/finalized_redone_trunc_cp/t2_a1_proportion/meat/vegan_dishes_count/plots/W8T41JZK0ZMEP.png,Animal,TRUE,TRUE,Animal_inner,Animal_innerdark,Animal_restwash,0.9561357358716933,0.9750094526578442
meat,Exposure: Vegan,Form: Proportion,0.9000539630597634,0.7544686936522842,1.0712597100094958,0.3488875604676869,0.9000539630597634,NA,Restaurant,1SQPTEGYPH0GA,0.8222850359251062,0.9853817053046485,../../model_fits/finalized_redone_trunc_cp/t2_a1_proportion/meat/vegan_dishes_prop/plots/1SQPTEGYPH0GA.png,Animal,TRUE,TRUE,Animal_inner,Animal_innerdark,Animal_restwash,0.8222850359251062,0.9853817053046485
meat,Exposure: Vegan,Form: Proportion,0.8697961644675742,0.6955646914937839,1.0909847965835144,0.2478419870189626,0.8697961644675742,NA,Restaurant,2HRX9P6HKXA8V,0.7774311748035241,0.9722069230324435,../../model_fits/finalized_redone_trunc_cp/t2_a1_proportion/meat/vegan_dishes_prop/plots/2HRX9P6HKXA8V.png,Animal,TRUE,TRUE,Animal_inner,Animal_innerdark,Animal_restwash,0.7774311748035241,0.9722069230324435
meat,Exposure: Vegan,Form: Proportion,1.0063248645138512,0.9298840992392827,1.0925602887849162,1.065079522086876,1.0063248645138512,NA,Restaurant,78AY09MVJVTYE,0.9654690829697455,1.0485797618039423,../../model_fits/finalized_redone_trunc_cp/t2_a1_proportion/meat/vegan_dishes_prop/plots/78AY09MVJVTYE.png,Animal,TRUE,TRUE,Animal_inner,Animal_innerdark,Animal_restwash,0.9654690829697455,1.0485797618039423
meat,Exposure: Vegan,Form: Proportion,1.0188919924982989,0.8666483644768382,1.192874816231321,1.2058172465925119,1.0188919924982989,NA,Restaurant,9XKJD8DQTH559,0.9396026389618035,1.1075899112335796,../../model_fits/finalized_redone_trunc_cp/t2_a1_proportion/meat/vegan_dishes_prop/plots/9XKJD8DQTH559.png,Animal,TRUE,TRUE,Animal_inner,Animal_innerdark,Animal_restwash,0.9396026389618035,1.1075899112335796
meat,Exposure: Vegan,Form: Proportion,0.956644888729446,0.7929824450357138,1.1515623923454719,0.641959388231145,0.956644888729446,NA,Restaurant,C0BE4NDSW26QN,0.8723538955192248,1.0489925706997343,../../model_fits/finalized_redone_trunc_cp/t2_a1_proportion/meat/vegan_dishes_prop/plots/C0BE4NDSW26QN.png,Animal,TRUE,TRUE,Animal_inner,Animal_innerdark,Animal_restwash,0.8723538955192248,1.0489925706997343
meat,Exposure: Vegan,Form: Proportion,0.9609655516618208,0.8835893342645595,1.0446309113777983,0.6715497553053918,0.9609655516618208,NA,Restaurant,CB2KHY1C2G9PT,0.9187882395153805,1.0015849554763263,../../model_fits/finalized_redone_trunc_cp/t2_a1_proportion/meat/vegan_dishes_prop/plots/CB2KHY1C2G9PT.png,Animal,TRUE,TRUE,Animal_inner,Animal_innerdark,Animal_restwash,0.9187882395153805,1.0015849554763263
meat,Exposure: Vegan,Form: Proportion,0.8894697990312365,0.7597818469260436,1.0386435618974952,0.3099645781697866,0.8894697990312365,NA,Restaurant,ED5J990H5VAZT,0.8207028402395434,0.9646591186607224,../../model_fits/finalized_redone_trunc_cp/t2_a1_proportion/meat/vegan_dishes_prop/plots/ED5J990H5VAZT.png,Animal,TRUE,TRUE,Animal_inner,Animal_innerdark,Animal_restwash,0.8207028402395434,0.9646591186607224
meat,Exposure: Vegan,Form: Proportion,0.9952719366482304,0.9029070014940509,1.0925572913143675,0.9537127438034204,0.9952719366482304,NA,Restaurant,EMBVNVD207CC6,0.9513038543041401,1.0450883295397264,../../model_fits/finalized_redone_trunc_cp/t2_a1_proportion/meat/vegan_dishes_prop/plots/EMBVNVD207CC6.png,Animal,TRUE,TRUE,Animal_inner,Animal_innerdark,Animal_restwash,0.9513038543041401,1.0450883295397264
meat,Exposure: Vegan,Form: Proportion,0.8718032162311777,0.7696082415024688,0.9867618451060937,0.2536206835513019,0.8718032162311777,NA,Restaurant,JHDN7CF1C03X5,0.8153569219879299,0.9282631883772405,../../model_fits/finalized_redone_trunc_cp/t2_a1_proportion/meat/vegan_dishes_prop/plots/JHDN7CF1C03X5.png,Animal,TRUE,TRUE,Animal_inner,Animal_innerdark,Animal_restwash,0.8153569219879299,0.9282631883772405
meat,Exposure: Vegan,Form: Proportion,0.9754763482346889,0.7480674762394244,1.268111085767602,0.7801308242227424,0.9754763482346889,NA,Restaurant,L69HYJ4Y3TR91,0.8569015994113958,1.110174318180418,../../model_fits/finalized_redone_trunc_cp/t2_a1_proportion/meat/vegan_dishes_prop/plots/L69HYJ4Y3TR91.png,Animal,TRUE,TRUE,Animal_inner,Animal_innerdark,Animal_restwash,0.8569015994113958,1.110174318180418
meat,Exposure: Vegan,Form: Proportion,1.3403761519748343,1.0756754025657786,1.6953991453623536,18.718322369131013,1.3403761519748343,NA,Restaurant,LBZEEFSBJNB3Z,1.1987138323215276,1.5021661806464017,../../model_fits/finalized_redone_trunc_cp/t2_a1_proportion/meat/vegan_dishes_prop/plots/LBZEEFSBJNB3Z.png,Animal,TRUE,TRUE,Animal_inner,Animal_innerdark,Animal_restwash,1.1987138323215276,1.5021661806464017
meat,Exposure: Vegan,Form: Proportion,1.007995232524904,0.6739509248102299,1.5136065780586283,1.082891090312089,1.007995232524904,NA,Restaurant,LFZFT3VASXPED,0.817972967263991,1.2299938242047832,../../model_fits/finalized_redone_trunc_cp/t2_a1_proportion/meat/vegan_dishes_prop/plots/LFZFT3VASXPED.png,Animal,TRUE,TRUE,Animal_inner,Animal_innerdark,Animal_restwash,0.817972967263991,1.2299938242047832
meat,Exposure: Vegan,Form: Proportion,1.022149453764331,0.7542601503069432,1.375429479740564,1.2449273521158915,1.022149453764331,NA,Restaurant,LQ5EH4BKGV61T,0.8755524482165319,1.1909425217104537,../../model_fits/finalized_redone_trunc_cp/t2_a1_proportion/meat/vegan_dishes_prop/plots/LQ5EH4BKGV61T.png,Animal,TRUE,TRUE,Animal_inner,Animal_innerdark,Animal_restwash,0.8755524482165319,1.1909425217104537
meat,Exposure: Vegan,Form: Proportion,0.9922944164050735,0.7470019813449195,1.325162713612549,0.9255619152153723,0.9922944164050735,NA,Restaurant,S8MT0YGD2KTN9,0.8523516706495756,1.1488252896033357,../../model_fits/finalized_redone_trunc_cp/t2_a1_proportion/meat/vegan_dishes_prop/plots/S8MT0YGD2KTN9.png,Animal,TRUE,TRUE,Animal_inner,Animal_innerdark,Animal_restwash,0.8523516706495756,1.1488252896033357
meat,Exposure: Vegan,Form: Proportion,0.9787682256468013,0.6777731777033791,1.4399134665591276,0.8068608091148973,0.9787682256468013,NA,Restaurant,SAFK7ND1HR6XS,0.8129411314537216,1.1793056123565533,../../model_fits/finalized_redone_trunc_cp/t2_a1_proportion/meat/vegan_dishes_prop/plots/SAFK7ND1HR6XS.png,Animal,TRUE,TRUE,Animal_inner,Animal_innerdark,Animal_restwash,0.8129411314537216,1.1793056123565533
meat,Exposure: Vegan,Form: Proportion,1.0365939288864006,0.965644689918314,1.1106611401291586,1.43247354253265,1.0365939288864006,NA,Restaurant,SRQS8F7JWA9MZ,1.001506211198339,1.0737452167589967,../../model_fits/finalized_redone_trunc_cp/t2_a1_proportion/meat/vegan_dishes_prop/plots/SRQS8F7JWA9MZ.png,Animal,TRUE,TRUE,Animal_inner,Animal_innerdark,Animal_restwash,1.001506211198339,1.0737452167589967
meat,Exposure: Vegan,Form: Proportion,0.9241466156334607,0.8154891792806336,1.0522825611504314,0.4543690843915054,0.9241466156334607,NA,Restaurant,V3Q26BHF3SE2H,0.8695636137885732,0.9860493055509251,../../model_fits/finalized_redone_trunc_cp/t2_a1_proportion/meat/vegan_dishes_prop/plots/V3Q26BHF3SE2H.png,Animal,TRUE,TRUE,Animal_inner,Animal_innerdark,Animal_restwash,0.8695636137885732,0.9860493055509251
meat,Exposure: Vegan,Form: Proportion,0.806017406544215,0.7030097188112244,0.9199641776744576,0.11572953501193063,0.806017406544215,NA,Restaurant,W8T41JZK0ZMEP,0.750236686557998,0.8649618167068515,../../model_fits/finalized_redone_trunc_cp/t2_a1_proportion/meat/vegan_dishes_prop/plots/W8T41JZK0ZMEP.png,Animal,TRUE,TRUE,Animal_inner,Animal_innerdark,Animal_restwash,0.750236686557998,0.8649618167068515
chicken_fish,Exposure: Vegan,Form: Count,1.004853887128814,0.958242502893554,1.0587738925682653,1.004853887128814,1.000484331750765,NA,Restaurant,1SQPTEGYPH0GA,0.9800419363884193,1.0304951865989394,../../model_fits/finalized_redone_trunc_cp/t2_a1_proportion/chicken_fish/vegan_dishes_count/plots/1SQPTEGYPH0GA.png,Animal,TRUE,TRUE,Animal_inner,Animal_innerdark,Animal_restwash,0.9800419363884193,1.0304951865989394
chicken_fish,Exposure: Vegan,Form: Count,0.8890172202463377,0.7559191169406427,1.0351524360083355,0.8890172202463377,0.9883050564225748,NA,Restaurant,2HRX9P6HKXA8V,0.816116403078661,0.9577381182591709,../../model_fits/finalized_redone_trunc_cp/t2_a1_proportion/chicken_fish/vegan_dishes_count/plots/2HRX9P6HKXA8V.png,Animal,TRUE,TRUE,Animal_inner,Animal_innerdark,Animal_restwash,0.816116403078661,0.9577381182591709
chicken_fish,Exposure: Vegan,Form: Count,0.9548970479560216,0.9152444727137496,0.992355592182262,0.9548970479560216,0.9953954588041268,NA,Restaurant,78AY09MVJVTYE,0.9354495509567079,0.9737829018479026,../../model_fits/finalized_redone_trunc_cp/t2_a1_proportion/chicken_fish/vegan_dishes_count/plots/78AY09MVJVTYE.png,Animal,TRUE,TRUE,Animal_inner,Animal_innerdark,Animal_restwash,0.9354495509567079,0.9737829018479026
chicken_fish,Exposure: Vegan,Form: Count,0.9977258493078391,0.975153451611504,1.0201485712986553,0.9977258493078391,0.9997723518657697,NA,Restaurant,9XKJD8DQTH559,0.9861312145861201,1.0086267869355605,../../model_fits/finalized_redone_trunc_cp/t2_a1_proportion/chicken_fish/vegan_dishes_count/plots/9XKJD8DQTH559.png,Animal,TRUE,TRUE,Animal_inner,Animal_innerdark,Animal_restwash,0.9861312145861201,1.0086267869355605
chicken_fish,Exposure: Vegan,Form: Count,0.9971080577446203,0.9431695476940627,1.0533891109107383,0.9971080577446203,0.9997104287338545,NA,Restaurant,C0BE4NDSW26QN,0.9685673871022605,1.0258794328895835,../../model_fits/finalized_redone_trunc_cp/t2_a1_proportion/chicken_fish/vegan_dishes_count/plots/C0BE4NDSW26QN.png,Animal,TRUE,TRUE,Animal_inner,Animal_innerdark,Animal_restwash,0.9685673871022605,1.0258794328895835
chicken_fish,Exposure: Vegan,Form: Count,1.0075285924107211,0.977142373343283,1.0400835645196331,1.0075285924107211,1.0007503207498876,NA,Restaurant,CB2KHY1C2G9PT,0.992615706380279,1.024559473360231,../../model_fits/finalized_redone_trunc_cp/t2_a1_proportion/chicken_fish/vegan_dishes_count/plots/CB2KHY1C2G9PT.png,Animal,TRUE,TRUE,Animal_inner,Animal_innerdark,Animal_restwash,0.992615706380279,1.024559473360231
chicken_fish,Exposure: Vegan,Form: Count,1.0619131395777563,0.9212661148565311,1.236526777650373,1.0619131395777563,1.0060252924883293,NA,Restaurant,ED5J990H5VAZT,0.9864967910385734,1.1471451522300165,../../model_fits/finalized_redone_trunc_cp/t2_a1_proportion/chicken_fish/vegan_dishes_count/plots/ED5J990H5VAZT.png,Animal,TRUE,TRUE,Animal_inner,Animal_innerdark,Animal_restwash,0.9864967910385734,1.1471451522300165
chicken_fish,Exposure: Vegan,Form: Count,0.8671265367867708,0.7146585721902683,1.0681885527510142,0.8671265367867708,0.9858441137732643,NA,Restaurant,EMBVNVD207CC6,0.7834036349769172,0.9604318729731668,../../model_fits/finalized_redone_trunc_cp/t2_a1_proportion/chicken_fish/vegan_dishes_count/plots/EMBVNVD207CC6.png,Animal,TRUE,TRUE,Animal_inner,Animal_innerdark,Animal_restwash,0.7834036349769172,0.9604318729731668
chicken_fish,Exposure: Vegan,Form: Count,0.9334185076073416,0.9087713524084298,0.9590093921790691,0.9334185076073416,0.9931335209906159,NA,Restaurant,JHDN7CF1C03X5,0.920952661786054,0.9459912974930134,../../model_fits/finalized_redone_trunc_cp/t2_a1_proportion/chicken_fish/vegan_dishes_count/plots/JHDN7CF1C03X5.png,Animal,TRUE,TRUE,Animal_inner,Animal_innerdark,Animal_restwash,0.920952661786054,0.9459912974930134
chicken_fish,Exposure: Vegan,Form: Count,1.0467997679518357,0.9058132213888205,1.2168823764517136,1.0467997679518357,1.0045842426372373,NA,Restaurant,L69HYJ4Y3TR91,0.9725651948211533,1.1290285681625019,../../model_fits/finalized_redone_trunc_cp/t2_a1_proportion/chicken_fish/vegan_dishes_count/plots/L69HYJ4Y3TR91.png,Animal,TRUE,TRUE,Animal_inner,Animal_innerdark,Animal_restwash,0.9725651948211533,1.1290285681625019
chicken_fish,Exposure: Vegan,Form: Count,1.0852161415990218,0.9864632800404873,1.1876998109501746,1.0852161415990218,1.0082114481090583,NA,Restaurant,LBZEEFSBJNB3Z,1.0338011440245938,1.1359464367055974,../../model_fits/finalized_redone_trunc_cp/t2_a1_proportion/chicken_fish/vegan_dishes_count/plots/LBZEEFSBJNB3Z.png,Animal,TRUE,TRUE,Animal_inner,Animal_innerdark,Animal_restwash,1.0338011440245938,1.1359464367055974
chicken_fish,Exposure: Vegan,Form: Count,0.9950411259148232,0.7813459199750582,1.2629538070070463,0.9950411259148232,0.9995030025341763,NA,Restaurant,LFZFT3VASXPED,0.8812716414530267,1.1250519553462464,../../model_fits/finalized_redone_trunc_cp/t2_a1_proportion/chicken_fish/vegan_dishes_count/plots/LFZFT3VASXPED.png,Animal,TRUE,TRUE,Animal_inner,Animal_innerdark,Animal_restwash,0.8812716414530267,1.1250519553462464
chicken_fish,Exposure: Vegan,Form: Count,0.8778663525374955,0.6912738099775403,1.1526703281550468,0.8778663525374955,0.9870583808505626,NA,Restaurant,LQ5EH4BKGV61T,0.78380713458436,0.9977600751839926,../../model_fits/finalized_redone_trunc_cp/t2_a1_proportion/chicken_fish/vegan_dishes_count/plots/LQ5EH4BKGV61T.png,Animal,TRUE,TRUE,Animal_inner,Animal_innerdark,Animal_restwash,0.78380713458436,0.9977600751839926
chicken_fish,Exposure: Vegan,Form: Count,0.9938749808783317,0.8480240292389627,1.167059622205795,0.9938749808783317,0.9993858032960639,NA,Restaurant,S8MT0YGD2KTN9,0.9118380274509842,1.0763632658346791,../../model_fits/finalized_redone_trunc_cp/t2_a1_proportion/chicken_fish/vegan_dishes_count/plots/S8MT0YGD2KTN9.png,Animal,TRUE,TRUE,Animal_inner,Animal_innerdark,Animal_restwash,0.9118380274509842,1.0763632658346791
chicken_fish,Exposure: Vegan,Form: Count,0.9237795768420854,0.6745772083019226,1.249545827761198,0.9237795768420854,0.992103166219065,NA,Restaurant,SAFK7ND1HR6XS,0.7889689391207525,1.0699642507910303,../../model_fits/finalized_redone_trunc_cp/t2_a1_proportion/chicken_fish/vegan_dishes_count/plots/SAFK7ND1HR6XS.png,Animal,TRUE,TRUE,Animal_inner,Animal_innerdark,Animal_restwash,0.7889689391207525,1.0699642507910303
chicken_fish,Exposure: Vegan,Form: Count,0.9421619652996126,0.8513160056031901,1.0393759588602005,0.9421619652996126,0.994059904395536,NA,Restaurant,V3Q26BHF3SE2H,0.8933493686545562,0.9905703347756135,../../model_fits/finalized_redone_trunc_cp/t2_a1_proportion/chicken_fish/vegan_dishes_count/plots/V3Q26BHF3SE2H.png,Animal,TRUE,TRUE,Animal_inner,Animal_innerdark,Animal_restwash,0.8933493686545562,0.9905703347756135
chicken_fish,Exposure: Vegan,Form: Count,0.9750402640260402,0.9534567938383783,0.9974338942926284,0.9750402640260402,0.9974755405805594,NA,Restaurant,W8T41JZK0ZMEP,0.9633784930537765,0.9862562411892974,../../model_fits/finalized_redone_trunc_cp/t2_a1_proportion/chicken_fish/vegan_dishes_count/plots/W8T41JZK0ZMEP.png,Animal,TRUE,TRUE,Animal_inner,Animal_innerdark,Animal_restwash,0.9633784930537765,0.9862562411892974
chicken_fish,Exposure: Vegan,Form: Proportion,0.8772010854816396,0.7079057931460023,1.088577629235374,0.2697687280017269,0.8772010854816396,NA,Restaurant,1SQPTEGYPH0GA,0.7850733380625516,0.9806607235003281,../../model_fits/finalized_redone_trunc_cp/t2_a1_proportion/chicken_fish/vegan_dishes_prop/plots/1SQPTEGYPH0GA.png,Animal,TRUE,TRUE,Animal_inner,Animal_innerdark,Animal_restwash,0.7850733380625516,0.9806607235003281
chicken_fish,Exposure: Vegan,Form: Proportion,0.7411610132167545,0.5454711680098141,0.9939126531313989,0.05001792413967978,0.7411610132167545,NA,Restaurant,2HRX9P6HKXA8V,0.6382219863036105,0.8546467474645644,../../model_fits/finalized_redone_trunc_cp/t2_a1_proportion/chicken_fish/vegan_dishes_prop/plots/2HRX9P6HKXA8V.png,Animal,TRUE,TRUE,Animal_inner,Animal_innerdark,Animal_restwash,0.6382219863036105,0.8546467474645644
chicken_fish,Exposure: Vegan,Form: Proportion,0.8960667212489554,0.8049822031871543,1.0001721905980994,0.3337363293018271,0.8960667212489554,NA,Restaurant,78AY09MVJVTYE,0.8491918535216895,0.9462613831441579,../../model_fits/finalized_redone_trunc_cp/t2_a1_proportion/chicken_fish/vegan_dishes_prop/plots/78AY09MVJVTYE.png,Animal,TRUE,TRUE,Animal_inner,Animal_innerdark,Animal_restwash,0.8491918535216895,0.9462613831441579
chicken_fish,Exposure: Vegan,Form: Proportion,1.0630428191829073,0.9010033110673769,1.2678546043165986,1.8429246621184616,1.0630428191829073,NA,Restaurant,9XKJD8DQTH559,0.9779965086903104,1.1594361910926667,../../model_fits/finalized_redone_trunc_cp/t2_a1_proportion/chicken_fish/vegan_dishes_prop/plots/9XKJD8DQTH559.png,Animal,TRUE,TRUE,Animal_inner,Animal_innerdark,Animal_restwash,0.9779965086903104,1.1594361910926667
chicken_fish,Exposure: Vegan,Form: Proportion,1.0377965877695405,0.8480380025216211,1.2715019514996502,1.4491801750233961,1.0377965877695405,NA,Restaurant,C0BE4NDSW26QN,0.9392768570806199,1.1506286168743203,../../model_fits/finalized_redone_trunc_cp/t2_a1_proportion/chicken_fish/vegan_dishes_prop/plots/C0BE4NDSW26QN.png,Animal,TRUE,TRUE,Animal_inner,Animal_innerdark,Animal_restwash,0.9392768570806199,1.1506286168743203
chicken_fish,Exposure: Vegan,Form: Proportion,0.8755300041234514,0.7687453310966991,0.9958260954368132,0.2646734253876531,0.8755300041234514,NA,Restaurant,CB2KHY1C2G9PT,0.8201434467518176,0.9352148620773411,../../model_fits/finalized_redone_trunc_cp/t2_a1_proportion/chicken_fish/vegan_dishes_prop/plots/CB2KHY1C2G9PT.png,Animal,TRUE,TRUE,Animal_inner,Animal_innerdark,Animal_restwash,0.8201434467518176,0.9352148620773411
chicken_fish,Exposure: Vegan,Form: Proportion,0.9329611676079059,0.6837652534333036,1.3047704054170015,0.49961523839745486,0.9329611676079059,NA,Restaurant,ED5J990H5VAZT,0.7917640246796741,1.0968619485461961,../../model_fits/finalized_redone_trunc_cp/t2_a1_proportion/chicken_fish/vegan_dishes_prop/plots/ED5J990H5VAZT.png,Animal,TRUE,TRUE,Animal_inner,Animal_innerdark,Animal_restwash,0.7917640246796741,1.0968619485461961
chicken_fish,Exposure: Vegan,Form: Proportion,0.9414988148734325,0.772497345490031,1.1353149991850213,0.547265129525958,0.9414988148734325,NA,Restaurant,EMBVNVD207CC6,0.8460830094094729,1.0458519590066961,../../model_fits/finalized_redone_trunc_cp/t2_a1_proportion/chicken_fish/vegan_dishes_prop/plots/EMBVNVD207CC6.png,Animal,TRUE,TRUE,Animal_inner,Animal_innerdark,Animal_restwash,0.8460830094094729,1.0458519590066961
chicken_fish,Exposure: Vegan,Form: Proportion,0.6785796098909803,0.5892599283317866,0.781576923251743,0.020701797556557863,0.6785796098909803,NA,Restaurant,JHDN7CF1C03X5,0.6316955667686337,0.7296081355391805,../../model_fits/finalized_redone_trunc_cp/t2_a1_proportion/chicken_fish/vegan_dishes_prop/plots/JHDN7CF1C03X5.png,Animal,TRUE,TRUE,Animal_inner,Animal_innerdark,Animal_restwash,0.6316955667686337,0.7296081355391805
chicken_fish,Exposure: Vegan,Form: Proportion,0.9335306482419393,0.6072272903979757,1.4881685197225003,0.5026732863689799,0.9335306482419393,NA,Restaurant,L69HYJ4Y3TR91,0.7418428526252153,1.175286478772322,../../model_fits/finalized_redone_trunc_cp/t2_a1_proportion/chicken_fish/vegan_dishes_prop/plots/L69HYJ4Y3TR91.png,Animal,TRUE,TRUE,Animal_inner,Animal_innerdark,Animal_restwash,0.7418428526252153,1.175286478772322
chicken_fish,Exposure: Vegan,Form: Proportion,1.3355029667258935,1.0061618722071572,1.7984721695005612,18.048809916475417,1.3355029667258935,NA,Restaurant,LBZEEFSBJNB3Z,1.156696334979626,1.5478318084615952,../../model_fits/finalized_redone_trunc_cp/t2_a1_proportion/chicken_fish/vegan_dishes_prop/plots/LBZEEFSBJNB3Z.png,Animal,TRUE,TRUE,Animal_inner,Animal_innerdark,Animal_restwash,1.156696334979626,1.5478318084615952
chicken_fish,Exposure: Vegan,Form: Proportion,1.0047258718743892,0.6191072168641113,1.7132941403410573,1.0482765136505012,1.0047258718743892,NA,Restaurant,LFZFT3VASXPED,0.7912519549625832,1.3027513923705814,../../model_fits/finalized_redone_trunc_cp/t2_a1_proportion/chicken_fish/vegan_dishes_prop/plots/LFZFT3VASXPED.png,Animal,TRUE,TRUE,Animal_inner,Animal_innerdark,Animal_restwash,0.7912519549625832,1.3027513923705814
chicken_fish,Exposure: Vegan,Form: Proportion,0.6869661513201184,0.47597412797337785,0.963911945799706,0.023407411347801537,0.6869661513201184,NA,Restaurant,LQ5EH4BKGV61T,0.5778395733690662,0.8168515722332398,../../model_fits/finalized_redone_trunc_cp/t2_a1_proportion/chicken_fish/vegan_dishes_prop/plots/LQ5EH4BKGV61T.png,Animal,TRUE,TRUE,Animal_inner,Animal_innerdark,Animal_restwash,0.5778395733690662,0.8168515722332398
chicken_fish,Exposure: Vegan,Form: Proportion,0.8296306846232894,0.5422456930745563,1.2646814641503397,0.15447139351969646,0.8296306846232894,NA,Restaurant,S8MT0YGD2KTN9,0.6703229668141328,1.0191123944872664,../../model_fits/finalized_redone_trunc_cp/t2_a1_proportion/chicken_fish/vegan_dishes_prop/plots/S8MT0YGD2KTN9.png,Animal,TRUE,TRUE,Animal_inner,Animal_innerdark,Animal_restwash,0.6703229668141328,1.0191123944872664
chicken_fish,Exposure: Vegan,Form: Proportion,0.918639064378684,0.5888600941205818,1.4469471975468253,0.42800524876752943,0.918639064378684,NA,Restaurant,SAFK7ND1HR6XS,0.7312973528734485,1.1622290506458561,../../model_fits/finalized_redone_trunc_cp/t2_a1_proportion/chicken_fish/vegan_dishes_prop/plots/SAFK7ND1HR6XS.png,Animal,TRUE,TRUE,Animal_inner,Animal_innerdark,Animal_restwash,0.7312973528734485,1.1622290506458561
chicken_fish,Exposure: Vegan,Form: Proportion,0.9171505899310428,0.7691793514435324,1.1002571924027986,0.42112061074456286,0.9171505899310428,NA,Restaurant,V3Q26BHF3SE2H,0.8423976267960605,1.0051022781134369,../../model_fits/finalized_redone_trunc_cp/t2_a1_proportion/chicken_fish/vegan_dishes_prop/plots/V3Q26BHF3SE2H.png,Animal,TRUE,TRUE,Animal_inner,Animal_innerdark,Animal_restwash,0.8423976267960605,1.0051022781134369
chicken_fish,Exposure: Vegan,Form: Proportion,0.8987405909877607,0.7664840951714125,1.0506316935208977,0.3438298417713338,0.8987405909877607,NA,Restaurant,W8T41JZK0ZMEP,0.8280777070385934,0.9727331511796222,../../model_fits/finalized_redone_trunc_cp/t2_a1_proportion/chicken_fish/vegan_dishes_prop/plots/W8T41JZK0ZMEP.png,Animal,TRUE,TRUE,Animal_inner,Animal_innerdark,Animal_restwash,0.8280777070385934,0.9727331511796222
vegetarian,Exposure: Vegan,Form: Count,1.0032755880521331,0.959414798536939,1.0521812969802362,1.0032755880521331,1.0003270769780142,NA,Restaurant,1SQPTEGYPH0GA,0.98066305947618,1.026453234672913,../../model_fits/finalized_redone_trunc/t2_a1_proportion/vegetarian/vegan_dishes_count/plots/1SQPTEGYPH0GA.png,Plant-based,TRUE,TRUE,Plant-based_inner,Plant-based_innerdark,Plant-based_restwash,0.98066305947618,1.026453234672913
vegetarian,Exposure: Vegan,Form: Count,1.0352923871669248,0.9112286467323542,1.1712023851220539,1.0352923871669248,1.003474410469905,NA,Restaurant,2HRX9P6HKXA8V,0.9747602885010019,1.0983641343638222,../../model_fits/finalized_redone_trunc/t2_a1_proportion/vegetarian/vegan_dishes_count/plots/2HRX9P6HKXA8V.png,Plant-based,TRUE,TRUE,Plant-based_inner,Plant-based_innerdark,Plant-based_restwash,0.9747602885010019,1.0983641343638222
vegetarian,Exposure: Vegan,Form: Count,0.9939069473934085,0.9603513871845866,1.0280648872947282,0.9939069473934085,0.9993890176257921,NA,Restaurant,78AY09MVJVTYE,0.9758470680288529,1.0116784275994373,../../model_fits/finalized_redone_trunc/t2_a1_proportion/vegetarian/vegan_dishes_count/plots/78AY09MVJVTYE.png,Plant-based,TRUE,TRUE,Plant-based_inner,Plant-based_innerdark,Plant-based_restwash,0.9758470680288529,1.0116784275994373
vegetarian,Exposure: Vegan,Form: Count,0.9925710873020598,0.971629600176014,1.0138396915983625,0.9925710873020598,0.9992546134886487,NA,Restaurant,9XKJD8DQTH559,0.9821979883552864,1.003554194784177,../../model_fits/finalized_redone_trunc/t2_a1_proportion/vegetarian/vegan_dishes_count/plots/9XKJD8DQTH559.png,Plant-based,TRUE,TRUE,Plant-based_inner,Plant-based_innerdark,Plant-based_restwash,0.9821979883552864,1.003554194784177
vegetarian,Exposure: Vegan,Form: Count,1.0000646605904058,0.9556126404072903,1.0429249844079373,1.0000646605904058,1.0000064658709036,NA,Restaurant,C0BE4NDSW26QN,0.9790441315848394,1.0212865189678697,../../model_fits/finalized_redone_trunc/t2_a1_proportion/vegetarian/vegan_dishes_count/plots/C0BE4NDSW26QN.png,Plant-based,TRUE,TRUE,Plant-based_inner,Plant-based_innerdark,Plant-based_restwash,0.9790441315848394,1.0212865189678697
vegetarian,Exposure: Vegan,Form: Count,1.021308618682979,0.993591093909219,1.0494184406170965,1.021308618682979,1.00211070084956,NA,Restaurant,CB2KHY1C2G9PT,1.0072902044917948,1.0348760316499819,../../model_fits/finalized_redone_trunc/t2_a1_proportion/vegetarian/vegan_dishes_count/plots/CB2KHY1C2G9PT.png,Plant-based,TRUE,TRUE,Plant-based_inner,Plant-based_innerdark,Plant-based_restwash,1.0072902044917948,1.0348760316499819
vegetarian,Exposure: Vegan,Form: Count,1.0314157932944643,0.9590622407348297,1.1172132653329518,1.0314157932944643,1.0030980305080683,NA,Restaurant,ED5J990H5VAZT,0.9958270383028337,1.0725153391977043,../../model_fits/finalized_redone_trunc/t2_a1_proportion/vegetarian/vegan_dishes_count/plots/ED5J990H5VAZT.png,Plant-based,TRUE,TRUE,Plant-based_inner,Plant-based_innerdark,Plant-based_restwash,0.9958270383028337,1.0725153391977043
vegetarian,Exposure: Vegan,Form: Count,0.9302827470093384,0.7935092986966701,1.095749378362813,0.9302827470093384,0.9927993785984736,NA,Restaurant,EMBVNVD207CC6,0.8548197361384275,1.0117294216454478,../../model_fits/finalized_redone_trunc/t2_a1_proportion/vegetarian/vegan_dishes_count/plots/EMBVNVD207CC6.png,Plant-based,TRUE,TRUE,Plant-based_inner,Plant-based_innerdark,Plant-based_restwash,0.8548197361384275,1.0117294216454478
vegetarian,Exposure: Vegan,Form: Count,1.0378397452304247,1.0106648600717842,1.065735101264781,1.0378397452304247,1.003721044439574,NA,Restaurant,JHDN7CF1C03X5,1.0240501072362052,1.0517768361133122,../../model_fits/finalized_redone_trunc/t2_a1_proportion/vegetarian/vegan_dishes_count/plots/JHDN7CF1C03X5.png,Plant-based,TRUE,TRUE,Plant-based_inner,Plant-based_innerdark,Plant-based_restwash,1.0240501072362052,1.0517768361133122
vegetarian,Exposure: Vegan,Form: Count,1.0145336233355764,0.9479265423044613,1.0824865703777506,1.0145336233355764,1.0014439437343112,NA,Restaurant,L69HYJ4Y3TR91,0.9792091841792848,1.0485632918867762,../../model_fits/finalized_redone_trunc/t2_a1_proportion/vegetarian/vegan_dishes_count/plots/L69HYJ4Y3TR91.png,Plant-based,TRUE,TRUE,Plant-based_inner,Plant-based_innerdark,Plant-based_restwash,0.9792091841792848,1.0485632918867762
vegetarian,Exposure: Vegan,Form: Count,0.9538000859545648,0.8806139190149247,1.031232044813253,0.9538000859545648,0.9952810510917782,NA,Restaurant,LBZEEFSBJNB3Z,0.9167450895615968,0.9941060084420995,../../model_fits/finalized_redone_trunc/t2_a1_proportion/vegetarian/vegan_dishes_count/plots/LBZEEFSBJNB3Z.png,Plant-based,TRUE,TRUE,Plant-based_inner,Plant-based_innerdark,Plant-based_restwash,0.9167450895615968,0.9941060084420995
vegetarian,Exposure: Vegan,Form: Count,1.018518506124985,0.8058511218756648,1.2598831558676469,1.018518506124985,1.0018365971323517,NA,Restaurant,LFZFT3VASXPED,0.9083097813118964,1.134582358570411,../../model_fits/finalized_redone_trunc/t2_a1_proportion/vegetarian/vegan_dishes_count/plots/LFZFT3VASXPED.png,Plant-based,TRUE,TRUE,Plant-based_inner,Plant-based_innerdark,Plant-based_restwash,0.9083097813118964,1.134582358570411
vegetarian,Exposure: Vegan,Form: Count,0.9673866921436485,0.7786631922264761,1.1939070001884777,0.9673866921436485,0.9966897933546084,NA,Restaurant,LQ5EH4BKGV61T,0.8663115087732248,1.0781742877860667,../../model_fits/finalized_redone_trunc/t2_a1_proportion/vegetarian/vegan_dishes_count/plots/LQ5EH4BKGV61T.png,Plant-based,TRUE,TRUE,Plant-based_inner,Plant-based_innerdark,Plant-based_restwash,0.8663115087732248,1.0781742877860667
vegetarian,Exposure: Vegan,Form: Count,0.9811197672182626,0.8562103931078182,1.1187079683094954,0.9811197672182626,0.9980957414054312,NA,Restaurant,S8MT0YGD2KTN9,0.9158583460507778,1.0516654808868067,../../model_fits/finalized_redone_trunc/t2_a1_proportion/vegetarian/vegan_dishes_count/plots/S8MT0YGD2KTN9.png,Plant-based,TRUE,TRUE,Plant-based_inner,Plant-based_innerdark,Plant-based_restwash,0.9158583460507778,1.0516654808868067
vegetarian,Exposure: Vegan,Form: Count,0.996911750483174,0.7393865117882985,1.3041209612211169,0.996911750483174,0.9996907450291797,NA,Restaurant,SAFK7ND1HR6XS,0.8556755704201796,1.1422286458572826,../../model_fits/finalized_redone_trunc/t2_a1_proportion/vegetarian/vegan_dishes_count/plots/SAFK7ND1HR6XS.png,Plant-based,TRUE,TRUE,Plant-based_inner,Plant-based_innerdark,Plant-based_restwash,0.8556755704201796,1.1422286458572826
vegetarian,Exposure: Vegan,Form: Count,0.7091209284537834,0.5921997188914002,0.8696478107701738,0.7091209284537834,0.9662111175107618,NA,Restaurant,SRQS8F7JWA9MZ,0.6395371554942328,0.7888723726386222,../../model_fits/finalized_redone_trunc/t2_a1_proportion/vegetarian/vegan_dishes_count/plots/SRQS8F7JWA9MZ.png,Plant-based,TRUE,TRUE,Plant-based_inner,Plant-based_innerdark,Plant-based_restwash,0.6395371554942328,0.7888723726386222
vegetarian,Exposure: Vegan,Form: Count,0.9983757105882519,0.9199137445576587,1.0925050580271218,0.9983757105882519,0.9998374522123235,NA,Restaurant,V3Q26BHF3SE2H,0.9578850693226361,1.0422823217380401,../../model_fits/finalized_redone_trunc/t2_a1_proportion/vegetarian/vegan_dishes_count/plots/V3Q26BHF3SE2H.png,Plant-based,TRUE,TRUE,Plant-based_inner,Plant-based_innerdark,Plant-based_restwash,0.9578850693226361,1.0422823217380401
vegetarian,Exposure: Vegan,Form: Count,0.9971222955522274,0.9776721667149073,1.0155991338729382,0.9971222955522274,0.9997118562213948,NA,Restaurant,W8T41JZK0ZMEP,0.9870316337272886,1.0067980681147244,../../model_fits/finalized_redone_trunc/t2_a1_proportion/vegetarian/vegan_dishes_count/plots/W8T41JZK0ZMEP.png,Plant-based,TRUE,TRUE,Plant-based_inner,Plant-based_innerdark,Plant-based_restwash,0.9870316337272886,1.0067980681147244
vegetarian,Exposure: Vegan,Form: Proportion,1.0430584200466009,0.8720671850503862,1.253207404120591,1.524355747283551,1.0430584200466009,NA,Restaurant,1SQPTEGYPH0GA,0.9525295688986212,1.1408723428425804,../../model_fits/finalized_redone_trunc/t2_a1_proportion/vegetarian/vegan_dishes_prop/plots/1SQPTEGYPH0GA.png,Plant-based,TRUE,TRUE,Plant-based_inner,Plant-based_innerdark,Plant-based_restwash,0.9525295688986212,1.1408723428425804
vegetarian,Exposure: Vegan,Form: Proportion,1.0489010134629613,0.8553592038796812,1.3005080622386094,1.611925814106996,1.0489010134629613,NA,Restaurant,2HRX9P6HKXA8V,0.9454598976604996,1.1685434098372467,../../model_fits/finalized_redone_trunc/t2_a1_proportion/vegetarian/vegan_dishes_prop/plots/2HRX9P6HKXA8V.png,Plant-based,TRUE,TRUE,Plant-based_inner,Plant-based_innerdark,Plant-based_restwash,0.9454598976604996,1.1685434098372467
vegetarian,Exposure: Vegan,Form: Proportion,0.9704477685841902,0.894906648700647,1.0558873746656319,0.7408352826626349,0.9704477685841902,NA,Restaurant,78AY09MVJVTYE,0.9311606917534625,1.0116802185551095,../../model_fits/finalized_redone_trunc/t2_a1_proportion/vegetarian/vegan_dishes_prop/plots/78AY09MVJVTYE.png,Plant-based,TRUE,TRUE,Plant-based_inner,Plant-based_innerdark,Plant-based_restwash,0.9311606917534625,1.0116802185551095
vegetarian,Exposure: Vegan,Form: Proportion,0.9193247829268041,0.7881062800964402,1.075215386532021,0.4312108488643,0.9193247829268041,NA,Restaurant,9XKJD8DQTH559,0.8510600810262327,0.9946885746467564,../../model_fits/finalized_redone_trunc/t2_a1_proportion/vegetarian/vegan_dishes_prop/plots/9XKJD8DQTH559.png,Plant-based,TRUE,TRUE,Plant-based_inner,Plant-based_innerdark,Plant-based_restwash,0.8510600810262327,0.9946885746467564
vegetarian,Exposure: Vegan,Form: Proportion,0.9842584863958825,0.837258266677098,1.1465182507876917,0.8532802236701834,0.9842584863958825,NA,Restaurant,C0BE4NDSW26QN,0.9101619358310795,1.0648230579199758,../../model_fits/finalized_redone_trunc/t2_a1_proportion/vegetarian/vegan_dishes_prop/plots/C0BE4NDSW26QN.png,Plant-based,TRUE,TRUE,Plant-based_inner,Plant-based_innerdark,Plant-based_restwash,0.9101619358310795,1.0648230579199758
vegetarian,Exposure: Vegan,Form: Proportion,1.0594230431240934,0.9607093568470487,1.1781584401928662,1.781123972052829,1.0594230431240934,NA,Restaurant,CB2KHY1C2G9PT,1.0076430303797475,1.1166358412309076,../../model_fits/finalized_redone_trunc/t2_a1_proportion/vegetarian/vegan_dishes_prop/plots/CB2KHY1C2G9PT.png,Plant-based,TRUE,TRUE,Plant-based_inner,Plant-based_innerdark,Plant-based_restwash,1.0076430303797475,1.1166358412309076
vegetarian,Exposure: Vegan,Form: Proportion,1.0136281125607194,0.8842298582492981,1.1587482316064068,1.144949864975537,1.0136281125607194,NA,Restaurant,ED5J990H5VAZT,0.9485805007206237,1.0870742092630385,../../model_fits/finalized_redone_trunc/t2_a1_proportion/vegetarian/vegan_dishes_prop/plots/ED5J990H5VAZT.png,Plant-based,TRUE,TRUE,Plant-based_inner,Plant-based_innerdark,Plant-based_restwash,0.9485805007206237,1.0870742092630385
vegetarian,Exposure: Vegan,Form: Proportion,0.8836851278590382,0.7904485511182875,0.9759553571574943,0.2903858567119664,0.8836851278590382,NA,Restaurant,EMBVNVD207CC6,0.8390168801072329,0.9304679930066283,../../model_fits/finalized_redone_trunc/t2_a1_proportion/vegetarian/vegan_dishes_prop/plots/EMBVNVD207CC6.png,Plant-based,TRUE,TRUE,Plant-based_inner,Plant-based_innerdark,Plant-based_restwash,0.8390168801072329,0.9304679930066283
vegetarian,Exposure: Vegan,Form: Proportion,1.1669697502298015,1.016732130312963,1.341532350483416,4.6837745844792416,1.1669697502298015,NA,Restaurant,JHDN7CF1C03X5,1.0925192856492587,1.2477416873080904,../../model_fits/finalized_redone_trunc/t2_a1_proportion/vegetarian/vegan_dishes_prop/plots/JHDN7CF1C03X5.png,Plant-based,TRUE,TRUE,Plant-based_inner,Plant-based_innerdark,Plant-based_restwash,1.0925192856492587,1.2477416873080904
vegetarian,Exposure: Vegan,Form: Proportion,0.9653375172366924,0.7726572533264329,1.2130786413853338,0.7027354315781428,0.9653375172366924,NA,Restaurant,L69HYJ4Y3TR91,0.863501030497546,1.0804042566371015,../../model_fits/finalized_redone_trunc/t2_a1_proportion/vegetarian/vegan_dishes_prop/plots/L69HYJ4Y3TR91.png,Plant-based,TRUE,TRUE,Plant-based_inner,Plant-based_innerdark,Plant-based_restwash,0.863501030497546,1.0804042566371015
vegetarian,Exposure: Vegan,Form: Proportion,0.8942289369431738,0.7250224458961139,1.0989596603831548,0.326954405672711,0.8942289369431738,NA,Restaurant,LBZEEFSBJNB3Z,0.8045603788238762,0.9941701248597341,../../model_fits/finalized_redone_trunc/t2_a1_proportion/vegetarian/vegan_dishes_prop/plots/LBZEEFSBJNB3Z.png,Plant-based,TRUE,TRUE,Plant-based_inner,Plant-based_innerdark,Plant-based_restwash,0.8045603788238762,0.9941701248597341
vegetarian,Exposure: Vegan,Form: Proportion,0.961045354515605,0.6811096893872115,1.3458959583591723,0.6721076485456985,0.961045354515605,NA,Restaurant,LFZFT3VASXPED,0.8131792952384701,1.1343619924334478,../../model_fits/finalized_redone_trunc/t2_a1_proportion/vegetarian/vegan_dishes_prop/plots/LFZFT3VASXPED.png,Plant-based,TRUE,TRUE,Plant-based_inner,Plant-based_innerdark,Plant-based_restwash,0.8131792952384701,1.1343619924334478
vegetarian,Exposure: Vegan,Form: Proportion,1.0123373426413762,0.7921135064197038,1.2979330344912743,1.1304531595667346,1.0123373426413762,NA,Restaurant,LQ5EH4BKGV61T,0.8991190446784273,1.1470687803718636,../../model_fits/finalized_redone_trunc/t2_a1_proportion/vegetarian/vegan_dishes_prop/plots/LQ5EH4BKGV61T.png,Plant-based,TRUE,TRUE,Plant-based_inner,Plant-based_innerdark,Plant-based_restwash,0.8991190446784273,1.1470687803718636
vegetarian,Exposure: Vegan,Form: Proportion,0.9876939647448074,0.7360456514501396,1.312069156231438,0.883535492871387,0.9876939647448074,NA,Restaurant,S8MT0YGD2KTN9,0.8559869872214881,1.1313500566634402,../../model_fits/finalized_redone_trunc/t2_a1_proportion/vegetarian/vegan_dishes_prop/plots/S8MT0YGD2KTN9.png,Plant-based,TRUE,TRUE,Plant-based_inner,Plant-based_innerdark,Plant-based_restwash,0.8559869872214881,1.1313500566634402
vegetarian,Exposure: Vegan,Form: Proportion,0.9553106198484371,0.6959341972314427,1.3259891119090752,0.6330617248376772,0.9553106198484371,NA,Restaurant,SAFK7ND1HR6XS,0.8212967649352303,1.1222054774101444,../../model_fits/finalized_redone_trunc/t2_a1_proportion/vegetarian/vegan_dishes_prop/plots/SAFK7ND1HR6XS.png,Plant-based,TRUE,TRUE,Plant-based_inner,Plant-based_innerdark,Plant-based_restwash,0.8212967649352303,1.1222054774101444
vegetarian,Exposure: Vegan,Form: Proportion,0.8585229253849893,0.797448445343533,0.9222593267663467,0.2175299036191187,0.8585229253849893,NA,Restaurant,SRQS8F7JWA9MZ,0.8272483777481393,0.8916166797366467,../../model_fits/finalized_redone_trunc/t2_a1_proportion/vegetarian/vegan_dishes_prop/plots/SRQS8F7JWA9MZ.png,Plant-based,TRUE,TRUE,Plant-based_inner,Plant-based_innerdark,Plant-based_restwash,0.8272483777481393,0.8916166797366467
vegetarian,Exposure: Vegan,Form: Proportion,0.9687425729269702,0.8483808179281553,1.1139109058372505,0.7279203471696629,0.9687425729269702,NA,Restaurant,V3Q26BHF3SE2H,0.9031198515531352,1.040869380150094,../../model_fits/finalized_redone_trunc/t2_a1_proportion/vegetarian/vegan_dishes_prop/plots/V3Q26BHF3SE2H.png,Plant-based,TRUE,TRUE,Plant-based_inner,Plant-based_innerdark,Plant-based_restwash,0.9031198515531352,1.040869380150094
vegetarian,Exposure: Vegan,Form: Proportion,0.9750636110596523,0.8545922214851828,1.1093536969245152,0.7768362634279192,0.9750636110596523,NA,Restaurant,W8T41JZK0ZMEP,0.9131618472338949,1.042609975903228,../../model_fits/finalized_redone_trunc/t2_a1_proportion/vegetarian/vegan_dishes_prop/plots/W8T41JZK0ZMEP.png,Plant-based,TRUE,TRUE,Plant-based_inner,Plant-based_innerdark,Plant-based_restwash,0.9131618472338949,1.042609975903228
vegan,Exposure: Vegan,Form: Count,1.0325891593435863,0.9767878505742931,1.0898073246610196,1.0325891593435863,1.0032120872318289,NA,Restaurant,1SQPTEGYPH0GA,1.0032779150522309,1.0610654716277725,../../model_fits/finalized_redone_trunc/t2_a1_proportion/vegan/vegan_dishes_count/plots/1SQPTEGYPH0GA.png,Plant-based,TRUE,TRUE,Plant-based_inner,Plant-based_innerdark,Plant-based_restwash,1.0032779150522309,1.0610654716277725
vegan,Exposure: Vegan,Form: Count,0.9806256315176434,0.8596979390021702,1.1178684463549422,0.9806256315176434,0.9980454614530431,NA,Restaurant,2HRX9P6HKXA8V,0.9198608882721782,1.0487534577771565,../../model_fits/finalized_redone_trunc/t2_a1_proportion/vegan/vegan_dishes_count/plots/2HRX9P6HKXA8V.png,Plant-based,TRUE,TRUE,Plant-based_inner,Plant-based_innerdark,Plant-based_restwash,0.9198608882721782,1.0487534577771565
vegan,Exposure: Vegan,Form: Count,1.0668426917091254,1.008396244945598,1.1347345298976392,1.0668426917091254,1.0064913310551387,NA,Restaurant,78AY09MVJVTYE,1.0361873283062872,1.1017881510900323,../../model_fits/finalized_redone_trunc/t2_a1_proportion/vegan/vegan_dishes_count/plots/78AY09MVJVTYE.png,Plant-based,TRUE,TRUE,Plant-based_inner,Plant-based_innerdark,Plant-based_restwash,1.0361873283062872,1.1017881510900323
vegan,Exposure: Vegan,Form: Count,1.0024738980482286,0.9793990628751916,1.0268849989519548,1.0024738980482286,1.00024711482784,NA,Restaurant,9XKJD8DQTH559,0.9908322508339525,1.0144909398618103,../../model_fits/finalized_redone_trunc/t2_a1_proportion/vegan/vegan_dishes_count/plots/9XKJD8DQTH559.png,Plant-based,TRUE,TRUE,Plant-based_inner,Plant-based_innerdark,Plant-based_restwash,0.9908322508339525,1.0144909398618103
vegan,Exposure: Vegan,Form: Count,1.032928976835146,0.9800520352580835,1.0847349666935049,1.032928976835146,1.0032450973149418,NA,Restaurant,C0BE4NDSW26QN,1.0069002485236604,1.059282965596891,../../model_fits/finalized_redone_trunc/t2_a1_proportion/vegan/vegan_dishes_count/plots/C0BE4NDSW26QN.png,Plant-based,TRUE,TRUE,Plant-based_inner,Plant-based_innerdark,Plant-based_restwash,1.0069002485236604,1.059282965596891
vegan,Exposure: Vegan,Form: Count,1.1808437997968249,1.1163403960964289,1.2549700357471147,1.1808437997968249,1.0167618563347565,NA,Restaurant,CB2KHY1C2G9PT,1.1465776021076632,1.2174789439400941,../../model_fits/finalized_redone_trunc/t2_a1_proportion/vegan/vegan_dishes_count/plots/CB2KHY1C2G9PT.png,Plant-based,TRUE,TRUE,Plant-based_inner,Plant-based_innerdark,Plant-based_restwash,1.1465776021076632,1.2174789439400941
vegan,Exposure: Vegan,Form: Count,1.1146682589085601,0.995039015783097,1.2629547540017396,1.1146682589085601,1.0109148202282707,NA,Restaurant,ED5J990H5VAZT,1.0532073822838064,1.1874340797543352,../../model_fits/finalized_redone_trunc/t2_a1_proportion/vegan/vegan_dishes_count/plots/ED5J990H5VAZT.png,Plant-based,TRUE,TRUE,Plant-based_inner,Plant-based_innerdark,Plant-based_restwash,1.0532073822838064,1.1874340797543352
vegan,Exposure: Vegan,Form: Count,1.0457032703038638,0.8731360306689666,1.2898248548865063,1.0457032703038638,1.0044789652139132,NA,Restaurant,EMBVNVD207CC6,0.9545931635709913,1.1659903456435703,../../model_fits/finalized_redone_trunc/t2_a1_proportion/vegan/vegan_dishes_count/plots/EMBVNVD207CC6.png,Plant-based,TRUE,TRUE,Plant-based_inner,Plant-based_innerdark,Plant-based_restwash,0.9545931635709913,1.1659903456435703
vegan,Exposure: Vegan,Form: Count,1.0223004874012374,0.9920495310398794,1.0525915204595588,1.0223004874012374,1.0022079807623543,NA,Restaurant,JHDN7CF1C03X5,1.0068352483275742,1.0371924044106091,../../model_fits/finalized_redone_trunc/t2_a1_proportion/vegan/vegan_dishes_count/plots/JHDN7CF1C03X5.png,Plant-based,TRUE,TRUE,Plant-based_inner,Plant-based_innerdark,Plant-based_restwash,1.0068352483275742,1.0371924044106091
vegan,Exposure: Vegan,Form: Count,1.0922528034277066,0.9942753642816603,1.2041381723920013,1.0922528034277066,1.0088632838892584,NA,Restaurant,L69HYJ4Y3TR91,1.0398845327630055,1.1481960681664551,../../model_fits/finalized_redone_trunc/t2_a1_proportion/vegan/vegan_dishes_count/plots/L69HYJ4Y3TR91.png,Plant-based,TRUE,TRUE,Plant-based_inner,Plant-based_innerdark,Plant-based_restwash,1.0398845327630055,1.1481960681664551
vegan,Exposure: Vegan,Form: Count,0.8727125323350268,0.7912044095072672,0.9638324750902261,0.8727125323350268,0.9864773571938896,NA,Restaurant,LBZEEFSBJNB3Z,0.8312398128709589,0.9186299877551313,../../model_fits/finalized_redone_trunc/t2_a1_proportion/vegan/vegan_dishes_count/plots/LBZEEFSBJNB3Z.png,Plant-based,TRUE,TRUE,Plant-based_inner,Plant-based_innerdark,Plant-based_restwash,0.8312398128709589,0.9186299877551313
vegan,Exposure: Vegan,Form: Count,1.0569563765144956,0.8201131388574521,1.3663239331916963,1.0569563765144956,1.0055547140309833,NA,Restaurant,LFZFT3VASXPED,0.9314606136038764,1.2081208216580344,../../model_fits/finalized_redone_trunc/t2_a1_proportion/vegan/vegan_dishes_count/plots/LFZFT3VASXPED.png,Plant-based,TRUE,TRUE,Plant-based_inner,Plant-based_innerdark,Plant-based_restwash,0.9314606136038764,1.2081208216580344
vegan,Exposure: Vegan,Form: Count,1.1651178258823627,0.8667380990988918,1.5778185940425895,1.1651178258823627,1.0153995922853452,NA,Restaurant,LQ5EH4BKGV61T,1.0051263341171928,1.3499360917967795,../../model_fits/finalized_redone_trunc/t2_a1_proportion/vegan/vegan_dishes_count/plots/LQ5EH4BKGV61T.png,Plant-based,TRUE,TRUE,Plant-based_inner,Plant-based_innerdark,Plant-based_restwash,1.0051263341171928,1.3499360917967795
vegan,Exposure: Vegan,Form: Count,0.9592526186170552,0.7864678830523486,1.1433537782200758,0.9592526186170552,0.9958485591543336,NA,Restaurant,S8MT0YGD2KTN9,0.8705578904132669,1.0531433541250237,../../model_fits/finalized_redone_trunc/t2_a1_proportion/vegan/vegan_dishes_count/plots/S8MT0YGD2KTN9.png,Plant-based,TRUE,TRUE,Plant-based_inner,Plant-based_innerdark,Plant-based_restwash,0.8705578904132669,1.0531433541250237
vegan,Exposure: Vegan,Form: Count,0.9737719615207795,0.7141687280605278,1.3371799588801514,0.9737719615207795,0.9973457160075329,NA,Restaurant,SAFK7ND1HR6XS,0.8329911875857544,1.1288548621008005,../../model_fits/finalized_redone_trunc/t2_a1_proportion/vegan/vegan_dishes_count/plots/SAFK7ND1HR6XS.png,Plant-based,TRUE,TRUE,Plant-based_inner,Plant-based_innerdark,Plant-based_restwash,0.8329911875857544,1.1288548621008005
vegan,Exposure: Vegan,Form: Count,1.1381356739556665,1.0057150705592992,1.3047509856849995,1.1381356739556665,1.0130232280862945,NA,Restaurant,V3Q26BHF3SE2H,1.0698143149665327,1.2140841852755044,../../model_fits/finalized_redone_trunc/t2_a1_proportion/vegan/vegan_dishes_count/plots/V3Q26BHF3SE2H.png,Plant-based,TRUE,TRUE,Plant-based_inner,Plant-based_innerdark,Plant-based_restwash,1.0698143149665327,1.2140841852755044
vegan,Exposure: Vegan,Form: Count,0.9918314836306978,0.9719971871057606,1.0128400410213754,0.9918314836306978,0.9991801301271191,NA,Restaurant,W8T41JZK0ZMEP,0.9817382885424293,1.0022688079384547,../../model_fits/finalized_redone_trunc/t2_a1_proportion/vegan/vegan_dishes_count/plots/W8T41JZK0ZMEP.png,Plant-based,TRUE,TRUE,Plant-based_inner,Plant-based_innerdark,Plant-based_restwash,0.9817382885424293,1.0022688079384547
vegan,Exposure: Vegan,Form: Proportion,1.091097886891681,0.8762177082706117,1.3649970828112172,2.391316975612356,1.091097886891681,NA,Restaurant,1SQPTEGYPH0GA,0.9759819090483028,1.2221502517542198,../../model_fits/finalized_redone_trunc/t2_a1_proportion/vegan/vegan_dishes_prop/plots/1SQPTEGYPH0GA.png,Plant-based,TRUE,TRUE,Plant-based_inner,Plant-based_innerdark,Plant-based_restwash,0.9759819090483028,1.2221502517542198
vegan,Exposure: Vegan,Form: Proportion,0.9797501806682644,0.7795206597397928,1.2378089408744388,0.8149923314902161,0.9797501806682644,NA,Restaurant,2HRX9P6HKXA8V,0.8716377818266925,1.1071976634104694,../../model_fits/finalized_redone_trunc/t2_a1_proportion/vegan/vegan_dishes_prop/plots/2HRX9P6HKXA8V.png,Plant-based,TRUE,TRUE,Plant-based_inner,Plant-based_innerdark,Plant-based_restwash,0.8716377818266925,1.1071976634104694
vegan,Exposure: Vegan,Form: Proportion,1.1324166398279842,0.983749374852183,1.3066109284062744,3.4678669200708003,1.1324166398279842,NA,Restaurant,78AY09MVJVTYE,1.054507414240143,1.2160688830200281,../../model_fits/finalized_redone_trunc/t2_a1_proportion/vegan/vegan_dishes_prop/plots/78AY09MVJVTYE.png,Plant-based,TRUE,TRUE,Plant-based_inner,Plant-based_innerdark,Plant-based_restwash,1.054507414240143,1.2160688830200281
vegan,Exposure: Vegan,Form: Proportion,1.056439117694128,0.893591504341363,1.2535508785716118,1.7315886812852148,1.056439117694128,NA,Restaurant,9XKJD8DQTH559,0.9655236097698149,1.149725216902385,../../model_fits/finalized_redone_trunc/t2_a1_proportion/vegan/vegan_dishes_prop/plots/9XKJD8DQTH559.png,Plant-based,TRUE,TRUE,Plant-based_inner,Plant-based_innerdark,Plant-based_restwash,0.9655236097698149,1.149725216902385
vegan,Exposure: Vegan,Form: Proportion,0.995339301420765,0.8149994368280832,1.1999922291024159,0.9543584589246639,0.995339301420765,NA,Restaurant,C0BE4NDSW26QN,0.9041415338965277,1.0924861983297178,../../model_fits/finalized_redone_trunc/t2_a1_proportion/vegan/vegan_dishes_prop/plots/C0BE4NDSW26QN.png,Plant-based,TRUE,TRUE,Plant-based_inner,Plant-based_innerdark,Plant-based_restwash,0.9041415338965277,1.0924861983297178
vegan,Exposure: Vegan,Form: Proportion,1.39630777606381,1.1474278551820105,1.7676624052925727,28.171603428838758,1.39630777606381,NA,Restaurant,CB2KHY1C2G9PT,1.2584591909383025,1.5694855330750672,../../model_fits/finalized_redone_trunc/t2_a1_proportion/vegan/vegan_dishes_prop/plots/CB2KHY1C2G9PT.png,Plant-based,TRUE,TRUE,Plant-based_inner,Plant-based_innerdark,Plant-based_restwash,1.2584591909383025,1.5694855330750672
vegan,Exposure: Vegan,Form: Proportion,1.1384478960074116,0.930647808543134,1.425423760781277,3.6570558092912355,1.1384478960074116,NA,Restaurant,ED5J990H5VAZT,1.022494567538578,1.2650513188278825,../../model_fits/finalized_redone_trunc/t2_a1_proportion/vegan/vegan_dishes_prop/plots/ED5J990H5VAZT.png,Plant-based,TRUE,TRUE,Plant-based_inner,Plant-based_innerdark,Plant-based_restwash,1.022494567538578,1.2650513188278825
vegan,Exposure: Vegan,Form: Proportion,0.894707779833781,0.7805653765216061,1.0202726868079484,0.32870941026084166,0.894707779833781,NA,Restaurant,EMBVNVD207CC6,0.8364869458127348,0.9545288567812469,../../model_fits/finalized_redone_trunc/t2_a1_proportion/vegan/vegan_dishes_prop/plots/EMBVNVD207CC6.png,Plant-based,TRUE,TRUE,Plant-based_inner,Plant-based_innerdark,Plant-based_restwash,0.8364869458127348,0.9545288567812469
vegan,Exposure: Vegan,Form: Proportion,1.0985544854764253,0.947197120241591,1.276779604893695,2.5598588365539925,1.0985544854764253,NA,Restaurant,JHDN7CF1C03X5,1.0187850045529416,1.1863638682143107,../../model_fits/finalized_redone_trunc/t2_a1_proportion/vegan/vegan_dishes_prop/plots/JHDN7CF1C03X5.png,Plant-based,TRUE,TRUE,Plant-based_inner,Plant-based_innerdark,Plant-based_restwash,1.0187850045529416,1.1863638682143107
vegan,Exposure: Vegan,Form: Proportion,1.1482682582114705,0.8565022977510169,1.6014882209033963,3.9850483692584655,1.1482682582114705,NA,Restaurant,L69HYJ4Y3TR91,0.985984203203131,1.351106905376556,../../model_fits/finalized_redone_trunc/t2_a1_proportion/vegan/vegan_dishes_prop/plots/L69HYJ4Y3TR91.png,Plant-based,TRUE,TRUE,Plant-based_inner,Plant-based_innerdark,Plant-based_restwash,0.985984203203131,1.351106905376556
vegan,Exposure: Vegan,Form: Proportion,0.7594695651255353,0.5665181345297248,0.9976792971542874,0.0638415976696543,0.7594695651255353,NA,Restaurant,LBZEEFSBJNB3Z,0.6542207726699598,0.8777486250351904,../../model_fits/finalized_redone_trunc/t2_a1_proportion/vegan/vegan_dishes_prop/plots/LBZEEFSBJNB3Z.png,Plant-based,TRUE,TRUE,Plant-based_inner,Plant-based_innerdark,Plant-based_restwash,0.6542207726699598,0.8777486250351904
vegan,Exposure: Vegan,Form: Proportion,1.0529015373608632,0.6940724110357536,1.6757642635739354,1.674470875252609,1.0529015373608632,NA,Restaurant,LFZFT3VASXPED,0.8496475521635946,1.3126445045395172,../../model_fits/finalized_redone_trunc/t2_a1_proportion/vegan/vegan_dishes_prop/plots/LFZFT3VASXPED.png,Plant-based,TRUE,TRUE,Plant-based_inner,Plant-based_innerdark,Plant-based_restwash,0.8496475521635946,1.3126445045395172
vegan,Exposure: Vegan,Form: Proportion,1.1101212526722257,0.7820557769557778,1.5896972139980463,2.8425241993215487,1.1101212526722257,NA,Restaurant,LQ5EH4BKGV61T,0.9301707138880838,1.3338601712945548,../../model_fits/finalized_redone_trunc/t2_a1_proportion/vegan/vegan_dishes_prop/plots/LQ5EH4BKGV61T.png,Plant-based,TRUE,TRUE,Plant-based_inner,Plant-based_innerdark,Plant-based_restwash,0.9301707138880838,1.3338601712945548
vegan,Exposure: Vegan,Form: Proportion,0.998370728705886,0.6713186949834903,1.450493856921665,0.9838262231655218,0.998370728705886,NA,Restaurant,S8MT0YGD2KTN9,0.8320234768427135,1.197965862981294,../../model_fits/finalized_redone_trunc/t2_a1_proportion/vegan/vegan_dishes_prop/plots/S8MT0YGD2KTN9.png,Plant-based,TRUE,TRUE,Plant-based_inner,Plant-based_innerdark,Plant-based_restwash,0.8320234768427135,1.197965862981294
vegan,Exposure: Vegan,Form: Proportion,0.9607034340921207,0.6510149539825923,1.4160640569041734,0.669720250739059,0.9607034340921207,NA,Restaurant,SAFK7ND1HR6XS,0.7917793430864417,1.1678578849044599,../../model_fits/finalized_redone_trunc/t2_a1_proportion/vegan/vegan_dishes_prop/plots/SAFK7ND1HR6XS.png,Plant-based,TRUE,TRUE,Plant-based_inner,Plant-based_innerdark,Plant-based_restwash,0.7917793430864417,1.1678578849044599
vegan,Exposure: Vegan,Form: Proportion,1.2049407010682647,0.992218502832411,1.4946803398773916,6.451441214781983,1.2049407010682647,NA,Restaurant,V3Q26BHF3SE2H,1.0929590097771562,1.3460844393517457,../../model_fits/finalized_redone_trunc/t2_a1_proportion/vegan/vegan_dishes_prop/plots/V3Q26BHF3SE2H.png,Plant-based,TRUE,TRUE,Plant-based_inner,Plant-based_innerdark,Plant-based_restwash,1.0929590097771562,1.3460844393517457
vegan,Exposure: Vegan,Form: Proportion,1.001303203432553,0.8665159721913476,1.150109823372222,1.0131087257893674,1.001303203432553,NA,Restaurant,W8T41JZK0ZMEP,0.9311657961668867,1.0727773282579591,../../model_fits/finalized_redone_trunc/t2_a1_proportion/vegan/vegan_dishes_prop/plots/W8T41JZK0ZMEP.png,Plant-based,TRUE,TRUE,Plant-based_inner,Plant-based_innerdark,Plant-based_restwash,0.9311657961668867,1.0727773282579591
